[1m============================================================[0m
[1m ECCV 2026 Full Pipeline[0m
[1m Plant Disease Recognition + Domain Adaptation + Edge Deploy[0m
[1m============================================================[0m
  Phases:     4 -> 8
  Strategies: hybrid Fuzzy sbert
  Target:     plantdoc
  Server:     http://192.168.1.4:8000
  Log:        logs/pipeline_20260208_154215.log
  Dry run:    false


[1m[0;36m################################################################[0m
[1m[0;36m# PHASE 4: Analysis and Visualization[0m
[1m[0;36m################################################################[0m

[0;32m[STEP 1][0m Extract features baseline (hybrid)
[INFO] device=cuda
[OK] Features saved → results/tsne_features_baseline_hybrid.npz
[0;32m[STEP 2][0m Extract features CORAL (hybrid)
[INFO] device=cuda
[OK] Features saved → results/tsne_features_coral_hybrid.npz
[0;32m[STEP 3][0m Plot t-SNE (hybrid)
[OK] t-SNE figures saved:
 - figures/F3_tsne_baseline_hybrid.png
 - figures/F3_tsne_coral_hybrid.png
[0;32m[STEP 4][0m Extract features baseline (Fuzzy)
[INFO] device=cuda
[OK] Features saved → results/tsne_features_baseline_Fuzzy.npz
[0;32m[STEP 5][0m Extract features CORAL (Fuzzy)
[INFO] device=cuda
[OK] Features saved → results/tsne_features_coral_Fuzzy.npz
[0;32m[STEP 6][0m Plot t-SNE (Fuzzy)
[OK] t-SNE figures saved:
 - figures/F3_tsne_baseline_Fuzzy.png
 - figures/F3_tsne_coral_Fuzzy.png
[0;32m[STEP 7][0m Extract features baseline (sbert)
[INFO] device=cuda
[OK] Features saved → results/tsne_features_baseline_sbert.npz
[0;32m[STEP 8][0m Extract features CORAL (sbert)
[INFO] device=cuda
[OK] Features saved → results/tsne_features_coral_sbert.npz
[0;32m[STEP 9][0m Plot t-SNE (sbert)
[OK] t-SNE figures saved:
 - figures/F3_tsne_baseline_sbert.png
 - figures/F3_tsne_coral_sbert.png
[0;32m[STEP 10][0m Error category shift
[OK] Error shift table saved → results/T4_error_category_shift_hybrid.csv
[0;32m[STEP 11][0m Per-class F1 (hybrid)
[OK] Per-class F1 table saved → results/T6_per_class_f1_hybrid.csv
[0;32m[STEP 12][0m Per-class F1 (Fuzzy)
[OK] Per-class F1 table saved → results/T6_per_class_f1_Fuzzy.csv
[0;32m[STEP 13][0m Per-class F1 (sbert)
[OK] Per-class F1 table saved → results/T6_per_class_f1_sbert.csv
[0;32m[STEP 14][0m Build T7 SOTA
[OK] T7 SOTA table saved → results/T7_sota.csv
[0;32m[STEP 15][0m Build T5 ablation summary
[INFO] Loading λ sweep results...
[INFO] Loading calibration size ablation...
[INFO] Loading backbone ablation...
[INFO] Loading alignment strategy ablation...
[OK] Comprehensive ablation table saved → results/T5_ablation_comprehensive.csv
     Total entries: 16

[1m[0;36m################################################################[0m
[1m[0;36m# PHASE 5: Quantization and TFLite Export[0m
[1m[0;36m################################################################[0m

[0;32m[STEP 16][0m Export ResNet-50 weights (hybrid)
[OK] Torch weights exported → export/resnet50_hybrid_weights.npz
[0;32m[STEP 17][0m Export MobileNetV2 weights (hybrid)
[OK] MobileNetV2 Torch weights exported → export/mobilenetv2_hybrid_weights.npz
[0;32m[STEP 18][0m Export EfficientNet-B3 weights (hybrid)
[OK] EfficientNet-B3 Torch weights exported -> export/efficientnet_hybrid_weights.npz
     num_classes = 18
     keys = 574
[0;32m[STEP 19][0m Export ResNet-50 weights (Fuzzy)
[OK] Torch weights exported → export/resnet50_Fuzzy_weights.npz
[0;32m[STEP 20][0m Export MobileNetV2 weights (Fuzzy)
[OK] MobileNetV2 Torch weights exported → export/mobilenetv2_Fuzzy_weights.npz
[0;32m[STEP 21][0m Export EfficientNet-B3 weights (Fuzzy)
[OK] EfficientNet-B3 Torch weights exported -> export/efficientnet_Fuzzy_weights.npz
     num_classes = 16
     keys = 574
[0;32m[STEP 22][0m Export ResNet-50 weights (sbert)
[OK] Torch weights exported → export/resnet50_sbert_weights.npz
[0;32m[STEP 23][0m Export MobileNetV2 weights (sbert)
[OK] MobileNetV2 Torch weights exported → export/mobilenetv2_sbert_weights.npz
[0;32m[STEP 24][0m Export EfficientNet-B3 weights (sbert)
[OK] EfficientNet-B3 Torch weights exported -> export/efficientnet_sbert_weights.npz
     num_classes = 15
     keys = 574
[0;32m[STEP 25][0m ResNet-50 SavedModel (hybrid)
2026-02-08 15:44:45.723952: I tensorflow/core/util/port.cc:153] oneDNN custom operations are on. You may see slightly different numerical results due to floating-point round-off errors from different computation orders. To turn them off, set the environment variable `TF_ENABLE_ONEDNN_OPTS=0`.
2026-02-08 15:44:45.752868: I tensorflow/core/platform/cpu_feature_guard.cc:210] This TensorFlow binary is optimized to use available CPU instructions in performance-critical operations.
To enable the following instructions: AVX2 AVX512F AVX512_VNNI AVX512_BF16 FMA, in other operations, rebuild TensorFlow with the appropriate compiler flags.
2026-02-08 15:44:46.434998: I tensorflow/core/util/port.cc:153] oneDNN custom operations are on. You may see slightly different numerical results due to floating-point round-off errors from different computation orders. To turn them off, set the environment variable `TF_ENABLE_ONEDNN_OPTS=0`.
2026-02-08 15:44:47.236011: E external/local_xla/xla/stream_executor/cuda/cuda_platform.cc:51] failed call to cuInit: INTERNAL: CUDA error: Failed call to cuInit: CUDA_ERROR_NO_DEVICE: no CUDA-capable device is detected
2026-02-08 15:44:47.236030: I external/local_xla/xla/stream_executor/cuda/cuda_diagnostics.cc:160] env: CUDA_VISIBLE_DEVICES=""
2026-02-08 15:44:47.236034: I external/local_xla/xla/stream_executor/cuda/cuda_diagnostics.cc:163] CUDA_VISIBLE_DEVICES is set to an empty string - this hides all GPUs from CUDA
2026-02-08 15:44:47.236037: I external/local_xla/xla/stream_executor/cuda/cuda_diagnostics.cc:171] verbose logging is disabled. Rerun with verbose logging (usually --v=1 or --vmodule=cuda_diagnostics=1) to get more diagnostic output from this module
2026-02-08 15:44:47.236040: I external/local_xla/xla/stream_executor/cuda/cuda_diagnostics.cc:176] retrieving CUDA diagnostic information for host: nkolesnikov-ubuntu
2026-02-08 15:44:47.236042: I external/local_xla/xla/stream_executor/cuda/cuda_diagnostics.cc:183] hostname: nkolesnikov-ubuntu
2026-02-08 15:44:47.236124: I external/local_xla/xla/stream_executor/cuda/cuda_diagnostics.cc:190] libcuda reported version is: 590.48.1
2026-02-08 15:44:47.236137: I external/local_xla/xla/stream_executor/cuda/cuda_diagnostics.cc:194] kernel reported version is: 590.48.1
2026-02-08 15:44:47.236139: I external/local_xla/xla/stream_executor/cuda/cuda_diagnostics.cc:284] kernel version seems to match DSO: 590.48.1
[INFO] Building TF SavedModel for ResNet-50 (hybrid)
       Weights: export/resnet50_hybrid_weights.npz
       Classes: 18
[INFO] Transferred 106/106 backbone layers
Saved artifact at 'export/resnet50_tf_hybrid'. The following endpoints are available:

* Endpoint 'serve'
  args_0 (POSITIONAL_ONLY): TensorSpec(shape=(None, 224, 224, 3), dtype=tf.float32, name='input')
Output Type:
  TensorSpec(shape=(None, 18), dtype=tf.float32, name=None)
Captures:
  124387115353680: TensorSpec(shape=(), dtype=tf.resource, name=None)
  124387115354448: TensorSpec(shape=(), dtype=tf.resource, name=None)
  124387115352144: TensorSpec(shape=(), dtype=tf.resource, name=None)
  124387115355216: TensorSpec(shape=(), dtype=tf.resource, name=None)
  124387115355984: TensorSpec(shape=(), dtype=tf.resource, name=None)
  124387115355600: TensorSpec(shape=(), dtype=tf.resource, name=None)
  124387115356944: TensorSpec(shape=(), dtype=tf.resource, name=None)
  124387115358288: TensorSpec(shape=(), dtype=tf.resource, name=None)
  124387115359632: TensorSpec(shape=(), dtype=tf.resource, name=None)
  124387115359824: TensorSpec(shape=(), dtype=tf.resource, name=None)
  124387115358096: TensorSpec(shape=(), dtype=tf.resource, name=None)
  124387115357712: TensorSpec(shape=(), dtype=tf.resource, name=None)
  124387115360208: TensorSpec(shape=(), dtype=tf.resource, name=None)
  124387115360016: TensorSpec(shape=(), dtype=tf.resource, name=None)
  124387115358672: TensorSpec(shape=(), dtype=tf.resource, name=None)
  124387115361168: TensorSpec(shape=(), dtype=tf.resource, name=None)
  124387115360976: TensorSpec(shape=(), dtype=tf.resource, name=None)
  124387115360400: TensorSpec(shape=(), dtype=tf.resource, name=None)
  124387115360784: TensorSpec(shape=(), dtype=tf.resource, name=None)
  124387115357136: TensorSpec(shape=(), dtype=tf.resource, name=None)
  124387115355024: TensorSpec(shape=(), dtype=tf.resource, name=None)
  124387115354832: TensorSpec(shape=(), dtype=tf.resource, name=None)
  124387115357328: TensorSpec(shape=(), dtype=tf.resource, name=None)
  124387115357520: TensorSpec(shape=(), dtype=tf.resource, name=None)
  124387115356752: TensorSpec(shape=(), dtype=tf.resource, name=None)
  124387115353296: TensorSpec(shape=(), dtype=tf.resource, name=None)
  124387115362512: TensorSpec(shape=(), dtype=tf.resource, name=None)
  124387115362704: TensorSpec(shape=(), dtype=tf.resource, name=None)
  124387115361552: TensorSpec(shape=(), dtype=tf.resource, name=None)
  124387115361360: TensorSpec(shape=(), dtype=tf.resource, name=None)
  124387115360592: TensorSpec(shape=(), dtype=tf.resource, name=None)
  124387115358864: TensorSpec(shape=(), dtype=tf.resource, name=None)
  124387115359440: TensorSpec(shape=(), dtype=tf.resource, name=None)
  124387115363856: TensorSpec(shape=(), dtype=tf.resource, name=None)
  124387115363664: TensorSpec(shape=(), dtype=tf.resource, name=None)
  124387115362320: TensorSpec(shape=(), dtype=tf.resource, name=None)
  124387115363472: TensorSpec(shape=(), dtype=tf.resource, name=None)
  124387115362896: TensorSpec(shape=(), dtype=tf.resource, name=None)
  124387115362128: TensorSpec(shape=(), dtype=tf.resource, name=None)
  124387115365008: TensorSpec(shape=(), dtype=tf.resource, name=None)
  124387115364816: TensorSpec(shape=(), dtype=tf.resource, name=None)
  124387115363088: TensorSpec(shape=(), dtype=tf.resource, name=None)
  124387115364624: TensorSpec(shape=(), dtype=tf.resource, name=None)
  124387115364048: TensorSpec(shape=(), dtype=tf.resource, name=None)
  124387115358480: TensorSpec(shape=(), dtype=tf.resource, name=None)
  124387115366160: TensorSpec(shape=(), dtype=tf.resource, name=None)
  124387115365968: TensorSpec(shape=(), dtype=tf.resource, name=None)
  124387115364240: TensorSpec(shape=(), dtype=tf.resource, name=None)
  124387115366544: TensorSpec(shape=(), dtype=tf.resource, name=None)
  124387115366352: TensorSpec(shape=(), dtype=tf.resource, name=None)
  124387115365392: TensorSpec(shape=(), dtype=tf.resource, name=None)
  124387115367504: TensorSpec(shape=(), dtype=tf.resource, name=None)
  124387115367312: TensorSpec(shape=(), dtype=tf.resource, name=None)
  124387115366736: TensorSpec(shape=(), dtype=tf.resource, name=None)
  124387115367888: TensorSpec(shape=(), dtype=tf.resource, name=None)
  124387115368272: TensorSpec(shape=(), dtype=tf.resource, name=None)
  124387115365200: TensorSpec(shape=(), dtype=tf.resource, name=None)
  124387115367696: TensorSpec(shape=(), dtype=tf.resource, name=None)
  124387115363280: TensorSpec(shape=(), dtype=tf.resource, name=None)
  124387115368080: TensorSpec(shape=(), dtype=tf.resource, name=None)
  124387115365776: TensorSpec(shape=(), dtype=tf.resource, name=None)
  124387115367120: TensorSpec(shape=(), dtype=tf.resource, name=None)
  124387089138320: TensorSpec(shape=(), dtype=tf.resource, name=None)
  124387089139280: TensorSpec(shape=(), dtype=tf.resource, name=None)
  124387115364432: TensorSpec(shape=(), dtype=tf.resource, name=None)
  124387089138512: TensorSpec(shape=(), dtype=tf.resource, name=None)
  124387089140048: TensorSpec(shape=(), dtype=tf.resource, name=None)
  124387089139472: TensorSpec(shape=(), dtype=tf.resource, name=None)
  124387089137936: TensorSpec(shape=(), dtype=tf.resource, name=None)
  124387089141584: TensorSpec(shape=(), dtype=tf.resource, name=None)
  124387089141392: TensorSpec(shape=(), dtype=tf.resource, name=None)
  124387089139664: TensorSpec(shape=(), dtype=tf.resource, name=None)
  124387089141200: TensorSpec(shape=(), dtype=tf.resource, name=None)
  124387089140624: TensorSpec(shape=(), dtype=tf.resource, name=None)
  124387089138896: TensorSpec(shape=(), dtype=tf.resource, name=None)
  124387089142736: TensorSpec(shape=(), dtype=tf.resource, name=None)
  124387089142544: TensorSpec(shape=(), dtype=tf.resource, name=None)
  124387089140816: TensorSpec(shape=(), dtype=tf.resource, name=None)
  124387089142352: TensorSpec(shape=(), dtype=tf.resource, name=None)
  124387089141776: TensorSpec(shape=(), dtype=tf.resource, name=None)
  124387089138704: TensorSpec(shape=(), dtype=tf.resource, name=None)
  124387089138128: TensorSpec(shape=(), dtype=tf.resource, name=None)
  124387089139088: TensorSpec(shape=(), dtype=tf.resource, name=None)
  124387089140432: TensorSpec(shape=(), dtype=tf.resource, name=None)
  124387089140240: TensorSpec(shape=(), dtype=tf.resource, name=None)
  124387089137744: TensorSpec(shape=(), dtype=tf.resource, name=None)
  124387089139856: TensorSpec(shape=(), dtype=tf.resource, name=None)
  124387089143888: TensorSpec(shape=(), dtype=tf.resource, name=None)
  124387089143696: TensorSpec(shape=(), dtype=tf.resource, name=None)
  124387089141968: TensorSpec(shape=(), dtype=tf.resource, name=None)
  124387089143504: TensorSpec(shape=(), dtype=tf.resource, name=None)
  124387089142928: TensorSpec(shape=(), dtype=tf.resource, name=None)
  124387089141008: TensorSpec(shape=(), dtype=tf.resource, name=None)
  124387089145040: TensorSpec(shape=(), dtype=tf.resource, name=None)
  124387089144848: TensorSpec(shape=(), dtype=tf.resource, name=None)
  124387089143120: TensorSpec(shape=(), dtype=tf.resource, name=None)
  124387089144656: TensorSpec(shape=(), dtype=tf.resource, name=None)
  124387089144080: TensorSpec(shape=(), dtype=tf.resource, name=None)
  124387089142160: TensorSpec(shape=(), dtype=tf.resource, name=None)
  124387089146192: TensorSpec(shape=(), dtype=tf.resource, name=None)
  124387089146000: TensorSpec(shape=(), dtype=tf.resource, name=None)
  124387089144272: TensorSpec(shape=(), dtype=tf.resource, name=None)
  124387089145808: TensorSpec(shape=(), dtype=tf.resource, name=None)
  124387089145232: TensorSpec(shape=(), dtype=tf.resource, name=None)
  124387089143312: TensorSpec(shape=(), dtype=tf.resource, name=None)
  124387089147344: TensorSpec(shape=(), dtype=tf.resource, name=None)
  124387089147152: TensorSpec(shape=(), dtype=tf.resource, name=None)
  124387089145424: TensorSpec(shape=(), dtype=tf.resource, name=None)
  124387089146960: TensorSpec(shape=(), dtype=tf.resource, name=None)
  124387089146384: TensorSpec(shape=(), dtype=tf.resource, name=None)
  124387089144464: TensorSpec(shape=(), dtype=tf.resource, name=None)
  124387089148496: TensorSpec(shape=(), dtype=tf.resource, name=None)
  124387089148304: TensorSpec(shape=(), dtype=tf.resource, name=None)
  124387089146576: TensorSpec(shape=(), dtype=tf.resource, name=None)
  124387089148112: TensorSpec(shape=(), dtype=tf.resource, name=None)
  124387089147536: TensorSpec(shape=(), dtype=tf.resource, name=None)
  124387089145616: TensorSpec(shape=(), dtype=tf.resource, name=None)
  124387089149648: TensorSpec(shape=(), dtype=tf.resource, name=None)
  124387089149456: TensorSpec(shape=(), dtype=tf.resource, name=None)
  124387089147728: TensorSpec(shape=(), dtype=tf.resource, name=None)
  124387089149264: TensorSpec(shape=(), dtype=tf.resource, name=None)
  124387089148688: TensorSpec(shape=(), dtype=tf.resource, name=None)
  124387089146768: TensorSpec(shape=(), dtype=tf.resource, name=None)
  124387089150800: TensorSpec(shape=(), dtype=tf.resource, name=None)
  124387089150608: TensorSpec(shape=(), dtype=tf.resource, name=None)
  124387089148880: TensorSpec(shape=(), dtype=tf.resource, name=None)
  124387089150416: TensorSpec(shape=(), dtype=tf.resource, name=None)
  124387089149840: TensorSpec(shape=(), dtype=tf.resource, name=None)
  124387089147920: TensorSpec(shape=(), dtype=tf.resource, name=None)
  124387089151952: TensorSpec(shape=(), dtype=tf.resource, name=None)
  124387089151760: TensorSpec(shape=(), dtype=tf.resource, name=None)
  124387089150032: TensorSpec(shape=(), dtype=tf.resource, name=None)
  124387089151568: TensorSpec(shape=(), dtype=tf.resource, name=None)
  124387089150992: TensorSpec(shape=(), dtype=tf.resource, name=None)
  124387089149072: TensorSpec(shape=(), dtype=tf.resource, name=None)
  124387089153104: TensorSpec(shape=(), dtype=tf.resource, name=None)
  124387089152912: TensorSpec(shape=(), dtype=tf.resource, name=None)
  124387089151184: TensorSpec(shape=(), dtype=tf.resource, name=None)
  124387089152720: TensorSpec(shape=(), dtype=tf.resource, name=None)
  124387089153872: TensorSpec(shape=(), dtype=tf.resource, name=None)
  124387089151376: TensorSpec(shape=(), dtype=tf.resource, name=None)
  124387089150224: TensorSpec(shape=(), dtype=tf.resource, name=None)
  124387089153296: TensorSpec(shape=(), dtype=tf.resource, name=None)
  124387089152336: TensorSpec(shape=(), dtype=tf.resource, name=None)
  124387089941328: TensorSpec(shape=(), dtype=tf.resource, name=None)
  124387089940560: TensorSpec(shape=(), dtype=tf.resource, name=None)
  124387089941712: TensorSpec(shape=(), dtype=tf.resource, name=None)
  124387089943056: TensorSpec(shape=(), dtype=tf.resource, name=None)
  124387089942864: TensorSpec(shape=(), dtype=tf.resource, name=None)
  124387089940752: TensorSpec(shape=(), dtype=tf.resource, name=None)
  124387089942672: TensorSpec(shape=(), dtype=tf.resource, name=None)
  124387089942096: TensorSpec(shape=(), dtype=tf.resource, name=None)
  124387089941136: TensorSpec(shape=(), dtype=tf.resource, name=None)
  124387089944208: TensorSpec(shape=(), dtype=tf.resource, name=None)
  124387089944016: TensorSpec(shape=(), dtype=tf.resource, name=None)
  124387089942288: TensorSpec(shape=(), dtype=tf.resource, name=None)
  124387089943824: TensorSpec(shape=(), dtype=tf.resource, name=None)
  124387089943248: TensorSpec(shape=(), dtype=tf.resource, name=None)
  124387089152144: TensorSpec(shape=(), dtype=tf.resource, name=None)
  124387089153680: TensorSpec(shape=(), dtype=tf.resource, name=None)
  124387089940944: TensorSpec(shape=(), dtype=tf.resource, name=None)
  124387089941904: TensorSpec(shape=(), dtype=tf.resource, name=None)
  124387089152528: TensorSpec(shape=(), dtype=tf.resource, name=None)
  124387089153488: TensorSpec(shape=(), dtype=tf.resource, name=None)
  124387089941520: TensorSpec(shape=(), dtype=tf.resource, name=None)
  124387089945360: TensorSpec(shape=(), dtype=tf.resource, name=None)
  124387089945168: TensorSpec(shape=(), dtype=tf.resource, name=None)
  124387089943440: TensorSpec(shape=(), dtype=tf.resource, name=None)
  124387089944976: TensorSpec(shape=(), dtype=tf.resource, name=None)
  124387089944400: TensorSpec(shape=(), dtype=tf.resource, name=None)
  124387089942480: TensorSpec(shape=(), dtype=tf.resource, name=None)
  124387089946512: TensorSpec(shape=(), dtype=tf.resource, name=None)
  124387089946320: TensorSpec(shape=(), dtype=tf.resource, name=None)
  124387089944592: TensorSpec(shape=(), dtype=tf.resource, name=None)
  124387089946128: TensorSpec(shape=(), dtype=tf.resource, name=None)
  124387089945552: TensorSpec(shape=(), dtype=tf.resource, name=None)
  124387089943632: TensorSpec(shape=(), dtype=tf.resource, name=None)
  124387089947664: TensorSpec(shape=(), dtype=tf.resource, name=None)
  124387089947472: TensorSpec(shape=(), dtype=tf.resource, name=None)
  124387089945744: TensorSpec(shape=(), dtype=tf.resource, name=None)
  124387089947280: TensorSpec(shape=(), dtype=tf.resource, name=None)
  124387089946704: TensorSpec(shape=(), dtype=tf.resource, name=None)
  124387089944784: TensorSpec(shape=(), dtype=tf.resource, name=None)
  124387089948816: TensorSpec(shape=(), dtype=tf.resource, name=None)
  124387089948624: TensorSpec(shape=(), dtype=tf.resource, name=None)
  124387089946896: TensorSpec(shape=(), dtype=tf.resource, name=None)
  124387089948432: TensorSpec(shape=(), dtype=tf.resource, name=None)
  124387089947856: TensorSpec(shape=(), dtype=tf.resource, name=None)
  124387089945936: TensorSpec(shape=(), dtype=tf.resource, name=None)
  124387089949968: TensorSpec(shape=(), dtype=tf.resource, name=None)
  124387089949776: TensorSpec(shape=(), dtype=tf.resource, name=None)
  124387089948048: TensorSpec(shape=(), dtype=tf.resource, name=None)
  124387089949584: TensorSpec(shape=(), dtype=tf.resource, name=None)
  124387089949008: TensorSpec(shape=(), dtype=tf.resource, name=None)
  124387089947088: TensorSpec(shape=(), dtype=tf.resource, name=None)
  124387089951120: TensorSpec(shape=(), dtype=tf.resource, name=None)
  124387089950928: TensorSpec(shape=(), dtype=tf.resource, name=None)
  124387089949200: TensorSpec(shape=(), dtype=tf.resource, name=None)
  124387089950736: TensorSpec(shape=(), dtype=tf.resource, name=None)
  124387089950160: TensorSpec(shape=(), dtype=tf.resource, name=None)
  124387089948240: TensorSpec(shape=(), dtype=tf.resource, name=None)
  124387089952272: TensorSpec(shape=(), dtype=tf.resource, name=None)
  124387089952080: TensorSpec(shape=(), dtype=tf.resource, name=None)
  124387089950352: TensorSpec(shape=(), dtype=tf.resource, name=None)
  124387089951888: TensorSpec(shape=(), dtype=tf.resource, name=None)
  124387089951312: TensorSpec(shape=(), dtype=tf.resource, name=None)
  124387089949392: TensorSpec(shape=(), dtype=tf.resource, name=None)
  124387089953424: TensorSpec(shape=(), dtype=tf.resource, name=None)
  124387089953232: TensorSpec(shape=(), dtype=tf.resource, name=None)
  124387089951504: TensorSpec(shape=(), dtype=tf.resource, name=None)
  124387089953040: TensorSpec(shape=(), dtype=tf.resource, name=None)
  124387089952464: TensorSpec(shape=(), dtype=tf.resource, name=None)
  124387089950544: TensorSpec(shape=(), dtype=tf.resource, name=None)
  124387089954576: TensorSpec(shape=(), dtype=tf.resource, name=None)
  124387089954384: TensorSpec(shape=(), dtype=tf.resource, name=None)
  124387089952656: TensorSpec(shape=(), dtype=tf.resource, name=None)
  124387089954192: TensorSpec(shape=(), dtype=tf.resource, name=None)
  124387089953616: TensorSpec(shape=(), dtype=tf.resource, name=None)
  124387089951696: TensorSpec(shape=(), dtype=tf.resource, name=None)
  124387089955728: TensorSpec(shape=(), dtype=tf.resource, name=None)
  124387089955536: TensorSpec(shape=(), dtype=tf.resource, name=None)
  124387089953808: TensorSpec(shape=(), dtype=tf.resource, name=None)
  124387089955344: TensorSpec(shape=(), dtype=tf.resource, name=None)
  124387089954768: TensorSpec(shape=(), dtype=tf.resource, name=None)
  124387089956112: TensorSpec(shape=(), dtype=tf.resource, name=None)
  124387089956304: TensorSpec(shape=(), dtype=tf.resource, name=None)
  124387089956688: TensorSpec(shape=(), dtype=tf.resource, name=None)
  124387089954960: TensorSpec(shape=(), dtype=tf.resource, name=None)
  124387089955152: TensorSpec(shape=(), dtype=tf.resource, name=None)
  124387089952848: TensorSpec(shape=(), dtype=tf.resource, name=None)
  124387089954000: TensorSpec(shape=(), dtype=tf.resource, name=None)
  124387088696528: TensorSpec(shape=(), dtype=tf.resource, name=None)
  124387089955920: TensorSpec(shape=(), dtype=tf.resource, name=None)
  124387089956496: TensorSpec(shape=(), dtype=tf.resource, name=None)
  124387088696144: TensorSpec(shape=(), dtype=tf.resource, name=None)
  124387088695568: TensorSpec(shape=(), dtype=tf.resource, name=None)
  124387088696336: TensorSpec(shape=(), dtype=tf.resource, name=None)
  124387088697680: TensorSpec(shape=(), dtype=tf.resource, name=None)
  124387088697488: TensorSpec(shape=(), dtype=tf.resource, name=None)
  124387088695376: TensorSpec(shape=(), dtype=tf.resource, name=None)
  124387088697296: TensorSpec(shape=(), dtype=tf.resource, name=None)
  124387088696720: TensorSpec(shape=(), dtype=tf.resource, name=None)
  124387088695760: TensorSpec(shape=(), dtype=tf.resource, name=None)
  124387088698832: TensorSpec(shape=(), dtype=tf.resource, name=None)
  124387088698640: TensorSpec(shape=(), dtype=tf.resource, name=None)
  124387088696912: TensorSpec(shape=(), dtype=tf.resource, name=None)
  124387088698448: TensorSpec(shape=(), dtype=tf.resource, name=None)
  124387088697872: TensorSpec(shape=(), dtype=tf.resource, name=None)
  124387088695952: TensorSpec(shape=(), dtype=tf.resource, name=None)
  124387088699984: TensorSpec(shape=(), dtype=tf.resource, name=None)
  124387088699792: TensorSpec(shape=(), dtype=tf.resource, name=None)
  124387088698064: TensorSpec(shape=(), dtype=tf.resource, name=None)
  124387088699600: TensorSpec(shape=(), dtype=tf.resource, name=None)
  124387088699024: TensorSpec(shape=(), dtype=tf.resource, name=None)
  124387088697104: TensorSpec(shape=(), dtype=tf.resource, name=None)
  124387088701136: TensorSpec(shape=(), dtype=tf.resource, name=None)
  124387088700944: TensorSpec(shape=(), dtype=tf.resource, name=None)
  124387088699216: TensorSpec(shape=(), dtype=tf.resource, name=None)
  124387088701904: TensorSpec(shape=(), dtype=tf.resource, name=None)
  124387088701328: TensorSpec(shape=(), dtype=tf.resource, name=None)
  124387088699408: TensorSpec(shape=(), dtype=tf.resource, name=None)
  124387088703440: TensorSpec(shape=(), dtype=tf.resource, name=None)
  124387088703248: TensorSpec(shape=(), dtype=tf.resource, name=None)
  124387088701520: TensorSpec(shape=(), dtype=tf.resource, name=None)
  124387088703056: TensorSpec(shape=(), dtype=tf.resource, name=None)
  124387088702480: TensorSpec(shape=(), dtype=tf.resource, name=None)
  124387088700560: TensorSpec(shape=(), dtype=tf.resource, name=None)
  124387088704592: TensorSpec(shape=(), dtype=tf.resource, name=None)
  124387088704400: TensorSpec(shape=(), dtype=tf.resource, name=None)
  124387088702672: TensorSpec(shape=(), dtype=tf.resource, name=None)
  124387088704208: TensorSpec(shape=(), dtype=tf.resource, name=None)
  124387088703632: TensorSpec(shape=(), dtype=tf.resource, name=None)
  124387088700752: TensorSpec(shape=(), dtype=tf.resource, name=None)
  124387088700176: TensorSpec(shape=(), dtype=tf.resource, name=None)
  124387088698256: TensorSpec(shape=(), dtype=tf.resource, name=None)
  124387088702288: TensorSpec(shape=(), dtype=tf.resource, name=None)
  124387088702096: TensorSpec(shape=(), dtype=tf.resource, name=None)
  124387088700368: TensorSpec(shape=(), dtype=tf.resource, name=None)
  124387088701712: TensorSpec(shape=(), dtype=tf.resource, name=None)
  124387088705744: TensorSpec(shape=(), dtype=tf.resource, name=None)
  124387088705552: TensorSpec(shape=(), dtype=tf.resource, name=None)
  124387088703824: TensorSpec(shape=(), dtype=tf.resource, name=None)
  124387088705360: TensorSpec(shape=(), dtype=tf.resource, name=None)
  124387088704784: TensorSpec(shape=(), dtype=tf.resource, name=None)
  124387088702864: TensorSpec(shape=(), dtype=tf.resource, name=None)
  124387088706896: TensorSpec(shape=(), dtype=tf.resource, name=None)
  124387088706704: TensorSpec(shape=(), dtype=tf.resource, name=None)
  124387088704976: TensorSpec(shape=(), dtype=tf.resource, name=None)
  124387088706512: TensorSpec(shape=(), dtype=tf.resource, name=None)
  124387088705936: TensorSpec(shape=(), dtype=tf.resource, name=None)
  124387088704016: TensorSpec(shape=(), dtype=tf.resource, name=None)
  124387088708048: TensorSpec(shape=(), dtype=tf.resource, name=None)
  124387088707856: TensorSpec(shape=(), dtype=tf.resource, name=None)
  124387088706128: TensorSpec(shape=(), dtype=tf.resource, name=None)
  124387088707664: TensorSpec(shape=(), dtype=tf.resource, name=None)
  124387088707088: TensorSpec(shape=(), dtype=tf.resource, name=None)
  124387088705168: TensorSpec(shape=(), dtype=tf.resource, name=None)
  124387088709200: TensorSpec(shape=(), dtype=tf.resource, name=None)
  124387088709008: TensorSpec(shape=(), dtype=tf.resource, name=None)
  124387088707280: TensorSpec(shape=(), dtype=tf.resource, name=None)
  124387088708816: TensorSpec(shape=(), dtype=tf.resource, name=None)
  124387088708240: TensorSpec(shape=(), dtype=tf.resource, name=None)
  124387088706320: TensorSpec(shape=(), dtype=tf.resource, name=None)
  124387088710352: TensorSpec(shape=(), dtype=tf.resource, name=None)
  124387088710160: TensorSpec(shape=(), dtype=tf.resource, name=None)
  124387088708432: TensorSpec(shape=(), dtype=tf.resource, name=None)
  124387088709968: TensorSpec(shape=(), dtype=tf.resource, name=None)
  124387088709392: TensorSpec(shape=(), dtype=tf.resource, name=None)
  124387088707472: TensorSpec(shape=(), dtype=tf.resource, name=None)
  124387088711120: TensorSpec(shape=(), dtype=tf.resource, name=None)
  124387088711312: TensorSpec(shape=(), dtype=tf.resource, name=None)
  124387088709584: TensorSpec(shape=(), dtype=tf.resource, name=None)
  124387088711504: TensorSpec(shape=(), dtype=tf.resource, name=None)
  124387088708624: TensorSpec(shape=(), dtype=tf.resource, name=None)
  124387088710544: TensorSpec(shape=(), dtype=tf.resource, name=None)
  124387088710928: TensorSpec(shape=(), dtype=tf.resource, name=None)
  124387088709776: TensorSpec(shape=(), dtype=tf.resource, name=None)
  124387088710736: TensorSpec(shape=(), dtype=tf.resource, name=None)
  124387087483728: TensorSpec(shape=(), dtype=tf.resource, name=None)
  124387087484496: TensorSpec(shape=(), dtype=tf.resource, name=None)
[OK] TF SavedModel exported -> export/resnet50_tf_hybrid
[0;32m[STEP 26][0m ResNet-50 FP32 TFLite (hybrid)
2026-02-08 15:44:51.302881: I tensorflow/core/util/port.cc:153] oneDNN custom operations are on. You may see slightly different numerical results due to floating-point round-off errors from different computation orders. To turn them off, set the environment variable `TF_ENABLE_ONEDNN_OPTS=0`.
2026-02-08 15:44:51.333158: I tensorflow/core/platform/cpu_feature_guard.cc:210] This TensorFlow binary is optimized to use available CPU instructions in performance-critical operations.
To enable the following instructions: AVX2 AVX512F AVX512_VNNI AVX512_BF16 FMA, in other operations, rebuild TensorFlow with the appropriate compiler flags.
2026-02-08 15:44:52.071234: I tensorflow/core/util/port.cc:153] oneDNN custom operations are on. You may see slightly different numerical results due to floating-point round-off errors from different computation orders. To turn them off, set the environment variable `TF_ENABLE_ONEDNN_OPTS=0`.
2026-02-08 15:44:53.060519: E external/local_xla/xla/stream_executor/cuda/cuda_platform.cc:51] failed call to cuInit: INTERNAL: CUDA error: Failed call to cuInit: CUDA_ERROR_NO_DEVICE: no CUDA-capable device is detected
2026-02-08 15:44:53.060540: I external/local_xla/xla/stream_executor/cuda/cuda_diagnostics.cc:160] env: CUDA_VISIBLE_DEVICES=""
2026-02-08 15:44:53.060545: I external/local_xla/xla/stream_executor/cuda/cuda_diagnostics.cc:163] CUDA_VISIBLE_DEVICES is set to an empty string - this hides all GPUs from CUDA
2026-02-08 15:44:53.060548: I external/local_xla/xla/stream_executor/cuda/cuda_diagnostics.cc:171] verbose logging is disabled. Rerun with verbose logging (usually --v=1 or --vmodule=cuda_diagnostics=1) to get more diagnostic output from this module
2026-02-08 15:44:53.060552: I external/local_xla/xla/stream_executor/cuda/cuda_diagnostics.cc:176] retrieving CUDA diagnostic information for host: nkolesnikov-ubuntu
2026-02-08 15:44:53.060554: I external/local_xla/xla/stream_executor/cuda/cuda_diagnostics.cc:183] hostname: nkolesnikov-ubuntu
2026-02-08 15:44:53.060694: I external/local_xla/xla/stream_executor/cuda/cuda_diagnostics.cc:190] libcuda reported version is: 590.48.1
2026-02-08 15:44:53.060709: I external/local_xla/xla/stream_executor/cuda/cuda_diagnostics.cc:194] kernel reported version is: 590.48.1
2026-02-08 15:44:53.060711: I external/local_xla/xla/stream_executor/cuda/cuda_diagnostics.cc:284] kernel version seems to match DSO: 590.48.1
WARNING: All log messages before absl::InitializeLog() is called are written to STDERR
W0000 00:00:1770554694.740645  160689 tf_tfl_flatbuffer_helpers.cc:364] Ignored output_format.
W0000 00:00:1770554694.740665  160689 tf_tfl_flatbuffer_helpers.cc:367] Ignored drop_control_dependency.
2026-02-08 15:44:54.740901: I tensorflow/cc/saved_model/reader.cc:83] Reading SavedModel from: export/resnet50_tf_hybrid
2026-02-08 15:44:54.748647: I tensorflow/cc/saved_model/reader.cc:52] Reading meta graph with tags { serve }
2026-02-08 15:44:54.748662: I tensorflow/cc/saved_model/reader.cc:147] Reading SavedModel debug info (if present) from: export/resnet50_tf_hybrid
I0000 00:00:1770554694.815158  160689 mlir_graph_optimization_pass.cc:437] MLIR V1 optimization pass is not enabled
2026-02-08 15:44:54.825571: I tensorflow/cc/saved_model/loader.cc:236] Restoring SavedModel bundle.
2026-02-08 15:44:55.287044: I tensorflow/cc/saved_model/loader.cc:220] Running initialization op on SavedModel bundle at path: export/resnet50_tf_hybrid
2026-02-08 15:44:55.392180: I tensorflow/cc/saved_model/loader.cc:471] SavedModel load for tags { serve }; Status: success: OK. Took 651282 microseconds.
2026-02-08 15:44:55.503958: I tensorflow/compiler/mlir/tensorflow/utils/dump_mlir_util.cc:269] disabling MLIR crash reproducer, set env var `MLIR_CRASH_REPRODUCER_DIRECTORY` to enable.
[INFO] Loading SavedModel from export/resnet50_tf_hybrid
[OK] FP32 TFLite exported → export/model_fp32_hybrid.tflite
[0;32m[STEP 27][0m ResNet-50 INT8 TFLite via SavedModel (hybrid)
2026-02-08 15:44:58.341735: I tensorflow/core/util/port.cc:153] oneDNN custom operations are on. You may see slightly different numerical results due to floating-point round-off errors from different computation orders. To turn them off, set the environment variable `TF_ENABLE_ONEDNN_OPTS=0`.
2026-02-08 15:44:58.371532: I tensorflow/core/platform/cpu_feature_guard.cc:210] This TensorFlow binary is optimized to use available CPU instructions in performance-critical operations.
To enable the following instructions: AVX2 AVX512F AVX512_VNNI AVX512_BF16 FMA, in other operations, rebuild TensorFlow with the appropriate compiler flags.
2026-02-08 15:44:59.132025: I tensorflow/core/util/port.cc:153] oneDNN custom operations are on. You may see slightly different numerical results due to floating-point round-off errors from different computation orders. To turn them off, set the environment variable `TF_ENABLE_ONEDNN_OPTS=0`.
2026-02-08 15:44:59.958657: E external/local_xla/xla/stream_executor/cuda/cuda_platform.cc:51] failed call to cuInit: INTERNAL: CUDA error: Failed call to cuInit: CUDA_ERROR_NO_DEVICE: no CUDA-capable device is detected
2026-02-08 15:44:59.958678: I external/local_xla/xla/stream_executor/cuda/cuda_diagnostics.cc:160] env: CUDA_VISIBLE_DEVICES=""
2026-02-08 15:44:59.958682: I external/local_xla/xla/stream_executor/cuda/cuda_diagnostics.cc:163] CUDA_VISIBLE_DEVICES is set to an empty string - this hides all GPUs from CUDA
2026-02-08 15:44:59.958684: I external/local_xla/xla/stream_executor/cuda/cuda_diagnostics.cc:171] verbose logging is disabled. Rerun with verbose logging (usually --v=1 or --vmodule=cuda_diagnostics=1) to get more diagnostic output from this module
2026-02-08 15:44:59.958688: I external/local_xla/xla/stream_executor/cuda/cuda_diagnostics.cc:176] retrieving CUDA diagnostic information for host: nkolesnikov-ubuntu
2026-02-08 15:44:59.958691: I external/local_xla/xla/stream_executor/cuda/cuda_diagnostics.cc:183] hostname: nkolesnikov-ubuntu
2026-02-08 15:44:59.958777: I external/local_xla/xla/stream_executor/cuda/cuda_diagnostics.cc:190] libcuda reported version is: 590.48.1
2026-02-08 15:44:59.958792: I external/local_xla/xla/stream_executor/cuda/cuda_diagnostics.cc:194] kernel reported version is: 590.48.1
2026-02-08 15:44:59.958793: I external/local_xla/xla/stream_executor/cuda/cuda_diagnostics.cc:284] kernel version seems to match DSO: 590.48.1
WARNING: All log messages before absl::InitializeLog() is called are written to STDERR
W0000 00:00:1770554701.596877  160933 tf_tfl_flatbuffer_helpers.cc:364] Ignored output_format.
W0000 00:00:1770554701.596896  160933 tf_tfl_flatbuffer_helpers.cc:367] Ignored drop_control_dependency.
2026-02-08 15:45:01.597176: I tensorflow/cc/saved_model/reader.cc:83] Reading SavedModel from: export/resnet50_tf_hybrid
2026-02-08 15:45:01.603917: I tensorflow/cc/saved_model/reader.cc:52] Reading meta graph with tags { serve }
2026-02-08 15:45:01.603929: I tensorflow/cc/saved_model/reader.cc:147] Reading SavedModel debug info (if present) from: export/resnet50_tf_hybrid
I0000 00:00:1770554701.659439  160933 mlir_graph_optimization_pass.cc:437] MLIR V1 optimization pass is not enabled
2026-02-08 15:45:01.671649: I tensorflow/cc/saved_model/loader.cc:236] Restoring SavedModel bundle.
2026-02-08 15:45:02.174857: I tensorflow/cc/saved_model/loader.cc:220] Running initialization op on SavedModel bundle at path: export/resnet50_tf_hybrid
2026-02-08 15:45:02.299758: I tensorflow/cc/saved_model/loader.cc:471] SavedModel load for tags { serve }; Status: success: OK. Took 702584 microseconds.
2026-02-08 15:45:02.405725: I tensorflow/compiler/mlir/tensorflow/utils/dump_mlir_util.cc:269] disabling MLIR crash reproducer, set env var `MLIR_CRASH_REPRODUCER_DIRECTORY` to enable.
fully_quantize: 0, inference_type: 6, input_inference_type: INT8, output_inference_type: INT8
2026-02-08 15:47:20.342855: W tensorflow/compiler/mlir/lite/flatbuffer_export.cc:3705] Skipping runtime version metadata in the model. This will be generated by the exporter.
[INFO] Starting PTQ INT8 conversion
[OK] INT8 PTQ TFLite exported → export/model_int8_ptq_hybrid.tflite
[0;32m[STEP 28][0m ResNet-50 SavedModel (Fuzzy)
2026-02-08 15:47:21.460470: I tensorflow/core/util/port.cc:153] oneDNN custom operations are on. You may see slightly different numerical results due to floating-point round-off errors from different computation orders. To turn them off, set the environment variable `TF_ENABLE_ONEDNN_OPTS=0`.
2026-02-08 15:47:21.489115: I tensorflow/core/platform/cpu_feature_guard.cc:210] This TensorFlow binary is optimized to use available CPU instructions in performance-critical operations.
To enable the following instructions: AVX2 AVX512F AVX512_VNNI AVX512_BF16 FMA, in other operations, rebuild TensorFlow with the appropriate compiler flags.
2026-02-08 15:47:22.115308: I tensorflow/core/util/port.cc:153] oneDNN custom operations are on. You may see slightly different numerical results due to floating-point round-off errors from different computation orders. To turn them off, set the environment variable `TF_ENABLE_ONEDNN_OPTS=0`.
2026-02-08 15:47:22.889518: E external/local_xla/xla/stream_executor/cuda/cuda_platform.cc:51] failed call to cuInit: INTERNAL: CUDA error: Failed call to cuInit: CUDA_ERROR_NO_DEVICE: no CUDA-capable device is detected
2026-02-08 15:47:22.889540: I external/local_xla/xla/stream_executor/cuda/cuda_diagnostics.cc:160] env: CUDA_VISIBLE_DEVICES=""
2026-02-08 15:47:22.889544: I external/local_xla/xla/stream_executor/cuda/cuda_diagnostics.cc:163] CUDA_VISIBLE_DEVICES is set to an empty string - this hides all GPUs from CUDA
2026-02-08 15:47:22.889547: I external/local_xla/xla/stream_executor/cuda/cuda_diagnostics.cc:171] verbose logging is disabled. Rerun with verbose logging (usually --v=1 or --vmodule=cuda_diagnostics=1) to get more diagnostic output from this module
2026-02-08 15:47:22.889551: I external/local_xla/xla/stream_executor/cuda/cuda_diagnostics.cc:176] retrieving CUDA diagnostic information for host: nkolesnikov-ubuntu
2026-02-08 15:47:22.889554: I external/local_xla/xla/stream_executor/cuda/cuda_diagnostics.cc:183] hostname: nkolesnikov-ubuntu
2026-02-08 15:47:22.889664: I external/local_xla/xla/stream_executor/cuda/cuda_diagnostics.cc:190] libcuda reported version is: 590.48.1
2026-02-08 15:47:22.889683: I external/local_xla/xla/stream_executor/cuda/cuda_diagnostics.cc:194] kernel reported version is: 590.48.1
2026-02-08 15:47:22.889685: I external/local_xla/xla/stream_executor/cuda/cuda_diagnostics.cc:284] kernel version seems to match DSO: 590.48.1
[INFO] Building TF SavedModel for ResNet-50 (Fuzzy)
       Weights: export/resnet50_Fuzzy_weights.npz
       Classes: 16
[INFO] Transferred 106/106 backbone layers
Saved artifact at 'export/resnet50_tf_Fuzzy'. The following endpoints are available:

* Endpoint 'serve'
  args_0 (POSITIONAL_ONLY): TensorSpec(shape=(None, 224, 224, 3), dtype=tf.float32, name='input')
Output Type:
  TensorSpec(shape=(None, 16), dtype=tf.float32, name=None)
Captures:
  135538307860048: TensorSpec(shape=(), dtype=tf.resource, name=None)
  135538307860816: TensorSpec(shape=(), dtype=tf.resource, name=None)
  135538307858512: TensorSpec(shape=(), dtype=tf.resource, name=None)
  135538307861584: TensorSpec(shape=(), dtype=tf.resource, name=None)
  135538307862352: TensorSpec(shape=(), dtype=tf.resource, name=None)
  135538307861968: TensorSpec(shape=(), dtype=tf.resource, name=None)
  135538307863312: TensorSpec(shape=(), dtype=tf.resource, name=None)
  135538307864656: TensorSpec(shape=(), dtype=tf.resource, name=None)
  135538307866000: TensorSpec(shape=(), dtype=tf.resource, name=None)
  135538307866192: TensorSpec(shape=(), dtype=tf.resource, name=None)
  135538307864464: TensorSpec(shape=(), dtype=tf.resource, name=None)
  135538307864080: TensorSpec(shape=(), dtype=tf.resource, name=None)
  135538307866576: TensorSpec(shape=(), dtype=tf.resource, name=None)
  135538307866384: TensorSpec(shape=(), dtype=tf.resource, name=None)
  135538307865040: TensorSpec(shape=(), dtype=tf.resource, name=None)
  135538307867536: TensorSpec(shape=(), dtype=tf.resource, name=None)
  135538307867344: TensorSpec(shape=(), dtype=tf.resource, name=None)
  135538307866768: TensorSpec(shape=(), dtype=tf.resource, name=None)
  135538307867152: TensorSpec(shape=(), dtype=tf.resource, name=None)
  135538307863504: TensorSpec(shape=(), dtype=tf.resource, name=None)
  135538307861392: TensorSpec(shape=(), dtype=tf.resource, name=None)
  135538307861200: TensorSpec(shape=(), dtype=tf.resource, name=None)
  135538307863696: TensorSpec(shape=(), dtype=tf.resource, name=None)
  135538307863888: TensorSpec(shape=(), dtype=tf.resource, name=None)
  135538307863120: TensorSpec(shape=(), dtype=tf.resource, name=None)
  135538307859664: TensorSpec(shape=(), dtype=tf.resource, name=None)
  135538307868880: TensorSpec(shape=(), dtype=tf.resource, name=None)
  135538307869072: TensorSpec(shape=(), dtype=tf.resource, name=None)
  135538307867920: TensorSpec(shape=(), dtype=tf.resource, name=None)
  135538307867728: TensorSpec(shape=(), dtype=tf.resource, name=None)
  135538307866960: TensorSpec(shape=(), dtype=tf.resource, name=None)
  135538307865232: TensorSpec(shape=(), dtype=tf.resource, name=None)
  135538307865808: TensorSpec(shape=(), dtype=tf.resource, name=None)
  135538307870224: TensorSpec(shape=(), dtype=tf.resource, name=None)
  135538307870032: TensorSpec(shape=(), dtype=tf.resource, name=None)
  135538307868688: TensorSpec(shape=(), dtype=tf.resource, name=None)
  135538307869840: TensorSpec(shape=(), dtype=tf.resource, name=None)
  135538307869264: TensorSpec(shape=(), dtype=tf.resource, name=None)
  135538307868496: TensorSpec(shape=(), dtype=tf.resource, name=None)
  135538307871376: TensorSpec(shape=(), dtype=tf.resource, name=None)
  135538307871184: TensorSpec(shape=(), dtype=tf.resource, name=None)
  135538307869456: TensorSpec(shape=(), dtype=tf.resource, name=None)
  135538307870992: TensorSpec(shape=(), dtype=tf.resource, name=None)
  135538307870416: TensorSpec(shape=(), dtype=tf.resource, name=None)
  135538307864848: TensorSpec(shape=(), dtype=tf.resource, name=None)
  135538307872528: TensorSpec(shape=(), dtype=tf.resource, name=None)
  135538307872336: TensorSpec(shape=(), dtype=tf.resource, name=None)
  135538307870608: TensorSpec(shape=(), dtype=tf.resource, name=None)
  135538307872912: TensorSpec(shape=(), dtype=tf.resource, name=None)
  135538307872720: TensorSpec(shape=(), dtype=tf.resource, name=None)
  135538307871760: TensorSpec(shape=(), dtype=tf.resource, name=None)
  135538307873872: TensorSpec(shape=(), dtype=tf.resource, name=None)
  135538307873680: TensorSpec(shape=(), dtype=tf.resource, name=None)
  135538307873104: TensorSpec(shape=(), dtype=tf.resource, name=None)
  135538307874256: TensorSpec(shape=(), dtype=tf.resource, name=None)
  135538307874640: TensorSpec(shape=(), dtype=tf.resource, name=None)
  135538307871568: TensorSpec(shape=(), dtype=tf.resource, name=None)
  135538307874064: TensorSpec(shape=(), dtype=tf.resource, name=None)
  135538307869648: TensorSpec(shape=(), dtype=tf.resource, name=None)
  135538307874448: TensorSpec(shape=(), dtype=tf.resource, name=None)
  135538307872144: TensorSpec(shape=(), dtype=tf.resource, name=None)
  135538307873488: TensorSpec(shape=(), dtype=tf.resource, name=None)
  135538236703376: TensorSpec(shape=(), dtype=tf.resource, name=None)
  135538236704336: TensorSpec(shape=(), dtype=tf.resource, name=None)
  135538307870800: TensorSpec(shape=(), dtype=tf.resource, name=None)
  135538236703568: TensorSpec(shape=(), dtype=tf.resource, name=None)
  135538236705104: TensorSpec(shape=(), dtype=tf.resource, name=None)
  135538236704528: TensorSpec(shape=(), dtype=tf.resource, name=None)
  135538236702992: TensorSpec(shape=(), dtype=tf.resource, name=None)
  135538236706640: TensorSpec(shape=(), dtype=tf.resource, name=None)
  135538236706448: TensorSpec(shape=(), dtype=tf.resource, name=None)
  135538236704720: TensorSpec(shape=(), dtype=tf.resource, name=None)
  135538236706256: TensorSpec(shape=(), dtype=tf.resource, name=None)
  135538236705680: TensorSpec(shape=(), dtype=tf.resource, name=None)
  135538236703952: TensorSpec(shape=(), dtype=tf.resource, name=None)
  135538236707792: TensorSpec(shape=(), dtype=tf.resource, name=None)
  135538236707600: TensorSpec(shape=(), dtype=tf.resource, name=None)
  135538236705872: TensorSpec(shape=(), dtype=tf.resource, name=None)
  135538236707408: TensorSpec(shape=(), dtype=tf.resource, name=None)
  135538236706832: TensorSpec(shape=(), dtype=tf.resource, name=None)
  135538236703760: TensorSpec(shape=(), dtype=tf.resource, name=None)
  135538236703184: TensorSpec(shape=(), dtype=tf.resource, name=None)
  135538236704144: TensorSpec(shape=(), dtype=tf.resource, name=None)
  135538236705488: TensorSpec(shape=(), dtype=tf.resource, name=None)
  135538236705296: TensorSpec(shape=(), dtype=tf.resource, name=None)
  135538236702800: TensorSpec(shape=(), dtype=tf.resource, name=None)
  135538236704912: TensorSpec(shape=(), dtype=tf.resource, name=None)
  135538236708944: TensorSpec(shape=(), dtype=tf.resource, name=None)
  135538236708752: TensorSpec(shape=(), dtype=tf.resource, name=None)
  135538236707024: TensorSpec(shape=(), dtype=tf.resource, name=None)
  135538236708560: TensorSpec(shape=(), dtype=tf.resource, name=None)
  135538236707984: TensorSpec(shape=(), dtype=tf.resource, name=None)
  135538236706064: TensorSpec(shape=(), dtype=tf.resource, name=None)
  135538236710096: TensorSpec(shape=(), dtype=tf.resource, name=None)
  135538236709904: TensorSpec(shape=(), dtype=tf.resource, name=None)
  135538236708176: TensorSpec(shape=(), dtype=tf.resource, name=None)
  135538236709712: TensorSpec(shape=(), dtype=tf.resource, name=None)
  135538236709136: TensorSpec(shape=(), dtype=tf.resource, name=None)
  135538236707216: TensorSpec(shape=(), dtype=tf.resource, name=None)
  135538236711248: TensorSpec(shape=(), dtype=tf.resource, name=None)
  135538236711056: TensorSpec(shape=(), dtype=tf.resource, name=None)
  135538236709328: TensorSpec(shape=(), dtype=tf.resource, name=None)
  135538236710864: TensorSpec(shape=(), dtype=tf.resource, name=None)
  135538236710288: TensorSpec(shape=(), dtype=tf.resource, name=None)
  135538236708368: TensorSpec(shape=(), dtype=tf.resource, name=None)
  135538236712400: TensorSpec(shape=(), dtype=tf.resource, name=None)
  135538236712208: TensorSpec(shape=(), dtype=tf.resource, name=None)
  135538236710480: TensorSpec(shape=(), dtype=tf.resource, name=None)
  135538236712016: TensorSpec(shape=(), dtype=tf.resource, name=None)
  135538236711440: TensorSpec(shape=(), dtype=tf.resource, name=None)
  135538236709520: TensorSpec(shape=(), dtype=tf.resource, name=None)
  135538236713552: TensorSpec(shape=(), dtype=tf.resource, name=None)
  135538236713360: TensorSpec(shape=(), dtype=tf.resource, name=None)
  135538236711632: TensorSpec(shape=(), dtype=tf.resource, name=None)
  135538236713168: TensorSpec(shape=(), dtype=tf.resource, name=None)
  135538236712592: TensorSpec(shape=(), dtype=tf.resource, name=None)
  135538236710672: TensorSpec(shape=(), dtype=tf.resource, name=None)
  135538236714704: TensorSpec(shape=(), dtype=tf.resource, name=None)
  135538236714512: TensorSpec(shape=(), dtype=tf.resource, name=None)
  135538236712784: TensorSpec(shape=(), dtype=tf.resource, name=None)
  135538236714320: TensorSpec(shape=(), dtype=tf.resource, name=None)
  135538236713744: TensorSpec(shape=(), dtype=tf.resource, name=None)
  135538236711824: TensorSpec(shape=(), dtype=tf.resource, name=None)
  135538236715856: TensorSpec(shape=(), dtype=tf.resource, name=None)
  135538236715664: TensorSpec(shape=(), dtype=tf.resource, name=None)
  135538236713936: TensorSpec(shape=(), dtype=tf.resource, name=None)
  135538236715472: TensorSpec(shape=(), dtype=tf.resource, name=None)
  135538236714896: TensorSpec(shape=(), dtype=tf.resource, name=None)
  135538236712976: TensorSpec(shape=(), dtype=tf.resource, name=None)
  135538236717008: TensorSpec(shape=(), dtype=tf.resource, name=None)
  135538236716816: TensorSpec(shape=(), dtype=tf.resource, name=None)
  135538236715088: TensorSpec(shape=(), dtype=tf.resource, name=None)
  135538236716624: TensorSpec(shape=(), dtype=tf.resource, name=None)
  135538236716048: TensorSpec(shape=(), dtype=tf.resource, name=None)
  135538236714128: TensorSpec(shape=(), dtype=tf.resource, name=None)
  135538236718160: TensorSpec(shape=(), dtype=tf.resource, name=None)
  135538236717968: TensorSpec(shape=(), dtype=tf.resource, name=None)
  135538236716240: TensorSpec(shape=(), dtype=tf.resource, name=None)
  135538236717776: TensorSpec(shape=(), dtype=tf.resource, name=None)
  135538236718928: TensorSpec(shape=(), dtype=tf.resource, name=None)
  135538236716432: TensorSpec(shape=(), dtype=tf.resource, name=None)
  135538236715280: TensorSpec(shape=(), dtype=tf.resource, name=None)
  135538236718352: TensorSpec(shape=(), dtype=tf.resource, name=None)
  135538236717392: TensorSpec(shape=(), dtype=tf.resource, name=None)
  135538231246928: TensorSpec(shape=(), dtype=tf.resource, name=None)
  135538231247696: TensorSpec(shape=(), dtype=tf.resource, name=None)
  135538231248272: TensorSpec(shape=(), dtype=tf.resource, name=None)
  135538231249424: TensorSpec(shape=(), dtype=tf.resource, name=None)
  135538231249232: TensorSpec(shape=(), dtype=tf.resource, name=None)
  135538231248080: TensorSpec(shape=(), dtype=tf.resource, name=None)
  135538231249040: TensorSpec(shape=(), dtype=tf.resource, name=None)
  135538231248464: TensorSpec(shape=(), dtype=tf.resource, name=None)
  135538231247504: TensorSpec(shape=(), dtype=tf.resource, name=None)
  135538231250576: TensorSpec(shape=(), dtype=tf.resource, name=None)
  135538231250384: TensorSpec(shape=(), dtype=tf.resource, name=None)
  135538231248656: TensorSpec(shape=(), dtype=tf.resource, name=None)
  135538231250192: TensorSpec(shape=(), dtype=tf.resource, name=None)
  135538231249616: TensorSpec(shape=(), dtype=tf.resource, name=None)
  135538236717200: TensorSpec(shape=(), dtype=tf.resource, name=None)
  135538236718736: TensorSpec(shape=(), dtype=tf.resource, name=None)
  135538231247888: TensorSpec(shape=(), dtype=tf.resource, name=None)
  135538231247312: TensorSpec(shape=(), dtype=tf.resource, name=None)
  135538236717584: TensorSpec(shape=(), dtype=tf.resource, name=None)
  135538236718544: TensorSpec(shape=(), dtype=tf.resource, name=None)
  135538231247120: TensorSpec(shape=(), dtype=tf.resource, name=None)
  135538231251728: TensorSpec(shape=(), dtype=tf.resource, name=None)
  135538231251536: TensorSpec(shape=(), dtype=tf.resource, name=None)
  135538231249808: TensorSpec(shape=(), dtype=tf.resource, name=None)
  135538231251344: TensorSpec(shape=(), dtype=tf.resource, name=None)
  135538231250768: TensorSpec(shape=(), dtype=tf.resource, name=None)
  135538231248848: TensorSpec(shape=(), dtype=tf.resource, name=None)
  135538231252880: TensorSpec(shape=(), dtype=tf.resource, name=None)
  135538231252688: TensorSpec(shape=(), dtype=tf.resource, name=None)
  135538231250960: TensorSpec(shape=(), dtype=tf.resource, name=None)
  135538231252496: TensorSpec(shape=(), dtype=tf.resource, name=None)
  135538231251920: TensorSpec(shape=(), dtype=tf.resource, name=None)
  135538231250000: TensorSpec(shape=(), dtype=tf.resource, name=None)
  135538231254032: TensorSpec(shape=(), dtype=tf.resource, name=None)
  135538231253840: TensorSpec(shape=(), dtype=tf.resource, name=None)
  135538231252112: TensorSpec(shape=(), dtype=tf.resource, name=None)
  135538231253648: TensorSpec(shape=(), dtype=tf.resource, name=None)
  135538231253072: TensorSpec(shape=(), dtype=tf.resource, name=None)
  135538231251152: TensorSpec(shape=(), dtype=tf.resource, name=None)
  135538231255184: TensorSpec(shape=(), dtype=tf.resource, name=None)
  135538231254992: TensorSpec(shape=(), dtype=tf.resource, name=None)
  135538231253264: TensorSpec(shape=(), dtype=tf.resource, name=None)
  135538231254800: TensorSpec(shape=(), dtype=tf.resource, name=None)
  135538231254224: TensorSpec(shape=(), dtype=tf.resource, name=None)
  135538231252304: TensorSpec(shape=(), dtype=tf.resource, name=None)
  135538231256336: TensorSpec(shape=(), dtype=tf.resource, name=None)
  135538231256144: TensorSpec(shape=(), dtype=tf.resource, name=None)
  135538231254416: TensorSpec(shape=(), dtype=tf.resource, name=None)
  135538231255952: TensorSpec(shape=(), dtype=tf.resource, name=None)
  135538231255376: TensorSpec(shape=(), dtype=tf.resource, name=None)
  135538231253456: TensorSpec(shape=(), dtype=tf.resource, name=None)
  135538231257488: TensorSpec(shape=(), dtype=tf.resource, name=None)
  135538231257296: TensorSpec(shape=(), dtype=tf.resource, name=None)
  135538231255568: TensorSpec(shape=(), dtype=tf.resource, name=None)
  135538231257104: TensorSpec(shape=(), dtype=tf.resource, name=None)
  135538231256528: TensorSpec(shape=(), dtype=tf.resource, name=None)
  135538231254608: TensorSpec(shape=(), dtype=tf.resource, name=None)
  135538231258640: TensorSpec(shape=(), dtype=tf.resource, name=None)
  135538231258448: TensorSpec(shape=(), dtype=tf.resource, name=None)
  135538231256720: TensorSpec(shape=(), dtype=tf.resource, name=None)
  135538231258256: TensorSpec(shape=(), dtype=tf.resource, name=None)
  135538231257680: TensorSpec(shape=(), dtype=tf.resource, name=None)
  135538231255760: TensorSpec(shape=(), dtype=tf.resource, name=None)
  135538231259792: TensorSpec(shape=(), dtype=tf.resource, name=None)
  135538231259600: TensorSpec(shape=(), dtype=tf.resource, name=None)
  135538231257872: TensorSpec(shape=(), dtype=tf.resource, name=None)
  135538231259408: TensorSpec(shape=(), dtype=tf.resource, name=None)
  135538231258832: TensorSpec(shape=(), dtype=tf.resource, name=None)
  135538231256912: TensorSpec(shape=(), dtype=tf.resource, name=None)
  135538231260944: TensorSpec(shape=(), dtype=tf.resource, name=None)
  135538231260752: TensorSpec(shape=(), dtype=tf.resource, name=None)
  135538231259024: TensorSpec(shape=(), dtype=tf.resource, name=None)
  135538231260560: TensorSpec(shape=(), dtype=tf.resource, name=None)
  135538231259984: TensorSpec(shape=(), dtype=tf.resource, name=None)
  135538231258064: TensorSpec(shape=(), dtype=tf.resource, name=None)
  135538231262096: TensorSpec(shape=(), dtype=tf.resource, name=None)
  135538231261904: TensorSpec(shape=(), dtype=tf.resource, name=None)
  135538231260176: TensorSpec(shape=(), dtype=tf.resource, name=None)
  135538231261712: TensorSpec(shape=(), dtype=tf.resource, name=None)
  135538231261136: TensorSpec(shape=(), dtype=tf.resource, name=None)
  135538231262480: TensorSpec(shape=(), dtype=tf.resource, name=None)
  135538231262672: TensorSpec(shape=(), dtype=tf.resource, name=None)
  135538231263056: TensorSpec(shape=(), dtype=tf.resource, name=None)
  135538231261328: TensorSpec(shape=(), dtype=tf.resource, name=None)
  135538231261520: TensorSpec(shape=(), dtype=tf.resource, name=None)
  135538231259216: TensorSpec(shape=(), dtype=tf.resource, name=None)
  135538231260368: TensorSpec(shape=(), dtype=tf.resource, name=None)
  135538232050896: TensorSpec(shape=(), dtype=tf.resource, name=None)
  135538231262288: TensorSpec(shape=(), dtype=tf.resource, name=None)
  135538231262864: TensorSpec(shape=(), dtype=tf.resource, name=None)
  135538232050512: TensorSpec(shape=(), dtype=tf.resource, name=None)
  135538232049936: TensorSpec(shape=(), dtype=tf.resource, name=None)
  135538232050704: TensorSpec(shape=(), dtype=tf.resource, name=None)
  135538232052048: TensorSpec(shape=(), dtype=tf.resource, name=None)
  135538232051856: TensorSpec(shape=(), dtype=tf.resource, name=None)
  135538232049744: TensorSpec(shape=(), dtype=tf.resource, name=None)
  135538232051664: TensorSpec(shape=(), dtype=tf.resource, name=None)
  135538232051088: TensorSpec(shape=(), dtype=tf.resource, name=None)
  135538232050128: TensorSpec(shape=(), dtype=tf.resource, name=None)
  135538232053200: TensorSpec(shape=(), dtype=tf.resource, name=None)
  135538232053008: TensorSpec(shape=(), dtype=tf.resource, name=None)
  135538232051280: TensorSpec(shape=(), dtype=tf.resource, name=None)
  135538232052816: TensorSpec(shape=(), dtype=tf.resource, name=None)
  135538232052240: TensorSpec(shape=(), dtype=tf.resource, name=None)
  135538232050320: TensorSpec(shape=(), dtype=tf.resource, name=None)
  135538232054352: TensorSpec(shape=(), dtype=tf.resource, name=None)
  135538232054160: TensorSpec(shape=(), dtype=tf.resource, name=None)
  135538232052432: TensorSpec(shape=(), dtype=tf.resource, name=None)
  135538232053968: TensorSpec(shape=(), dtype=tf.resource, name=None)
  135538232053392: TensorSpec(shape=(), dtype=tf.resource, name=None)
  135538232051472: TensorSpec(shape=(), dtype=tf.resource, name=None)
  135538232055504: TensorSpec(shape=(), dtype=tf.resource, name=None)
  135538232055312: TensorSpec(shape=(), dtype=tf.resource, name=None)
  135538232053584: TensorSpec(shape=(), dtype=tf.resource, name=None)
  135538232056272: TensorSpec(shape=(), dtype=tf.resource, name=None)
  135538232055696: TensorSpec(shape=(), dtype=tf.resource, name=None)
  135538232053776: TensorSpec(shape=(), dtype=tf.resource, name=None)
  135538232057808: TensorSpec(shape=(), dtype=tf.resource, name=None)
  135538232057616: TensorSpec(shape=(), dtype=tf.resource, name=None)
  135538232055888: TensorSpec(shape=(), dtype=tf.resource, name=None)
  135538232057424: TensorSpec(shape=(), dtype=tf.resource, name=None)
  135538232056848: TensorSpec(shape=(), dtype=tf.resource, name=None)
  135538232054928: TensorSpec(shape=(), dtype=tf.resource, name=None)
  135538232058960: TensorSpec(shape=(), dtype=tf.resource, name=None)
  135538232058768: TensorSpec(shape=(), dtype=tf.resource, name=None)
  135538232057040: TensorSpec(shape=(), dtype=tf.resource, name=None)
  135538232058576: TensorSpec(shape=(), dtype=tf.resource, name=None)
  135538232058000: TensorSpec(shape=(), dtype=tf.resource, name=None)
  135538232055120: TensorSpec(shape=(), dtype=tf.resource, name=None)
  135538232054544: TensorSpec(shape=(), dtype=tf.resource, name=None)
  135538232052624: TensorSpec(shape=(), dtype=tf.resource, name=None)
  135538232056656: TensorSpec(shape=(), dtype=tf.resource, name=None)
  135538232056464: TensorSpec(shape=(), dtype=tf.resource, name=None)
  135538232054736: TensorSpec(shape=(), dtype=tf.resource, name=None)
  135538232056080: TensorSpec(shape=(), dtype=tf.resource, name=None)
  135538232060112: TensorSpec(shape=(), dtype=tf.resource, name=None)
  135538232059920: TensorSpec(shape=(), dtype=tf.resource, name=None)
  135538232058192: TensorSpec(shape=(), dtype=tf.resource, name=None)
  135538232059728: TensorSpec(shape=(), dtype=tf.resource, name=None)
  135538232059152: TensorSpec(shape=(), dtype=tf.resource, name=None)
  135538232057232: TensorSpec(shape=(), dtype=tf.resource, name=None)
  135538232061264: TensorSpec(shape=(), dtype=tf.resource, name=None)
  135538232061072: TensorSpec(shape=(), dtype=tf.resource, name=None)
  135538232059344: TensorSpec(shape=(), dtype=tf.resource, name=None)
  135538232060880: TensorSpec(shape=(), dtype=tf.resource, name=None)
  135538232060304: TensorSpec(shape=(), dtype=tf.resource, name=None)
  135538232058384: TensorSpec(shape=(), dtype=tf.resource, name=None)
  135538232062416: TensorSpec(shape=(), dtype=tf.resource, name=None)
  135538232062224: TensorSpec(shape=(), dtype=tf.resource, name=None)
  135538232060496: TensorSpec(shape=(), dtype=tf.resource, name=None)
  135538232062032: TensorSpec(shape=(), dtype=tf.resource, name=None)
  135538232061456: TensorSpec(shape=(), dtype=tf.resource, name=None)
  135538232059536: TensorSpec(shape=(), dtype=tf.resource, name=None)
  135538232063568: TensorSpec(shape=(), dtype=tf.resource, name=None)
  135538232063376: TensorSpec(shape=(), dtype=tf.resource, name=None)
  135538232061648: TensorSpec(shape=(), dtype=tf.resource, name=None)
  135538232063184: TensorSpec(shape=(), dtype=tf.resource, name=None)
  135538232062608: TensorSpec(shape=(), dtype=tf.resource, name=None)
  135538232060688: TensorSpec(shape=(), dtype=tf.resource, name=None)
  135538232064720: TensorSpec(shape=(), dtype=tf.resource, name=None)
  135538232064528: TensorSpec(shape=(), dtype=tf.resource, name=None)
  135538232062800: TensorSpec(shape=(), dtype=tf.resource, name=None)
  135538232064336: TensorSpec(shape=(), dtype=tf.resource, name=None)
  135538232063760: TensorSpec(shape=(), dtype=tf.resource, name=None)
  135538232061840: TensorSpec(shape=(), dtype=tf.resource, name=None)
  135538232065488: TensorSpec(shape=(), dtype=tf.resource, name=None)
  135538232065680: TensorSpec(shape=(), dtype=tf.resource, name=None)
  135538232063952: TensorSpec(shape=(), dtype=tf.resource, name=None)
  135538232065872: TensorSpec(shape=(), dtype=tf.resource, name=None)
  135538232062992: TensorSpec(shape=(), dtype=tf.resource, name=None)
  135538232064912: TensorSpec(shape=(), dtype=tf.resource, name=None)
  135538232065296: TensorSpec(shape=(), dtype=tf.resource, name=None)
  135538232064144: TensorSpec(shape=(), dtype=tf.resource, name=None)
  135538232065104: TensorSpec(shape=(), dtype=tf.resource, name=None)
  135538230838096: TensorSpec(shape=(), dtype=tf.resource, name=None)
  135538230838864: TensorSpec(shape=(), dtype=tf.resource, name=None)
[OK] TF SavedModel exported -> export/resnet50_tf_Fuzzy
[0;32m[STEP 29][0m ResNet-50 FP32 TFLite (Fuzzy)
2026-02-08 15:47:26.700041: I tensorflow/core/util/port.cc:153] oneDNN custom operations are on. You may see slightly different numerical results due to floating-point round-off errors from different computation orders. To turn them off, set the environment variable `TF_ENABLE_ONEDNN_OPTS=0`.
2026-02-08 15:47:26.727682: I tensorflow/core/platform/cpu_feature_guard.cc:210] This TensorFlow binary is optimized to use available CPU instructions in performance-critical operations.
To enable the following instructions: AVX2 AVX512F AVX512_VNNI AVX512_BF16 FMA, in other operations, rebuild TensorFlow with the appropriate compiler flags.
2026-02-08 15:47:27.396362: I tensorflow/core/util/port.cc:153] oneDNN custom operations are on. You may see slightly different numerical results due to floating-point round-off errors from different computation orders. To turn them off, set the environment variable `TF_ENABLE_ONEDNN_OPTS=0`.
2026-02-08 15:47:28.324158: E external/local_xla/xla/stream_executor/cuda/cuda_platform.cc:51] failed call to cuInit: INTERNAL: CUDA error: Failed call to cuInit: CUDA_ERROR_NO_DEVICE: no CUDA-capable device is detected
2026-02-08 15:47:28.324177: I external/local_xla/xla/stream_executor/cuda/cuda_diagnostics.cc:160] env: CUDA_VISIBLE_DEVICES=""
2026-02-08 15:47:28.324180: I external/local_xla/xla/stream_executor/cuda/cuda_diagnostics.cc:163] CUDA_VISIBLE_DEVICES is set to an empty string - this hides all GPUs from CUDA
2026-02-08 15:47:28.324182: I external/local_xla/xla/stream_executor/cuda/cuda_diagnostics.cc:171] verbose logging is disabled. Rerun with verbose logging (usually --v=1 or --vmodule=cuda_diagnostics=1) to get more diagnostic output from this module
2026-02-08 15:47:28.324186: I external/local_xla/xla/stream_executor/cuda/cuda_diagnostics.cc:176] retrieving CUDA diagnostic information for host: nkolesnikov-ubuntu
2026-02-08 15:47:28.324188: I external/local_xla/xla/stream_executor/cuda/cuda_diagnostics.cc:183] hostname: nkolesnikov-ubuntu
2026-02-08 15:47:28.324254: I external/local_xla/xla/stream_executor/cuda/cuda_diagnostics.cc:190] libcuda reported version is: 590.48.1
2026-02-08 15:47:28.324267: I external/local_xla/xla/stream_executor/cuda/cuda_diagnostics.cc:194] kernel reported version is: 590.48.1
2026-02-08 15:47:28.324269: I external/local_xla/xla/stream_executor/cuda/cuda_diagnostics.cc:284] kernel version seems to match DSO: 590.48.1
WARNING: All log messages before absl::InitializeLog() is called are written to STDERR
W0000 00:00:1770554849.967921  163934 tf_tfl_flatbuffer_helpers.cc:364] Ignored output_format.
W0000 00:00:1770554849.967942  163934 tf_tfl_flatbuffer_helpers.cc:367] Ignored drop_control_dependency.
2026-02-08 15:47:29.968173: I tensorflow/cc/saved_model/reader.cc:83] Reading SavedModel from: export/resnet50_tf_Fuzzy
2026-02-08 15:47:29.976218: I tensorflow/cc/saved_model/reader.cc:52] Reading meta graph with tags { serve }
2026-02-08 15:47:29.976234: I tensorflow/cc/saved_model/reader.cc:147] Reading SavedModel debug info (if present) from: export/resnet50_tf_Fuzzy
I0000 00:00:1770554850.037112  163934 mlir_graph_optimization_pass.cc:437] MLIR V1 optimization pass is not enabled
2026-02-08 15:47:30.048249: I tensorflow/cc/saved_model/loader.cc:236] Restoring SavedModel bundle.
2026-02-08 15:47:30.478318: I tensorflow/cc/saved_model/loader.cc:220] Running initialization op on SavedModel bundle at path: export/resnet50_tf_Fuzzy
2026-02-08 15:47:30.575267: I tensorflow/cc/saved_model/loader.cc:471] SavedModel load for tags { serve }; Status: success: OK. Took 607096 microseconds.
2026-02-08 15:47:30.681088: I tensorflow/compiler/mlir/tensorflow/utils/dump_mlir_util.cc:269] disabling MLIR crash reproducer, set env var `MLIR_CRASH_REPRODUCER_DIRECTORY` to enable.
[INFO] Loading SavedModel from export/resnet50_tf_Fuzzy
[OK] FP32 TFLite exported → export/model_fp32_Fuzzy.tflite
[0;32m[STEP 30][0m ResNet-50 INT8 TFLite via SavedModel (Fuzzy)
2026-02-08 15:47:33.441306: I tensorflow/core/util/port.cc:153] oneDNN custom operations are on. You may see slightly different numerical results due to floating-point round-off errors from different computation orders. To turn them off, set the environment variable `TF_ENABLE_ONEDNN_OPTS=0`.
2026-02-08 15:47:33.469748: I tensorflow/core/platform/cpu_feature_guard.cc:210] This TensorFlow binary is optimized to use available CPU instructions in performance-critical operations.
To enable the following instructions: AVX2 AVX512F AVX512_VNNI AVX512_BF16 FMA, in other operations, rebuild TensorFlow with the appropriate compiler flags.
2026-02-08 15:47:34.208843: I tensorflow/core/util/port.cc:153] oneDNN custom operations are on. You may see slightly different numerical results due to floating-point round-off errors from different computation orders. To turn them off, set the environment variable `TF_ENABLE_ONEDNN_OPTS=0`.
2026-02-08 15:47:35.062102: E external/local_xla/xla/stream_executor/cuda/cuda_platform.cc:51] failed call to cuInit: INTERNAL: CUDA error: Failed call to cuInit: CUDA_ERROR_NO_DEVICE: no CUDA-capable device is detected
2026-02-08 15:47:35.062133: I external/local_xla/xla/stream_executor/cuda/cuda_diagnostics.cc:160] env: CUDA_VISIBLE_DEVICES=""
2026-02-08 15:47:35.062139: I external/local_xla/xla/stream_executor/cuda/cuda_diagnostics.cc:163] CUDA_VISIBLE_DEVICES is set to an empty string - this hides all GPUs from CUDA
2026-02-08 15:47:35.062143: I external/local_xla/xla/stream_executor/cuda/cuda_diagnostics.cc:171] verbose logging is disabled. Rerun with verbose logging (usually --v=1 or --vmodule=cuda_diagnostics=1) to get more diagnostic output from this module
2026-02-08 15:47:35.062148: I external/local_xla/xla/stream_executor/cuda/cuda_diagnostics.cc:176] retrieving CUDA diagnostic information for host: nkolesnikov-ubuntu
2026-02-08 15:47:35.062152: I external/local_xla/xla/stream_executor/cuda/cuda_diagnostics.cc:183] hostname: nkolesnikov-ubuntu
2026-02-08 15:47:35.062308: I external/local_xla/xla/stream_executor/cuda/cuda_diagnostics.cc:190] libcuda reported version is: 590.48.1
2026-02-08 15:47:35.062327: I external/local_xla/xla/stream_executor/cuda/cuda_diagnostics.cc:194] kernel reported version is: 590.48.1
2026-02-08 15:47:35.062329: I external/local_xla/xla/stream_executor/cuda/cuda_diagnostics.cc:284] kernel version seems to match DSO: 590.48.1
WARNING: All log messages before absl::InitializeLog() is called are written to STDERR
W0000 00:00:1770554856.720626  164155 tf_tfl_flatbuffer_helpers.cc:364] Ignored output_format.
W0000 00:00:1770554856.720644  164155 tf_tfl_flatbuffer_helpers.cc:367] Ignored drop_control_dependency.
2026-02-08 15:47:36.720915: I tensorflow/cc/saved_model/reader.cc:83] Reading SavedModel from: export/resnet50_tf_Fuzzy
2026-02-08 15:47:36.727254: I tensorflow/cc/saved_model/reader.cc:52] Reading meta graph with tags { serve }
2026-02-08 15:47:36.727268: I tensorflow/cc/saved_model/reader.cc:147] Reading SavedModel debug info (if present) from: export/resnet50_tf_Fuzzy
I0000 00:00:1770554856.779967  164155 mlir_graph_optimization_pass.cc:437] MLIR V1 optimization pass is not enabled
2026-02-08 15:47:36.790778: I tensorflow/cc/saved_model/loader.cc:236] Restoring SavedModel bundle.
2026-02-08 15:47:37.248703: I tensorflow/cc/saved_model/loader.cc:220] Running initialization op on SavedModel bundle at path: export/resnet50_tf_Fuzzy
2026-02-08 15:47:37.356957: I tensorflow/cc/saved_model/loader.cc:471] SavedModel load for tags { serve }; Status: success: OK. Took 636044 microseconds.
2026-02-08 15:47:37.458505: I tensorflow/compiler/mlir/tensorflow/utils/dump_mlir_util.cc:269] disabling MLIR crash reproducer, set env var `MLIR_CRASH_REPRODUCER_DIRECTORY` to enable.
fully_quantize: 0, inference_type: 6, input_inference_type: INT8, output_inference_type: INT8
2026-02-08 15:49:57.258014: W tensorflow/compiler/mlir/lite/flatbuffer_export.cc:3705] Skipping runtime version metadata in the model. This will be generated by the exporter.
[INFO] Starting PTQ INT8 conversion
[OK] INT8 PTQ TFLite exported → export/model_int8_ptq_Fuzzy.tflite
[0;32m[STEP 31][0m ResNet-50 SavedModel (sbert)
2026-02-08 15:49:58.434006: I tensorflow/core/util/port.cc:153] oneDNN custom operations are on. You may see slightly different numerical results due to floating-point round-off errors from different computation orders. To turn them off, set the environment variable `TF_ENABLE_ONEDNN_OPTS=0`.
2026-02-08 15:49:58.462890: I tensorflow/core/platform/cpu_feature_guard.cc:210] This TensorFlow binary is optimized to use available CPU instructions in performance-critical operations.
To enable the following instructions: AVX2 AVX512F AVX512_VNNI AVX512_BF16 FMA, in other operations, rebuild TensorFlow with the appropriate compiler flags.
2026-02-08 15:49:59.091145: I tensorflow/core/util/port.cc:153] oneDNN custom operations are on. You may see slightly different numerical results due to floating-point round-off errors from different computation orders. To turn them off, set the environment variable `TF_ENABLE_ONEDNN_OPTS=0`.
2026-02-08 15:49:59.873513: E external/local_xla/xla/stream_executor/cuda/cuda_platform.cc:51] failed call to cuInit: INTERNAL: CUDA error: Failed call to cuInit: CUDA_ERROR_NO_DEVICE: no CUDA-capable device is detected
2026-02-08 15:49:59.873535: I external/local_xla/xla/stream_executor/cuda/cuda_diagnostics.cc:160] env: CUDA_VISIBLE_DEVICES=""
2026-02-08 15:49:59.873539: I external/local_xla/xla/stream_executor/cuda/cuda_diagnostics.cc:163] CUDA_VISIBLE_DEVICES is set to an empty string - this hides all GPUs from CUDA
2026-02-08 15:49:59.873542: I external/local_xla/xla/stream_executor/cuda/cuda_diagnostics.cc:171] verbose logging is disabled. Rerun with verbose logging (usually --v=1 or --vmodule=cuda_diagnostics=1) to get more diagnostic output from this module
2026-02-08 15:49:59.873547: I external/local_xla/xla/stream_executor/cuda/cuda_diagnostics.cc:176] retrieving CUDA diagnostic information for host: nkolesnikov-ubuntu
2026-02-08 15:49:59.873550: I external/local_xla/xla/stream_executor/cuda/cuda_diagnostics.cc:183] hostname: nkolesnikov-ubuntu
2026-02-08 15:49:59.873678: I external/local_xla/xla/stream_executor/cuda/cuda_diagnostics.cc:190] libcuda reported version is: 590.48.1
2026-02-08 15:49:59.873695: I external/local_xla/xla/stream_executor/cuda/cuda_diagnostics.cc:194] kernel reported version is: 590.48.1
2026-02-08 15:49:59.873697: I external/local_xla/xla/stream_executor/cuda/cuda_diagnostics.cc:284] kernel version seems to match DSO: 590.48.1
[INFO] Building TF SavedModel for ResNet-50 (sbert)
       Weights: export/resnet50_sbert_weights.npz
       Classes: 15
[INFO] Transferred 106/106 backbone layers
Saved artifact at 'export/resnet50_tf_sbert'. The following endpoints are available:

* Endpoint 'serve'
  args_0 (POSITIONAL_ONLY): TensorSpec(shape=(None, 224, 224, 3), dtype=tf.float32, name='input')
Output Type:
  TensorSpec(shape=(None, 15), dtype=tf.float32, name=None)
Captures:
  133901298533968: TensorSpec(shape=(), dtype=tf.resource, name=None)
  133901298534736: TensorSpec(shape=(), dtype=tf.resource, name=None)
  133901298532432: TensorSpec(shape=(), dtype=tf.resource, name=None)
  133901298535504: TensorSpec(shape=(), dtype=tf.resource, name=None)
  133901298536272: TensorSpec(shape=(), dtype=tf.resource, name=None)
  133901298535888: TensorSpec(shape=(), dtype=tf.resource, name=None)
  133901298537232: TensorSpec(shape=(), dtype=tf.resource, name=None)
  133901298538576: TensorSpec(shape=(), dtype=tf.resource, name=None)
  133901298539920: TensorSpec(shape=(), dtype=tf.resource, name=None)
  133901298540112: TensorSpec(shape=(), dtype=tf.resource, name=None)
  133901298538384: TensorSpec(shape=(), dtype=tf.resource, name=None)
  133901298538000: TensorSpec(shape=(), dtype=tf.resource, name=None)
  133901298540496: TensorSpec(shape=(), dtype=tf.resource, name=None)
  133901298540304: TensorSpec(shape=(), dtype=tf.resource, name=None)
  133901298538960: TensorSpec(shape=(), dtype=tf.resource, name=None)
  133901298541456: TensorSpec(shape=(), dtype=tf.resource, name=None)
  133901298541264: TensorSpec(shape=(), dtype=tf.resource, name=None)
  133901298540688: TensorSpec(shape=(), dtype=tf.resource, name=None)
  133901298541072: TensorSpec(shape=(), dtype=tf.resource, name=None)
  133901298537424: TensorSpec(shape=(), dtype=tf.resource, name=None)
  133901298535312: TensorSpec(shape=(), dtype=tf.resource, name=None)
  133901298535120: TensorSpec(shape=(), dtype=tf.resource, name=None)
  133901298537616: TensorSpec(shape=(), dtype=tf.resource, name=None)
  133901298537808: TensorSpec(shape=(), dtype=tf.resource, name=None)
  133901298537040: TensorSpec(shape=(), dtype=tf.resource, name=None)
  133901298533584: TensorSpec(shape=(), dtype=tf.resource, name=None)
  133901298542800: TensorSpec(shape=(), dtype=tf.resource, name=None)
  133901298542992: TensorSpec(shape=(), dtype=tf.resource, name=None)
  133901298541840: TensorSpec(shape=(), dtype=tf.resource, name=None)
  133901298541648: TensorSpec(shape=(), dtype=tf.resource, name=None)
  133901298540880: TensorSpec(shape=(), dtype=tf.resource, name=None)
  133901298539152: TensorSpec(shape=(), dtype=tf.resource, name=None)
  133901298539728: TensorSpec(shape=(), dtype=tf.resource, name=None)
  133901298544144: TensorSpec(shape=(), dtype=tf.resource, name=None)
  133901298543952: TensorSpec(shape=(), dtype=tf.resource, name=None)
  133901298542608: TensorSpec(shape=(), dtype=tf.resource, name=None)
  133901298543760: TensorSpec(shape=(), dtype=tf.resource, name=None)
  133901298543184: TensorSpec(shape=(), dtype=tf.resource, name=None)
  133901298542416: TensorSpec(shape=(), dtype=tf.resource, name=None)
  133901298545296: TensorSpec(shape=(), dtype=tf.resource, name=None)
  133901298545104: TensorSpec(shape=(), dtype=tf.resource, name=None)
  133901298543376: TensorSpec(shape=(), dtype=tf.resource, name=None)
  133901298544912: TensorSpec(shape=(), dtype=tf.resource, name=None)
  133901298544336: TensorSpec(shape=(), dtype=tf.resource, name=None)
  133901298538768: TensorSpec(shape=(), dtype=tf.resource, name=None)
  133901298546448: TensorSpec(shape=(), dtype=tf.resource, name=None)
  133901298546256: TensorSpec(shape=(), dtype=tf.resource, name=None)
  133901298544528: TensorSpec(shape=(), dtype=tf.resource, name=None)
  133901298546832: TensorSpec(shape=(), dtype=tf.resource, name=None)
  133901298546640: TensorSpec(shape=(), dtype=tf.resource, name=None)
  133901298545680: TensorSpec(shape=(), dtype=tf.resource, name=None)
  133901298547792: TensorSpec(shape=(), dtype=tf.resource, name=None)
  133901298547600: TensorSpec(shape=(), dtype=tf.resource, name=None)
  133901298547024: TensorSpec(shape=(), dtype=tf.resource, name=None)
  133901298548176: TensorSpec(shape=(), dtype=tf.resource, name=None)
  133901298548560: TensorSpec(shape=(), dtype=tf.resource, name=None)
  133901298545488: TensorSpec(shape=(), dtype=tf.resource, name=None)
  133901298547984: TensorSpec(shape=(), dtype=tf.resource, name=None)
  133901298543568: TensorSpec(shape=(), dtype=tf.resource, name=None)
  133901298548368: TensorSpec(shape=(), dtype=tf.resource, name=None)
  133901298546064: TensorSpec(shape=(), dtype=tf.resource, name=None)
  133901298547408: TensorSpec(shape=(), dtype=tf.resource, name=None)
  133901247070864: TensorSpec(shape=(), dtype=tf.resource, name=None)
  133901247071824: TensorSpec(shape=(), dtype=tf.resource, name=None)
  133901298544720: TensorSpec(shape=(), dtype=tf.resource, name=None)
  133901247071056: TensorSpec(shape=(), dtype=tf.resource, name=None)
  133901247072592: TensorSpec(shape=(), dtype=tf.resource, name=None)
  133901247072016: TensorSpec(shape=(), dtype=tf.resource, name=None)
  133901247070480: TensorSpec(shape=(), dtype=tf.resource, name=None)
  133901247074128: TensorSpec(shape=(), dtype=tf.resource, name=None)
  133901247073936: TensorSpec(shape=(), dtype=tf.resource, name=None)
  133901247072208: TensorSpec(shape=(), dtype=tf.resource, name=None)
  133901247073744: TensorSpec(shape=(), dtype=tf.resource, name=None)
  133901247073168: TensorSpec(shape=(), dtype=tf.resource, name=None)
  133901247071440: TensorSpec(shape=(), dtype=tf.resource, name=None)
  133901247075280: TensorSpec(shape=(), dtype=tf.resource, name=None)
  133901247075088: TensorSpec(shape=(), dtype=tf.resource, name=None)
  133901247073360: TensorSpec(shape=(), dtype=tf.resource, name=None)
  133901247074896: TensorSpec(shape=(), dtype=tf.resource, name=None)
  133901247074320: TensorSpec(shape=(), dtype=tf.resource, name=None)
  133901247071248: TensorSpec(shape=(), dtype=tf.resource, name=None)
  133901247070672: TensorSpec(shape=(), dtype=tf.resource, name=None)
  133901247071632: TensorSpec(shape=(), dtype=tf.resource, name=None)
  133901247072976: TensorSpec(shape=(), dtype=tf.resource, name=None)
  133901247072784: TensorSpec(shape=(), dtype=tf.resource, name=None)
  133901247070288: TensorSpec(shape=(), dtype=tf.resource, name=None)
  133901247072400: TensorSpec(shape=(), dtype=tf.resource, name=None)
  133901247076432: TensorSpec(shape=(), dtype=tf.resource, name=None)
  133901247076240: TensorSpec(shape=(), dtype=tf.resource, name=None)
  133901247074512: TensorSpec(shape=(), dtype=tf.resource, name=None)
  133901247076048: TensorSpec(shape=(), dtype=tf.resource, name=None)
  133901247075472: TensorSpec(shape=(), dtype=tf.resource, name=None)
  133901247073552: TensorSpec(shape=(), dtype=tf.resource, name=None)
  133901247077584: TensorSpec(shape=(), dtype=tf.resource, name=None)
  133901247077392: TensorSpec(shape=(), dtype=tf.resource, name=None)
  133901247075664: TensorSpec(shape=(), dtype=tf.resource, name=None)
  133901247077200: TensorSpec(shape=(), dtype=tf.resource, name=None)
  133901247076624: TensorSpec(shape=(), dtype=tf.resource, name=None)
  133901247074704: TensorSpec(shape=(), dtype=tf.resource, name=None)
  133901247078736: TensorSpec(shape=(), dtype=tf.resource, name=None)
  133901247078544: TensorSpec(shape=(), dtype=tf.resource, name=None)
  133901247076816: TensorSpec(shape=(), dtype=tf.resource, name=None)
  133901247078352: TensorSpec(shape=(), dtype=tf.resource, name=None)
  133901247077776: TensorSpec(shape=(), dtype=tf.resource, name=None)
  133901247075856: TensorSpec(shape=(), dtype=tf.resource, name=None)
  133901247079888: TensorSpec(shape=(), dtype=tf.resource, name=None)
  133901247079696: TensorSpec(shape=(), dtype=tf.resource, name=None)
  133901247077968: TensorSpec(shape=(), dtype=tf.resource, name=None)
  133901247079504: TensorSpec(shape=(), dtype=tf.resource, name=None)
  133901247078928: TensorSpec(shape=(), dtype=tf.resource, name=None)
  133901247077008: TensorSpec(shape=(), dtype=tf.resource, name=None)
  133901247081040: TensorSpec(shape=(), dtype=tf.resource, name=None)
  133901247080848: TensorSpec(shape=(), dtype=tf.resource, name=None)
  133901247079120: TensorSpec(shape=(), dtype=tf.resource, name=None)
  133901247080656: TensorSpec(shape=(), dtype=tf.resource, name=None)
  133901247080080: TensorSpec(shape=(), dtype=tf.resource, name=None)
  133901247078160: TensorSpec(shape=(), dtype=tf.resource, name=None)
  133901247082192: TensorSpec(shape=(), dtype=tf.resource, name=None)
  133901247082000: TensorSpec(shape=(), dtype=tf.resource, name=None)
  133901247080272: TensorSpec(shape=(), dtype=tf.resource, name=None)
  133901247081808: TensorSpec(shape=(), dtype=tf.resource, name=None)
  133901247081232: TensorSpec(shape=(), dtype=tf.resource, name=None)
  133901247079312: TensorSpec(shape=(), dtype=tf.resource, name=None)
  133901247083344: TensorSpec(shape=(), dtype=tf.resource, name=None)
  133901247083152: TensorSpec(shape=(), dtype=tf.resource, name=None)
  133901247081424: TensorSpec(shape=(), dtype=tf.resource, name=None)
  133901247082960: TensorSpec(shape=(), dtype=tf.resource, name=None)
  133901247082384: TensorSpec(shape=(), dtype=tf.resource, name=None)
  133901247080464: TensorSpec(shape=(), dtype=tf.resource, name=None)
  133901247084496: TensorSpec(shape=(), dtype=tf.resource, name=None)
  133901247084304: TensorSpec(shape=(), dtype=tf.resource, name=None)
  133901247082576: TensorSpec(shape=(), dtype=tf.resource, name=None)
  133901247084112: TensorSpec(shape=(), dtype=tf.resource, name=None)
  133901247083536: TensorSpec(shape=(), dtype=tf.resource, name=None)
  133901247081616: TensorSpec(shape=(), dtype=tf.resource, name=None)
  133901247085648: TensorSpec(shape=(), dtype=tf.resource, name=None)
  133901247085456: TensorSpec(shape=(), dtype=tf.resource, name=None)
  133901247083728: TensorSpec(shape=(), dtype=tf.resource, name=None)
  133901247085264: TensorSpec(shape=(), dtype=tf.resource, name=None)
  133901247086416: TensorSpec(shape=(), dtype=tf.resource, name=None)
  133901247083920: TensorSpec(shape=(), dtype=tf.resource, name=None)
  133901247082768: TensorSpec(shape=(), dtype=tf.resource, name=None)
  133901247085840: TensorSpec(shape=(), dtype=tf.resource, name=None)
  133901247084880: TensorSpec(shape=(), dtype=tf.resource, name=None)
  133901245808720: TensorSpec(shape=(), dtype=tf.resource, name=None)
  133901245809296: TensorSpec(shape=(), dtype=tf.resource, name=None)
  133901245809680: TensorSpec(shape=(), dtype=tf.resource, name=None)
  133901245811216: TensorSpec(shape=(), dtype=tf.resource, name=None)
  133901245811024: TensorSpec(shape=(), dtype=tf.resource, name=None)
  133901245809488: TensorSpec(shape=(), dtype=tf.resource, name=None)
  133901245810832: TensorSpec(shape=(), dtype=tf.resource, name=None)
  133901245810256: TensorSpec(shape=(), dtype=tf.resource, name=None)
  133901245809104: TensorSpec(shape=(), dtype=tf.resource, name=None)
  133901245812368: TensorSpec(shape=(), dtype=tf.resource, name=None)
  133901245812176: TensorSpec(shape=(), dtype=tf.resource, name=None)
  133901245810448: TensorSpec(shape=(), dtype=tf.resource, name=None)
  133901245811984: TensorSpec(shape=(), dtype=tf.resource, name=None)
  133901245811408: TensorSpec(shape=(), dtype=tf.resource, name=None)
  133901247084688: TensorSpec(shape=(), dtype=tf.resource, name=None)
  133901247086224: TensorSpec(shape=(), dtype=tf.resource, name=None)
  133901245809872: TensorSpec(shape=(), dtype=tf.resource, name=None)
  133901245810064: TensorSpec(shape=(), dtype=tf.resource, name=None)
  133901247085072: TensorSpec(shape=(), dtype=tf.resource, name=None)
  133901247086032: TensorSpec(shape=(), dtype=tf.resource, name=None)
  133901245808912: TensorSpec(shape=(), dtype=tf.resource, name=None)
  133901245813520: TensorSpec(shape=(), dtype=tf.resource, name=None)
  133901245813328: TensorSpec(shape=(), dtype=tf.resource, name=None)
  133901245811600: TensorSpec(shape=(), dtype=tf.resource, name=None)
  133901245813136: TensorSpec(shape=(), dtype=tf.resource, name=None)
  133901245812560: TensorSpec(shape=(), dtype=tf.resource, name=None)
  133901245810640: TensorSpec(shape=(), dtype=tf.resource, name=None)
  133901245814672: TensorSpec(shape=(), dtype=tf.resource, name=None)
  133901245814480: TensorSpec(shape=(), dtype=tf.resource, name=None)
  133901245812752: TensorSpec(shape=(), dtype=tf.resource, name=None)
  133901245814288: TensorSpec(shape=(), dtype=tf.resource, name=None)
  133901245813712: TensorSpec(shape=(), dtype=tf.resource, name=None)
  133901245811792: TensorSpec(shape=(), dtype=tf.resource, name=None)
  133901245815824: TensorSpec(shape=(), dtype=tf.resource, name=None)
  133901245815632: TensorSpec(shape=(), dtype=tf.resource, name=None)
  133901245813904: TensorSpec(shape=(), dtype=tf.resource, name=None)
  133901245815440: TensorSpec(shape=(), dtype=tf.resource, name=None)
  133901245814864: TensorSpec(shape=(), dtype=tf.resource, name=None)
  133901245812944: TensorSpec(shape=(), dtype=tf.resource, name=None)
  133901245816976: TensorSpec(shape=(), dtype=tf.resource, name=None)
  133901245816784: TensorSpec(shape=(), dtype=tf.resource, name=None)
  133901245815056: TensorSpec(shape=(), dtype=tf.resource, name=None)
  133901245816592: TensorSpec(shape=(), dtype=tf.resource, name=None)
  133901245816016: TensorSpec(shape=(), dtype=tf.resource, name=None)
  133901245814096: TensorSpec(shape=(), dtype=tf.resource, name=None)
  133901245818128: TensorSpec(shape=(), dtype=tf.resource, name=None)
  133901245817936: TensorSpec(shape=(), dtype=tf.resource, name=None)
  133901245816208: TensorSpec(shape=(), dtype=tf.resource, name=None)
  133901245817744: TensorSpec(shape=(), dtype=tf.resource, name=None)
  133901245817168: TensorSpec(shape=(), dtype=tf.resource, name=None)
  133901245815248: TensorSpec(shape=(), dtype=tf.resource, name=None)
  133901245819280: TensorSpec(shape=(), dtype=tf.resource, name=None)
  133901245819088: TensorSpec(shape=(), dtype=tf.resource, name=None)
  133901245817360: TensorSpec(shape=(), dtype=tf.resource, name=None)
  133901245818896: TensorSpec(shape=(), dtype=tf.resource, name=None)
  133901245818320: TensorSpec(shape=(), dtype=tf.resource, name=None)
  133901245816400: TensorSpec(shape=(), dtype=tf.resource, name=None)
  133901245820432: TensorSpec(shape=(), dtype=tf.resource, name=None)
  133901245820240: TensorSpec(shape=(), dtype=tf.resource, name=None)
  133901245818512: TensorSpec(shape=(), dtype=tf.resource, name=None)
  133901245820048: TensorSpec(shape=(), dtype=tf.resource, name=None)
  133901245819472: TensorSpec(shape=(), dtype=tf.resource, name=None)
  133901245817552: TensorSpec(shape=(), dtype=tf.resource, name=None)
  133901245821584: TensorSpec(shape=(), dtype=tf.resource, name=None)
  133901245821392: TensorSpec(shape=(), dtype=tf.resource, name=None)
  133901245819664: TensorSpec(shape=(), dtype=tf.resource, name=None)
  133901245821200: TensorSpec(shape=(), dtype=tf.resource, name=None)
  133901245820624: TensorSpec(shape=(), dtype=tf.resource, name=None)
  133901245818704: TensorSpec(shape=(), dtype=tf.resource, name=None)
  133901245822736: TensorSpec(shape=(), dtype=tf.resource, name=None)
  133901245822544: TensorSpec(shape=(), dtype=tf.resource, name=None)
  133901245820816: TensorSpec(shape=(), dtype=tf.resource, name=None)
  133901245822352: TensorSpec(shape=(), dtype=tf.resource, name=None)
  133901245821776: TensorSpec(shape=(), dtype=tf.resource, name=None)
  133901245819856: TensorSpec(shape=(), dtype=tf.resource, name=None)
  133901245823888: TensorSpec(shape=(), dtype=tf.resource, name=None)
  133901245823696: TensorSpec(shape=(), dtype=tf.resource, name=None)
  133901245821968: TensorSpec(shape=(), dtype=tf.resource, name=None)
  133901245823504: TensorSpec(shape=(), dtype=tf.resource, name=None)
  133901245822928: TensorSpec(shape=(), dtype=tf.resource, name=None)
  133901245824272: TensorSpec(shape=(), dtype=tf.resource, name=None)
  133901245824464: TensorSpec(shape=(), dtype=tf.resource, name=None)
  133901245824848: TensorSpec(shape=(), dtype=tf.resource, name=None)
  133901245823120: TensorSpec(shape=(), dtype=tf.resource, name=None)
  133901245823312: TensorSpec(shape=(), dtype=tf.resource, name=None)
  133901245821008: TensorSpec(shape=(), dtype=tf.resource, name=None)
  133901245822160: TensorSpec(shape=(), dtype=tf.resource, name=None)
  133901246629072: TensorSpec(shape=(), dtype=tf.resource, name=None)
  133901245824080: TensorSpec(shape=(), dtype=tf.resource, name=None)
  133901245824656: TensorSpec(shape=(), dtype=tf.resource, name=None)
  133901246628688: TensorSpec(shape=(), dtype=tf.resource, name=None)
  133901246628112: TensorSpec(shape=(), dtype=tf.resource, name=None)
  133901246628880: TensorSpec(shape=(), dtype=tf.resource, name=None)
  133901246630224: TensorSpec(shape=(), dtype=tf.resource, name=None)
  133901246630032: TensorSpec(shape=(), dtype=tf.resource, name=None)
  133901246627920: TensorSpec(shape=(), dtype=tf.resource, name=None)
  133901246629840: TensorSpec(shape=(), dtype=tf.resource, name=None)
  133901246629264: TensorSpec(shape=(), dtype=tf.resource, name=None)
  133901246628304: TensorSpec(shape=(), dtype=tf.resource, name=None)
  133901246631376: TensorSpec(shape=(), dtype=tf.resource, name=None)
  133901246631184: TensorSpec(shape=(), dtype=tf.resource, name=None)
  133901246629456: TensorSpec(shape=(), dtype=tf.resource, name=None)
  133901246630992: TensorSpec(shape=(), dtype=tf.resource, name=None)
  133901246630416: TensorSpec(shape=(), dtype=tf.resource, name=None)
  133901246628496: TensorSpec(shape=(), dtype=tf.resource, name=None)
  133901246632528: TensorSpec(shape=(), dtype=tf.resource, name=None)
  133901246632336: TensorSpec(shape=(), dtype=tf.resource, name=None)
  133901246630608: TensorSpec(shape=(), dtype=tf.resource, name=None)
  133901246632144: TensorSpec(shape=(), dtype=tf.resource, name=None)
  133901246631568: TensorSpec(shape=(), dtype=tf.resource, name=None)
  133901246629648: TensorSpec(shape=(), dtype=tf.resource, name=None)
  133901246633680: TensorSpec(shape=(), dtype=tf.resource, name=None)
  133901246633488: TensorSpec(shape=(), dtype=tf.resource, name=None)
  133901246631760: TensorSpec(shape=(), dtype=tf.resource, name=None)
  133901246634448: TensorSpec(shape=(), dtype=tf.resource, name=None)
  133901246633872: TensorSpec(shape=(), dtype=tf.resource, name=None)
  133901246631952: TensorSpec(shape=(), dtype=tf.resource, name=None)
  133901246635984: TensorSpec(shape=(), dtype=tf.resource, name=None)
  133901246635792: TensorSpec(shape=(), dtype=tf.resource, name=None)
  133901246634064: TensorSpec(shape=(), dtype=tf.resource, name=None)
  133901246635600: TensorSpec(shape=(), dtype=tf.resource, name=None)
  133901246635024: TensorSpec(shape=(), dtype=tf.resource, name=None)
  133901246633104: TensorSpec(shape=(), dtype=tf.resource, name=None)
  133901246637136: TensorSpec(shape=(), dtype=tf.resource, name=None)
  133901246636944: TensorSpec(shape=(), dtype=tf.resource, name=None)
  133901246635216: TensorSpec(shape=(), dtype=tf.resource, name=None)
  133901246636752: TensorSpec(shape=(), dtype=tf.resource, name=None)
  133901246636176: TensorSpec(shape=(), dtype=tf.resource, name=None)
  133901246633296: TensorSpec(shape=(), dtype=tf.resource, name=None)
  133901246632720: TensorSpec(shape=(), dtype=tf.resource, name=None)
  133901246630800: TensorSpec(shape=(), dtype=tf.resource, name=None)
  133901246634832: TensorSpec(shape=(), dtype=tf.resource, name=None)
  133901246634640: TensorSpec(shape=(), dtype=tf.resource, name=None)
  133901246632912: TensorSpec(shape=(), dtype=tf.resource, name=None)
  133901246634256: TensorSpec(shape=(), dtype=tf.resource, name=None)
  133901246638288: TensorSpec(shape=(), dtype=tf.resource, name=None)
  133901246638096: TensorSpec(shape=(), dtype=tf.resource, name=None)
  133901246636368: TensorSpec(shape=(), dtype=tf.resource, name=None)
  133901246637904: TensorSpec(shape=(), dtype=tf.resource, name=None)
  133901246637328: TensorSpec(shape=(), dtype=tf.resource, name=None)
  133901246635408: TensorSpec(shape=(), dtype=tf.resource, name=None)
  133901246639440: TensorSpec(shape=(), dtype=tf.resource, name=None)
  133901246639248: TensorSpec(shape=(), dtype=tf.resource, name=None)
  133901246637520: TensorSpec(shape=(), dtype=tf.resource, name=None)
  133901246639056: TensorSpec(shape=(), dtype=tf.resource, name=None)
  133901246638480: TensorSpec(shape=(), dtype=tf.resource, name=None)
  133901246636560: TensorSpec(shape=(), dtype=tf.resource, name=None)
  133901246640592: TensorSpec(shape=(), dtype=tf.resource, name=None)
  133901246640400: TensorSpec(shape=(), dtype=tf.resource, name=None)
  133901246638672: TensorSpec(shape=(), dtype=tf.resource, name=None)
  133901246640208: TensorSpec(shape=(), dtype=tf.resource, name=None)
  133901246639632: TensorSpec(shape=(), dtype=tf.resource, name=None)
  133901246637712: TensorSpec(shape=(), dtype=tf.resource, name=None)
  133901246641744: TensorSpec(shape=(), dtype=tf.resource, name=None)
  133901246641552: TensorSpec(shape=(), dtype=tf.resource, name=None)
  133901246639824: TensorSpec(shape=(), dtype=tf.resource, name=None)
  133901246641360: TensorSpec(shape=(), dtype=tf.resource, name=None)
  133901246640784: TensorSpec(shape=(), dtype=tf.resource, name=None)
  133901246638864: TensorSpec(shape=(), dtype=tf.resource, name=None)
  133901246642896: TensorSpec(shape=(), dtype=tf.resource, name=None)
  133901246642704: TensorSpec(shape=(), dtype=tf.resource, name=None)
  133901246640976: TensorSpec(shape=(), dtype=tf.resource, name=None)
  133901246642512: TensorSpec(shape=(), dtype=tf.resource, name=None)
  133901246641936: TensorSpec(shape=(), dtype=tf.resource, name=None)
  133901246640016: TensorSpec(shape=(), dtype=tf.resource, name=None)
  133901246643664: TensorSpec(shape=(), dtype=tf.resource, name=None)
  133901246643856: TensorSpec(shape=(), dtype=tf.resource, name=None)
  133901246642128: TensorSpec(shape=(), dtype=tf.resource, name=None)
  133901246644048: TensorSpec(shape=(), dtype=tf.resource, name=None)
  133901246641168: TensorSpec(shape=(), dtype=tf.resource, name=None)
  133901246643088: TensorSpec(shape=(), dtype=tf.resource, name=None)
  133901246643472: TensorSpec(shape=(), dtype=tf.resource, name=None)
  133901246642320: TensorSpec(shape=(), dtype=tf.resource, name=None)
  133901246643280: TensorSpec(shape=(), dtype=tf.resource, name=None)
  133901245432656: TensorSpec(shape=(), dtype=tf.resource, name=None)
  133901245433424: TensorSpec(shape=(), dtype=tf.resource, name=None)
[OK] TF SavedModel exported -> export/resnet50_tf_sbert
[0;32m[STEP 32][0m ResNet-50 FP32 TFLite (sbert)
2026-02-08 15:50:03.607252: I tensorflow/core/util/port.cc:153] oneDNN custom operations are on. You may see slightly different numerical results due to floating-point round-off errors from different computation orders. To turn them off, set the environment variable `TF_ENABLE_ONEDNN_OPTS=0`.
2026-02-08 15:50:03.634917: I tensorflow/core/platform/cpu_feature_guard.cc:210] This TensorFlow binary is optimized to use available CPU instructions in performance-critical operations.
To enable the following instructions: AVX2 AVX512F AVX512_VNNI AVX512_BF16 FMA, in other operations, rebuild TensorFlow with the appropriate compiler flags.
2026-02-08 15:50:04.342755: I tensorflow/core/util/port.cc:153] oneDNN custom operations are on. You may see slightly different numerical results due to floating-point round-off errors from different computation orders. To turn them off, set the environment variable `TF_ENABLE_ONEDNN_OPTS=0`.
2026-02-08 15:50:05.278936: E external/local_xla/xla/stream_executor/cuda/cuda_platform.cc:51] failed call to cuInit: INTERNAL: CUDA error: Failed call to cuInit: CUDA_ERROR_NO_DEVICE: no CUDA-capable device is detected
2026-02-08 15:50:05.278960: I external/local_xla/xla/stream_executor/cuda/cuda_diagnostics.cc:160] env: CUDA_VISIBLE_DEVICES=""
2026-02-08 15:50:05.278964: I external/local_xla/xla/stream_executor/cuda/cuda_diagnostics.cc:163] CUDA_VISIBLE_DEVICES is set to an empty string - this hides all GPUs from CUDA
2026-02-08 15:50:05.278967: I external/local_xla/xla/stream_executor/cuda/cuda_diagnostics.cc:171] verbose logging is disabled. Rerun with verbose logging (usually --v=1 or --vmodule=cuda_diagnostics=1) to get more diagnostic output from this module
2026-02-08 15:50:05.278971: I external/local_xla/xla/stream_executor/cuda/cuda_diagnostics.cc:176] retrieving CUDA diagnostic information for host: nkolesnikov-ubuntu
2026-02-08 15:50:05.278973: I external/local_xla/xla/stream_executor/cuda/cuda_diagnostics.cc:183] hostname: nkolesnikov-ubuntu
2026-02-08 15:50:05.279113: I external/local_xla/xla/stream_executor/cuda/cuda_diagnostics.cc:190] libcuda reported version is: 590.48.1
2026-02-08 15:50:05.279128: I external/local_xla/xla/stream_executor/cuda/cuda_diagnostics.cc:194] kernel reported version is: 590.48.1
2026-02-08 15:50:05.279131: I external/local_xla/xla/stream_executor/cuda/cuda_diagnostics.cc:284] kernel version seems to match DSO: 590.48.1
WARNING: All log messages before absl::InitializeLog() is called are written to STDERR
W0000 00:00:1770555006.906047  167376 tf_tfl_flatbuffer_helpers.cc:364] Ignored output_format.
W0000 00:00:1770555006.906070  167376 tf_tfl_flatbuffer_helpers.cc:367] Ignored drop_control_dependency.
2026-02-08 15:50:06.906314: I tensorflow/cc/saved_model/reader.cc:83] Reading SavedModel from: export/resnet50_tf_sbert
2026-02-08 15:50:06.914328: I tensorflow/cc/saved_model/reader.cc:52] Reading meta graph with tags { serve }
2026-02-08 15:50:06.914348: I tensorflow/cc/saved_model/reader.cc:147] Reading SavedModel debug info (if present) from: export/resnet50_tf_sbert
I0000 00:00:1770555006.980800  167376 mlir_graph_optimization_pass.cc:437] MLIR V1 optimization pass is not enabled
2026-02-08 15:50:06.995229: I tensorflow/cc/saved_model/loader.cc:236] Restoring SavedModel bundle.
2026-02-08 15:50:07.453571: I tensorflow/cc/saved_model/loader.cc:220] Running initialization op on SavedModel bundle at path: export/resnet50_tf_sbert
2026-02-08 15:50:07.561980: I tensorflow/cc/saved_model/loader.cc:471] SavedModel load for tags { serve }; Status: success: OK. Took 655668 microseconds.
2026-02-08 15:50:07.661264: I tensorflow/compiler/mlir/tensorflow/utils/dump_mlir_util.cc:269] disabling MLIR crash reproducer, set env var `MLIR_CRASH_REPRODUCER_DIRECTORY` to enable.
[INFO] Loading SavedModel from export/resnet50_tf_sbert
[OK] FP32 TFLite exported → export/model_fp32_sbert.tflite
[0;32m[STEP 33][0m ResNet-50 INT8 TFLite via SavedModel (sbert)
2026-02-08 15:50:10.417802: I tensorflow/core/util/port.cc:153] oneDNN custom operations are on. You may see slightly different numerical results due to floating-point round-off errors from different computation orders. To turn them off, set the environment variable `TF_ENABLE_ONEDNN_OPTS=0`.
2026-02-08 15:50:10.445971: I tensorflow/core/platform/cpu_feature_guard.cc:210] This TensorFlow binary is optimized to use available CPU instructions in performance-critical operations.
To enable the following instructions: AVX2 AVX512F AVX512_VNNI AVX512_BF16 FMA, in other operations, rebuild TensorFlow with the appropriate compiler flags.
2026-02-08 15:50:11.107466: I tensorflow/core/util/port.cc:153] oneDNN custom operations are on. You may see slightly different numerical results due to floating-point round-off errors from different computation orders. To turn them off, set the environment variable `TF_ENABLE_ONEDNN_OPTS=0`.
2026-02-08 15:50:11.887071: E external/local_xla/xla/stream_executor/cuda/cuda_platform.cc:51] failed call to cuInit: INTERNAL: CUDA error: Failed call to cuInit: CUDA_ERROR_NO_DEVICE: no CUDA-capable device is detected
2026-02-08 15:50:11.887092: I external/local_xla/xla/stream_executor/cuda/cuda_diagnostics.cc:160] env: CUDA_VISIBLE_DEVICES=""
2026-02-08 15:50:11.887097: I external/local_xla/xla/stream_executor/cuda/cuda_diagnostics.cc:163] CUDA_VISIBLE_DEVICES is set to an empty string - this hides all GPUs from CUDA
2026-02-08 15:50:11.887099: I external/local_xla/xla/stream_executor/cuda/cuda_diagnostics.cc:171] verbose logging is disabled. Rerun with verbose logging (usually --v=1 or --vmodule=cuda_diagnostics=1) to get more diagnostic output from this module
2026-02-08 15:50:11.887103: I external/local_xla/xla/stream_executor/cuda/cuda_diagnostics.cc:176] retrieving CUDA diagnostic information for host: nkolesnikov-ubuntu
2026-02-08 15:50:11.887105: I external/local_xla/xla/stream_executor/cuda/cuda_diagnostics.cc:183] hostname: nkolesnikov-ubuntu
2026-02-08 15:50:11.887212: I external/local_xla/xla/stream_executor/cuda/cuda_diagnostics.cc:190] libcuda reported version is: 590.48.1
2026-02-08 15:50:11.887225: I external/local_xla/xla/stream_executor/cuda/cuda_diagnostics.cc:194] kernel reported version is: 590.48.1
2026-02-08 15:50:11.887227: I external/local_xla/xla/stream_executor/cuda/cuda_diagnostics.cc:284] kernel version seems to match DSO: 590.48.1
WARNING: All log messages before absl::InitializeLog() is called are written to STDERR
W0000 00:00:1770555013.423176  167591 tf_tfl_flatbuffer_helpers.cc:364] Ignored output_format.
W0000 00:00:1770555013.423198  167591 tf_tfl_flatbuffer_helpers.cc:367] Ignored drop_control_dependency.
2026-02-08 15:50:13.423427: I tensorflow/cc/saved_model/reader.cc:83] Reading SavedModel from: export/resnet50_tf_sbert
2026-02-08 15:50:13.429523: I tensorflow/cc/saved_model/reader.cc:52] Reading meta graph with tags { serve }
2026-02-08 15:50:13.429532: I tensorflow/cc/saved_model/reader.cc:147] Reading SavedModel debug info (if present) from: export/resnet50_tf_sbert
I0000 00:00:1770555013.481519  167591 mlir_graph_optimization_pass.cc:437] MLIR V1 optimization pass is not enabled
2026-02-08 15:50:13.492606: I tensorflow/cc/saved_model/loader.cc:236] Restoring SavedModel bundle.
2026-02-08 15:50:13.933851: I tensorflow/cc/saved_model/loader.cc:220] Running initialization op on SavedModel bundle at path: export/resnet50_tf_sbert
2026-02-08 15:50:14.034006: I tensorflow/cc/saved_model/loader.cc:471] SavedModel load for tags { serve }; Status: success: OK. Took 610581 microseconds.
2026-02-08 15:50:14.139753: I tensorflow/compiler/mlir/tensorflow/utils/dump_mlir_util.cc:269] disabling MLIR crash reproducer, set env var `MLIR_CRASH_REPRODUCER_DIRECTORY` to enable.
fully_quantize: 0, inference_type: 6, input_inference_type: INT8, output_inference_type: INT8
2026-02-08 15:52:28.810816: W tensorflow/compiler/mlir/lite/flatbuffer_export.cc:3705] Skipping runtime version metadata in the model. This will be generated by the exporter.
[INFO] Starting PTQ INT8 conversion
[OK] INT8 PTQ TFLite exported → export/model_int8_ptq_sbert.tflite
[0;32m[STEP 34][0m T3 quant eval (hybrid)
2026-02-08 15:52:30.386862: I tensorflow/core/util/port.cc:153] oneDNN custom operations are on. You may see slightly different numerical results due to floating-point round-off errors from different computation orders. To turn them off, set the environment variable `TF_ENABLE_ONEDNN_OPTS=0`.
2026-02-08 15:52:30.415796: I tensorflow/core/platform/cpu_feature_guard.cc:210] This TensorFlow binary is optimized to use available CPU instructions in performance-critical operations.
To enable the following instructions: AVX2 AVX512F AVX512_VNNI AVX512_BF16 FMA, in other operations, rebuild TensorFlow with the appropriate compiler flags.
2026-02-08 15:52:31.123832: I tensorflow/core/util/port.cc:153] oneDNN custom operations are on. You may see slightly different numerical results due to floating-point round-off errors from different computation orders. To turn them off, set the environment variable `TF_ENABLE_ONEDNN_OPTS=0`.
/home/nkolesnikov/.cache/pypoetry/virtualenvs/plant-disease-eccv2026-vTaypfzd-py3.12/lib/python3.12/site-packages/tensorflow/lite/python/interpreter.py:457: UserWarning:     Warning: tf.lite.Interpreter is deprecated and is scheduled for deletion in
    TF 2.20. Please use the LiteRT interpreter from the ai_edge_litert package.
    See the [migration guide](https://ai.google.dev/edge/litert/migration)
    for details.
    
  warnings.warn(_INTERPRETER_DELETION_WARNING)
INFO: Created TensorFlow Lite XNNPACK delegate for CPU.
/home/nkolesnikov/.cache/pypoetry/virtualenvs/plant-disease-eccv2026-vTaypfzd-py3.12/lib/python3.12/site-packages/tensorflow/lite/python/interpreter.py:457: UserWarning:     Warning: tf.lite.Interpreter is deprecated and is scheduled for deletion in
    TF 2.20. Please use the LiteRT interpreter from the ai_edge_litert package.
    See the [migration guide](https://ai.google.dev/edge/litert/migration)
    for details.
    
  warnings.warn(_INTERPRETER_DELETION_WARNING)
/home/nkolesnikov/.cache/pypoetry/virtualenvs/plant-disease-eccv2026-vTaypfzd-py3.12/lib/python3.12/site-packages/tensorflow/lite/python/interpreter.py:457: UserWarning:     Warning: tf.lite.Interpreter is deprecated and is scheduled for deletion in
    TF 2.20. Please use the LiteRT interpreter from the ai_edge_litert package.
    See the [migration guide](https://ai.google.dev/edge/litert/migration)
    for details.
    
  warnings.warn(_INTERPRETER_DELETION_WARNING)
/home/nkolesnikov/.cache/pypoetry/virtualenvs/plant-disease-eccv2026-vTaypfzd-py3.12/lib/python3.12/site-packages/tensorflow/lite/python/interpreter.py:457: UserWarning:     Warning: tf.lite.Interpreter is deprecated and is scheduled for deletion in
    TF 2.20. Please use the LiteRT interpreter from the ai_edge_litert package.
    See the [migration guide](https://ai.google.dev/edge/litert/migration)
    for details.
    
  warnings.warn(_INTERPRETER_DELETION_WARNING)
[INFO] Evaluating PV
[INFO] Evaluating TARGET
[OK] Quantization eval saved → results/T3_quant_fp32_vs_int8_hybrid.csv
[0;32m[STEP 35][0m Plot quant tradeoff (hybrid)
[OK] Figure saved → figures/F4_quant_tradeoff_hybrid.png
[0;32m[STEP 36][0m T3 quant eval (Fuzzy)
2026-02-08 16:00:11.406312: I tensorflow/core/util/port.cc:153] oneDNN custom operations are on. You may see slightly different numerical results due to floating-point round-off errors from different computation orders. To turn them off, set the environment variable `TF_ENABLE_ONEDNN_OPTS=0`.
2026-02-08 16:00:11.436990: I tensorflow/core/platform/cpu_feature_guard.cc:210] This TensorFlow binary is optimized to use available CPU instructions in performance-critical operations.
To enable the following instructions: AVX2 AVX512F AVX512_VNNI AVX512_BF16 FMA, in other operations, rebuild TensorFlow with the appropriate compiler flags.
2026-02-08 16:00:12.269524: I tensorflow/core/util/port.cc:153] oneDNN custom operations are on. You may see slightly different numerical results due to floating-point round-off errors from different computation orders. To turn them off, set the environment variable `TF_ENABLE_ONEDNN_OPTS=0`.
/home/nkolesnikov/.cache/pypoetry/virtualenvs/plant-disease-eccv2026-vTaypfzd-py3.12/lib/python3.12/site-packages/tensorflow/lite/python/interpreter.py:457: UserWarning:     Warning: tf.lite.Interpreter is deprecated and is scheduled for deletion in
    TF 2.20. Please use the LiteRT interpreter from the ai_edge_litert package.
    See the [migration guide](https://ai.google.dev/edge/litert/migration)
    for details.
    
  warnings.warn(_INTERPRETER_DELETION_WARNING)
INFO: Created TensorFlow Lite XNNPACK delegate for CPU.
/home/nkolesnikov/.cache/pypoetry/virtualenvs/plant-disease-eccv2026-vTaypfzd-py3.12/lib/python3.12/site-packages/tensorflow/lite/python/interpreter.py:457: UserWarning:     Warning: tf.lite.Interpreter is deprecated and is scheduled for deletion in
    TF 2.20. Please use the LiteRT interpreter from the ai_edge_litert package.
    See the [migration guide](https://ai.google.dev/edge/litert/migration)
    for details.
    
  warnings.warn(_INTERPRETER_DELETION_WARNING)
/home/nkolesnikov/.cache/pypoetry/virtualenvs/plant-disease-eccv2026-vTaypfzd-py3.12/lib/python3.12/site-packages/tensorflow/lite/python/interpreter.py:457: UserWarning:     Warning: tf.lite.Interpreter is deprecated and is scheduled for deletion in
    TF 2.20. Please use the LiteRT interpreter from the ai_edge_litert package.
    See the [migration guide](https://ai.google.dev/edge/litert/migration)
    for details.
    
  warnings.warn(_INTERPRETER_DELETION_WARNING)
/home/nkolesnikov/.cache/pypoetry/virtualenvs/plant-disease-eccv2026-vTaypfzd-py3.12/lib/python3.12/site-packages/tensorflow/lite/python/interpreter.py:457: UserWarning:     Warning: tf.lite.Interpreter is deprecated and is scheduled for deletion in
    TF 2.20. Please use the LiteRT interpreter from the ai_edge_litert package.
    See the [migration guide](https://ai.google.dev/edge/litert/migration)
    for details.
    
  warnings.warn(_INTERPRETER_DELETION_WARNING)
[INFO] Evaluating PV
[INFO] Evaluating TARGET
[OK] Quantization eval saved → results/T3_quant_fp32_vs_int8_Fuzzy.csv
[0;32m[STEP 37][0m Plot quant tradeoff (Fuzzy)
[OK] Figure saved → figures/F4_quant_tradeoff_Fuzzy.png
[0;32m[STEP 38][0m T3 quant eval (sbert)
2026-02-08 16:07:16.375824: I tensorflow/core/util/port.cc:153] oneDNN custom operations are on. You may see slightly different numerical results due to floating-point round-off errors from different computation orders. To turn them off, set the environment variable `TF_ENABLE_ONEDNN_OPTS=0`.
2026-02-08 16:07:16.405933: I tensorflow/core/platform/cpu_feature_guard.cc:210] This TensorFlow binary is optimized to use available CPU instructions in performance-critical operations.
To enable the following instructions: AVX2 AVX512F AVX512_VNNI AVX512_BF16 FMA, in other operations, rebuild TensorFlow with the appropriate compiler flags.
2026-02-08 16:07:17.147877: I tensorflow/core/util/port.cc:153] oneDNN custom operations are on. You may see slightly different numerical results due to floating-point round-off errors from different computation orders. To turn them off, set the environment variable `TF_ENABLE_ONEDNN_OPTS=0`.
/home/nkolesnikov/.cache/pypoetry/virtualenvs/plant-disease-eccv2026-vTaypfzd-py3.12/lib/python3.12/site-packages/tensorflow/lite/python/interpreter.py:457: UserWarning:     Warning: tf.lite.Interpreter is deprecated and is scheduled for deletion in
    TF 2.20. Please use the LiteRT interpreter from the ai_edge_litert package.
    See the [migration guide](https://ai.google.dev/edge/litert/migration)
    for details.
    
  warnings.warn(_INTERPRETER_DELETION_WARNING)
INFO: Created TensorFlow Lite XNNPACK delegate for CPU.
/home/nkolesnikov/.cache/pypoetry/virtualenvs/plant-disease-eccv2026-vTaypfzd-py3.12/lib/python3.12/site-packages/tensorflow/lite/python/interpreter.py:457: UserWarning:     Warning: tf.lite.Interpreter is deprecated and is scheduled for deletion in
    TF 2.20. Please use the LiteRT interpreter from the ai_edge_litert package.
    See the [migration guide](https://ai.google.dev/edge/litert/migration)
    for details.
    
  warnings.warn(_INTERPRETER_DELETION_WARNING)
/home/nkolesnikov/.cache/pypoetry/virtualenvs/plant-disease-eccv2026-vTaypfzd-py3.12/lib/python3.12/site-packages/tensorflow/lite/python/interpreter.py:457: UserWarning:     Warning: tf.lite.Interpreter is deprecated and is scheduled for deletion in
    TF 2.20. Please use the LiteRT interpreter from the ai_edge_litert package.
    See the [migration guide](https://ai.google.dev/edge/litert/migration)
    for details.
    
  warnings.warn(_INTERPRETER_DELETION_WARNING)
/home/nkolesnikov/.cache/pypoetry/virtualenvs/plant-disease-eccv2026-vTaypfzd-py3.12/lib/python3.12/site-packages/tensorflow/lite/python/interpreter.py:457: UserWarning:     Warning: tf.lite.Interpreter is deprecated and is scheduled for deletion in
    TF 2.20. Please use the LiteRT interpreter from the ai_edge_litert package.
    See the [migration guide](https://ai.google.dev/edge/litert/migration)
    for details.
    
  warnings.warn(_INTERPRETER_DELETION_WARNING)
[INFO] Evaluating PV
[INFO] Evaluating TARGET
[OK] Quantization eval saved → results/T3_quant_fp32_vs_int8_sbert.csv
[0;32m[STEP 39][0m Plot quant tradeoff (sbert)
[OK] Figure saved → figures/F4_quant_tradeoff_sbert.png
[0;32m[STEP 40][0m ResNet-50 INT8 EdgeTPU (hybrid)
2026-02-08 16:13:54.230475: I tensorflow/core/util/port.cc:153] oneDNN custom operations are on. You may see slightly different numerical results due to floating-point round-off errors from different computation orders. To turn them off, set the environment variable `TF_ENABLE_ONEDNN_OPTS=0`.
2026-02-08 16:13:54.259382: I tensorflow/core/platform/cpu_feature_guard.cc:210] This TensorFlow binary is optimized to use available CPU instructions in performance-critical operations.
To enable the following instructions: AVX2 AVX512F AVX512_VNNI AVX512_BF16 FMA, in other operations, rebuild TensorFlow with the appropriate compiler flags.
2026-02-08 16:13:54.996460: I tensorflow/core/util/port.cc:153] oneDNN custom operations are on. You may see slightly different numerical results due to floating-point round-off errors from different computation orders. To turn them off, set the environment variable `TF_ENABLE_ONEDNN_OPTS=0`.
2026-02-08 16:13:55.639392: E external/local_xla/xla/stream_executor/cuda/cuda_platform.cc:51] failed call to cuInit: INTERNAL: CUDA error: Failed call to cuInit: CUDA_ERROR_NO_DEVICE: no CUDA-capable device is detected
2026-02-08 16:13:55.639414: I external/local_xla/xla/stream_executor/cuda/cuda_diagnostics.cc:160] env: CUDA_VISIBLE_DEVICES=""
2026-02-08 16:13:55.639419: I external/local_xla/xla/stream_executor/cuda/cuda_diagnostics.cc:163] CUDA_VISIBLE_DEVICES is set to an empty string - this hides all GPUs from CUDA
2026-02-08 16:13:55.639422: I external/local_xla/xla/stream_executor/cuda/cuda_diagnostics.cc:171] verbose logging is disabled. Rerun with verbose logging (usually --v=1 or --vmodule=cuda_diagnostics=1) to get more diagnostic output from this module
2026-02-08 16:13:55.639427: I external/local_xla/xla/stream_executor/cuda/cuda_diagnostics.cc:176] retrieving CUDA diagnostic information for host: nkolesnikov-ubuntu
2026-02-08 16:13:55.639430: I external/local_xla/xla/stream_executor/cuda/cuda_diagnostics.cc:183] hostname: nkolesnikov-ubuntu
2026-02-08 16:13:55.639525: I external/local_xla/xla/stream_executor/cuda/cuda_diagnostics.cc:190] libcuda reported version is: 590.48.1
2026-02-08 16:13:55.639541: I external/local_xla/xla/stream_executor/cuda/cuda_diagnostics.cc:194] kernel reported version is: 590.48.1
2026-02-08 16:13:55.639544: I external/local_xla/xla/stream_executor/cuda/cuda_diagnostics.cc:284] kernel version seems to match DSO: 590.48.1
WARNING:absl:Please consider providing the trackable_obj argument in the from_concrete_functions. Providing without the trackable_obj argument is deprecated and it will use the deprecated conversion path.
WARNING: All log messages before absl::InitializeLog() is called are written to STDERR
I0000 00:00:1770556436.533161  196160 devices.cc:67] Number of eligible GPUs (core count >= 8, compute capability >= 0.0): 0
I0000 00:00:1770556436.533263  196160 single_machine.cc:376] Starting new session
/home/nkolesnikov/.cache/pypoetry/virtualenvs/plant-disease-eccv2026-vTaypfzd-py3.12/lib/python3.12/site-packages/tensorflow/lite/python/convert.py:863: UserWarning: Statistics for quantized inputs were expected, but not specified; continuing anyway.
  warnings.warn(
W0000 00:00:1770556438.532031  196160 tf_tfl_flatbuffer_helpers.cc:364] Ignored output_format.
W0000 00:00:1770556438.532053  196160 tf_tfl_flatbuffer_helpers.cc:367] Ignored drop_control_dependency.
2026-02-08 16:13:59.414272: I tensorflow/compiler/mlir/lite/flatbuffer_export.cc:4150] Estimated count of arithmetic ops: 7.730 G  ops, equivalently 3.865 G  MACs
fully_quantize: 0, inference_type: 6, input_inference_type: INT8, output_inference_type: INT8
2026-02-08 16:14:16.659905: I tensorflow/compiler/mlir/lite/flatbuffer_export.cc:4150] Estimated count of arithmetic ops: 7.730 G  ops, equivalently 3.865 G  MACs
2026-02-08 16:14:16.659925: W tensorflow/compiler/mlir/lite/flatbuffer_export.cc:3705] Skipping runtime version metadata in the model. This will be generated by the exporter.
[INFO] Starting PTQ INT8 conversion for ResNet50 (hybrid)
       Weights: export/resnet50_hybrid_weights.npz
       Classes: 18
       Calibration: splits/hybrid/pv_calib_10pct.csv
[INFO] Transferred 106/106 backbone layers
[OK] INT8 PTQ TFLite exported -> export/resnet50_int8_ptq_hybrid.tflite (23.1 MB)
[0;32m[STEP 41][0m MobileNetV2 INT8 EdgeTPU (hybrid)
2026-02-08 16:14:17.941684: I tensorflow/core/util/port.cc:153] oneDNN custom operations are on. You may see slightly different numerical results due to floating-point round-off errors from different computation orders. To turn them off, set the environment variable `TF_ENABLE_ONEDNN_OPTS=0`.
2026-02-08 16:14:17.969883: I tensorflow/core/platform/cpu_feature_guard.cc:210] This TensorFlow binary is optimized to use available CPU instructions in performance-critical operations.
To enable the following instructions: AVX2 AVX512F AVX512_VNNI AVX512_BF16 FMA, in other operations, rebuild TensorFlow with the appropriate compiler flags.
2026-02-08 16:14:18.651073: I tensorflow/core/util/port.cc:153] oneDNN custom operations are on. You may see slightly different numerical results due to floating-point round-off errors from different computation orders. To turn them off, set the environment variable `TF_ENABLE_ONEDNN_OPTS=0`.
2026-02-08 16:14:19.289465: E external/local_xla/xla/stream_executor/cuda/cuda_platform.cc:51] failed call to cuInit: INTERNAL: CUDA error: Failed call to cuInit: CUDA_ERROR_NO_DEVICE: no CUDA-capable device is detected
2026-02-08 16:14:19.289490: I external/local_xla/xla/stream_executor/cuda/cuda_diagnostics.cc:160] env: CUDA_VISIBLE_DEVICES=""
2026-02-08 16:14:19.289495: I external/local_xla/xla/stream_executor/cuda/cuda_diagnostics.cc:163] CUDA_VISIBLE_DEVICES is set to an empty string - this hides all GPUs from CUDA
2026-02-08 16:14:19.289499: I external/local_xla/xla/stream_executor/cuda/cuda_diagnostics.cc:171] verbose logging is disabled. Rerun with verbose logging (usually --v=1 or --vmodule=cuda_diagnostics=1) to get more diagnostic output from this module
2026-02-08 16:14:19.289504: I external/local_xla/xla/stream_executor/cuda/cuda_diagnostics.cc:176] retrieving CUDA diagnostic information for host: nkolesnikov-ubuntu
2026-02-08 16:14:19.289507: I external/local_xla/xla/stream_executor/cuda/cuda_diagnostics.cc:183] hostname: nkolesnikov-ubuntu
2026-02-08 16:14:19.289616: I external/local_xla/xla/stream_executor/cuda/cuda_diagnostics.cc:190] libcuda reported version is: 590.48.1
2026-02-08 16:14:19.289631: I external/local_xla/xla/stream_executor/cuda/cuda_diagnostics.cc:194] kernel reported version is: 590.48.1
2026-02-08 16:14:19.289633: I external/local_xla/xla/stream_executor/cuda/cuda_diagnostics.cc:284] kernel version seems to match DSO: 590.48.1
Saved artifact at '/tmp/tmpablp07z7'. The following endpoints are available:

* Endpoint 'serve'
  args_0 (POSITIONAL_ONLY): TensorSpec(shape=(None, 224, 224, 3), dtype=tf.float32, name='input')
Output Type:
  TensorSpec(shape=(None, 18), dtype=tf.float32, name=None)
Captures:
  137792740049168: TensorSpec(shape=(), dtype=tf.resource, name=None)
  137792740050704: TensorSpec(shape=(), dtype=tf.resource, name=None)
  137792740052432: TensorSpec(shape=(), dtype=tf.resource, name=None)
  137792740052048: TensorSpec(shape=(), dtype=tf.resource, name=None)
  137792740050896: TensorSpec(shape=(), dtype=tf.resource, name=None)
  137792740052624: TensorSpec(shape=(), dtype=tf.resource, name=None)
  137792740051088: TensorSpec(shape=(), dtype=tf.resource, name=None)
  137792740053200: TensorSpec(shape=(), dtype=tf.resource, name=None)
  137792740052816: TensorSpec(shape=(), dtype=tf.resource, name=None)
  137792740048976: TensorSpec(shape=(), dtype=tf.resource, name=None)
  137792740053392: TensorSpec(shape=(), dtype=tf.resource, name=None)
  137792740055696: TensorSpec(shape=(), dtype=tf.resource, name=None)
  137792740055888: TensorSpec(shape=(), dtype=tf.resource, name=None)
  137792740055120: TensorSpec(shape=(), dtype=tf.resource, name=None)
  137792740054544: TensorSpec(shape=(), dtype=tf.resource, name=None)
  137792740054160: TensorSpec(shape=(), dtype=tf.resource, name=None)
  137792740056848: TensorSpec(shape=(), dtype=tf.resource, name=None)
  137792740056656: TensorSpec(shape=(), dtype=tf.resource, name=None)
  137792740055504: TensorSpec(shape=(), dtype=tf.resource, name=None)
  137792740057424: TensorSpec(shape=(), dtype=tf.resource, name=None)
  137792740056080: TensorSpec(shape=(), dtype=tf.resource, name=None)
  137792740058576: TensorSpec(shape=(), dtype=tf.resource, name=None)
  137792740058768: TensorSpec(shape=(), dtype=tf.resource, name=None)
  137792740058000: TensorSpec(shape=(), dtype=tf.resource, name=None)
  137792740055312: TensorSpec(shape=(), dtype=tf.resource, name=None)
  137792740057616: TensorSpec(shape=(), dtype=tf.resource, name=None)
  137792740057232: TensorSpec(shape=(), dtype=tf.resource, name=None)
  137792740057040: TensorSpec(shape=(), dtype=tf.resource, name=None)
  137792740058192: TensorSpec(shape=(), dtype=tf.resource, name=None)
  137792740059728: TensorSpec(shape=(), dtype=tf.resource, name=None)
  137792740059152: TensorSpec(shape=(), dtype=tf.resource, name=None)
  137792740059344: TensorSpec(shape=(), dtype=tf.resource, name=None)
  137792740059536: TensorSpec(shape=(), dtype=tf.resource, name=None)
  137792740058384: TensorSpec(shape=(), dtype=tf.resource, name=None)
  137792740060688: TensorSpec(shape=(), dtype=tf.resource, name=None)
  137792740060112: TensorSpec(shape=(), dtype=tf.resource, name=None)
  137792740060304: TensorSpec(shape=(), dtype=tf.resource, name=None)
  137792740060496: TensorSpec(shape=(), dtype=tf.resource, name=None)
  137792740054352: TensorSpec(shape=(), dtype=tf.resource, name=None)
  137792740061648: TensorSpec(shape=(), dtype=tf.resource, name=None)
  137792740062032: TensorSpec(shape=(), dtype=tf.resource, name=None)
  137792740062224: TensorSpec(shape=(), dtype=tf.resource, name=None)
  137792740061264: TensorSpec(shape=(), dtype=tf.resource, name=None)
  137792740061840: TensorSpec(shape=(), dtype=tf.resource, name=None)
  137792740062800: TensorSpec(shape=(), dtype=tf.resource, name=None)
  137792740063184: TensorSpec(shape=(), dtype=tf.resource, name=None)
  137792740063376: TensorSpec(shape=(), dtype=tf.resource, name=None)
  137792740062416: TensorSpec(shape=(), dtype=tf.resource, name=None)
  137792740062992: TensorSpec(shape=(), dtype=tf.resource, name=None)
  137792740063952: TensorSpec(shape=(), dtype=tf.resource, name=None)
  137792740061456: TensorSpec(shape=(), dtype=tf.resource, name=None)
  137792740063568: TensorSpec(shape=(), dtype=tf.resource, name=None)
  137792740063760: TensorSpec(shape=(), dtype=tf.resource, name=None)
  137792740060880: TensorSpec(shape=(), dtype=tf.resource, name=None)
  137792740064912: TensorSpec(shape=(), dtype=tf.resource, name=None)
  137792740064336: TensorSpec(shape=(), dtype=tf.resource, name=None)
  137792740062608: TensorSpec(shape=(), dtype=tf.resource, name=None)
  137792740064720: TensorSpec(shape=(), dtype=tf.resource, name=None)
  137792740064528: TensorSpec(shape=(), dtype=tf.resource, name=None)
  137792740064144: TensorSpec(shape=(), dtype=tf.resource, name=None)
  137792740061072: TensorSpec(shape=(), dtype=tf.resource, name=None)
  137792685900240: TensorSpec(shape=(), dtype=tf.resource, name=None)
  137792685901392: TensorSpec(shape=(), dtype=tf.resource, name=None)
  137792740065104: TensorSpec(shape=(), dtype=tf.resource, name=None)
  137792685900816: TensorSpec(shape=(), dtype=tf.resource, name=None)
  137792685901200: TensorSpec(shape=(), dtype=tf.resource, name=None)
  137792685899856: TensorSpec(shape=(), dtype=tf.resource, name=None)
  137792685900048: TensorSpec(shape=(), dtype=tf.resource, name=None)
  137792685900432: TensorSpec(shape=(), dtype=tf.resource, name=None)
  137792685902352: TensorSpec(shape=(), dtype=tf.resource, name=None)
  137792685901776: TensorSpec(shape=(), dtype=tf.resource, name=None)
  137792685901968: TensorSpec(shape=(), dtype=tf.resource, name=None)
  137792685902160: TensorSpec(shape=(), dtype=tf.resource, name=None)
  137792685901008: TensorSpec(shape=(), dtype=tf.resource, name=None)
  137792685903312: TensorSpec(shape=(), dtype=tf.resource, name=None)
  137792685902736: TensorSpec(shape=(), dtype=tf.resource, name=None)
  137792685902928: TensorSpec(shape=(), dtype=tf.resource, name=None)
  137792685903120: TensorSpec(shape=(), dtype=tf.resource, name=None)
  137792685900624: TensorSpec(shape=(), dtype=tf.resource, name=None)
  137792685904272: TensorSpec(shape=(), dtype=tf.resource, name=None)
  137792685903696: TensorSpec(shape=(), dtype=tf.resource, name=None)
  137792685903888: TensorSpec(shape=(), dtype=tf.resource, name=None)
  137792685904080: TensorSpec(shape=(), dtype=tf.resource, name=None)
  137792685901584: TensorSpec(shape=(), dtype=tf.resource, name=None)
  137792685905232: TensorSpec(shape=(), dtype=tf.resource, name=None)
  137792685904656: TensorSpec(shape=(), dtype=tf.resource, name=None)
  137792685904848: TensorSpec(shape=(), dtype=tf.resource, name=None)
  137792685905040: TensorSpec(shape=(), dtype=tf.resource, name=None)
  137792685902544: TensorSpec(shape=(), dtype=tf.resource, name=None)
  137792685906192: TensorSpec(shape=(), dtype=tf.resource, name=None)
  137792685905616: TensorSpec(shape=(), dtype=tf.resource, name=None)
  137792685905808: TensorSpec(shape=(), dtype=tf.resource, name=None)
  137792685906000: TensorSpec(shape=(), dtype=tf.resource, name=None)
  137792685903504: TensorSpec(shape=(), dtype=tf.resource, name=None)
  137792685907152: TensorSpec(shape=(), dtype=tf.resource, name=None)
  137792685906576: TensorSpec(shape=(), dtype=tf.resource, name=None)
  137792685906768: TensorSpec(shape=(), dtype=tf.resource, name=None)
  137792685906960: TensorSpec(shape=(), dtype=tf.resource, name=None)
  137792685904464: TensorSpec(shape=(), dtype=tf.resource, name=None)
  137792685908112: TensorSpec(shape=(), dtype=tf.resource, name=None)
  137792685907536: TensorSpec(shape=(), dtype=tf.resource, name=None)
  137792685907728: TensorSpec(shape=(), dtype=tf.resource, name=None)
  137792685907920: TensorSpec(shape=(), dtype=tf.resource, name=None)
  137792685905424: TensorSpec(shape=(), dtype=tf.resource, name=None)
  137792685909072: TensorSpec(shape=(), dtype=tf.resource, name=None)
  137792685908496: TensorSpec(shape=(), dtype=tf.resource, name=None)
  137792685908688: TensorSpec(shape=(), dtype=tf.resource, name=None)
  137792685908880: TensorSpec(shape=(), dtype=tf.resource, name=None)
  137792685906384: TensorSpec(shape=(), dtype=tf.resource, name=None)
  137792685910032: TensorSpec(shape=(), dtype=tf.resource, name=None)
  137792685909456: TensorSpec(shape=(), dtype=tf.resource, name=None)
  137792685909648: TensorSpec(shape=(), dtype=tf.resource, name=None)
  137792685909840: TensorSpec(shape=(), dtype=tf.resource, name=None)
  137792685907344: TensorSpec(shape=(), dtype=tf.resource, name=None)
  137792685910992: TensorSpec(shape=(), dtype=tf.resource, name=None)
  137792685910416: TensorSpec(shape=(), dtype=tf.resource, name=None)
  137792685910608: TensorSpec(shape=(), dtype=tf.resource, name=None)
  137792685910800: TensorSpec(shape=(), dtype=tf.resource, name=None)
  137792685908304: TensorSpec(shape=(), dtype=tf.resource, name=None)
  137792685911952: TensorSpec(shape=(), dtype=tf.resource, name=None)
  137792685911376: TensorSpec(shape=(), dtype=tf.resource, name=None)
  137792685911568: TensorSpec(shape=(), dtype=tf.resource, name=None)
  137792685911760: TensorSpec(shape=(), dtype=tf.resource, name=None)
  137792685909264: TensorSpec(shape=(), dtype=tf.resource, name=None)
  137792685912912: TensorSpec(shape=(), dtype=tf.resource, name=None)
  137792685912336: TensorSpec(shape=(), dtype=tf.resource, name=None)
  137792685912528: TensorSpec(shape=(), dtype=tf.resource, name=None)
  137792685912720: TensorSpec(shape=(), dtype=tf.resource, name=None)
  137792685910224: TensorSpec(shape=(), dtype=tf.resource, name=None)
  137792685913872: TensorSpec(shape=(), dtype=tf.resource, name=None)
  137792685913296: TensorSpec(shape=(), dtype=tf.resource, name=None)
  137792685913488: TensorSpec(shape=(), dtype=tf.resource, name=None)
  137792685913680: TensorSpec(shape=(), dtype=tf.resource, name=None)
  137792685911184: TensorSpec(shape=(), dtype=tf.resource, name=None)
  137792685914832: TensorSpec(shape=(), dtype=tf.resource, name=None)
  137792685914256: TensorSpec(shape=(), dtype=tf.resource, name=None)
  137792685914448: TensorSpec(shape=(), dtype=tf.resource, name=None)
  137792685914640: TensorSpec(shape=(), dtype=tf.resource, name=None)
  137792685912144: TensorSpec(shape=(), dtype=tf.resource, name=None)
  137792685915792: TensorSpec(shape=(), dtype=tf.resource, name=None)
  137792685915216: TensorSpec(shape=(), dtype=tf.resource, name=None)
  137792685914064: TensorSpec(shape=(), dtype=tf.resource, name=None)
  137792685915600: TensorSpec(shape=(), dtype=tf.resource, name=None)
  137792685915408: TensorSpec(shape=(), dtype=tf.resource, name=None)
  137792685915024: TensorSpec(shape=(), dtype=tf.resource, name=None)
  137792685913104: TensorSpec(shape=(), dtype=tf.resource, name=None)
  137792616596880: TensorSpec(shape=(), dtype=tf.resource, name=None)
  137792616597072: TensorSpec(shape=(), dtype=tf.resource, name=None)
  137792685915984: TensorSpec(shape=(), dtype=tf.resource, name=None)
  137792616595920: TensorSpec(shape=(), dtype=tf.resource, name=None)
  137792616595536: TensorSpec(shape=(), dtype=tf.resource, name=None)
  137792616596688: TensorSpec(shape=(), dtype=tf.resource, name=None)
  137792616596496: TensorSpec(shape=(), dtype=tf.resource, name=None)
  137792616596304: TensorSpec(shape=(), dtype=tf.resource, name=None)
  137792616598032: TensorSpec(shape=(), dtype=tf.resource, name=None)
  137792616597456: TensorSpec(shape=(), dtype=tf.resource, name=None)
  137792616597648: TensorSpec(shape=(), dtype=tf.resource, name=None)
  137792616597840: TensorSpec(shape=(), dtype=tf.resource, name=None)
  137792616595728: TensorSpec(shape=(), dtype=tf.resource, name=None)
  137792616598992: TensorSpec(shape=(), dtype=tf.resource, name=None)
  137792616598416: TensorSpec(shape=(), dtype=tf.resource, name=None)
  137792616598608: TensorSpec(shape=(), dtype=tf.resource, name=None)
  137792616598800: TensorSpec(shape=(), dtype=tf.resource, name=None)
  137792616596112: TensorSpec(shape=(), dtype=tf.resource, name=None)
  137792616599952: TensorSpec(shape=(), dtype=tf.resource, name=None)
  137792616599376: TensorSpec(shape=(), dtype=tf.resource, name=None)
  137792616599568: TensorSpec(shape=(), dtype=tf.resource, name=None)
  137792616599760: TensorSpec(shape=(), dtype=tf.resource, name=None)
  137792616597264: TensorSpec(shape=(), dtype=tf.resource, name=None)
  137792616600912: TensorSpec(shape=(), dtype=tf.resource, name=None)
  137792616600336: TensorSpec(shape=(), dtype=tf.resource, name=None)
  137792616600528: TensorSpec(shape=(), dtype=tf.resource, name=None)
  137792616600720: TensorSpec(shape=(), dtype=tf.resource, name=None)
  137792616598224: TensorSpec(shape=(), dtype=tf.resource, name=None)
  137792616601872: TensorSpec(shape=(), dtype=tf.resource, name=None)
  137792616601296: TensorSpec(shape=(), dtype=tf.resource, name=None)
  137792616601488: TensorSpec(shape=(), dtype=tf.resource, name=None)
  137792616601680: TensorSpec(shape=(), dtype=tf.resource, name=None)
  137792616599184: TensorSpec(shape=(), dtype=tf.resource, name=None)
  137792616602832: TensorSpec(shape=(), dtype=tf.resource, name=None)
  137792616602256: TensorSpec(shape=(), dtype=tf.resource, name=None)
  137792616602448: TensorSpec(shape=(), dtype=tf.resource, name=None)
  137792616602640: TensorSpec(shape=(), dtype=tf.resource, name=None)
  137792616600144: TensorSpec(shape=(), dtype=tf.resource, name=None)
  137792616603792: TensorSpec(shape=(), dtype=tf.resource, name=None)
  137792616603216: TensorSpec(shape=(), dtype=tf.resource, name=None)
  137792616603408: TensorSpec(shape=(), dtype=tf.resource, name=None)
  137792616603600: TensorSpec(shape=(), dtype=tf.resource, name=None)
  137792616601104: TensorSpec(shape=(), dtype=tf.resource, name=None)
  137792616604752: TensorSpec(shape=(), dtype=tf.resource, name=None)
  137792616604176: TensorSpec(shape=(), dtype=tf.resource, name=None)
  137792616604368: TensorSpec(shape=(), dtype=tf.resource, name=None)
  137792616604560: TensorSpec(shape=(), dtype=tf.resource, name=None)
  137792616602064: TensorSpec(shape=(), dtype=tf.resource, name=None)
  137792616605712: TensorSpec(shape=(), dtype=tf.resource, name=None)
  137792616605136: TensorSpec(shape=(), dtype=tf.resource, name=None)
  137792616605328: TensorSpec(shape=(), dtype=tf.resource, name=None)
  137792616605520: TensorSpec(shape=(), dtype=tf.resource, name=None)
  137792616603024: TensorSpec(shape=(), dtype=tf.resource, name=None)
  137792616606672: TensorSpec(shape=(), dtype=tf.resource, name=None)
  137792616606096: TensorSpec(shape=(), dtype=tf.resource, name=None)
  137792616606288: TensorSpec(shape=(), dtype=tf.resource, name=None)
  137792616606480: TensorSpec(shape=(), dtype=tf.resource, name=None)
  137792616603984: TensorSpec(shape=(), dtype=tf.resource, name=None)
  137792616607632: TensorSpec(shape=(), dtype=tf.resource, name=None)
  137792616607056: TensorSpec(shape=(), dtype=tf.resource, name=None)
  137792616607248: TensorSpec(shape=(), dtype=tf.resource, name=None)
  137792616607440: TensorSpec(shape=(), dtype=tf.resource, name=None)
  137792616604944: TensorSpec(shape=(), dtype=tf.resource, name=None)
  137792616608592: TensorSpec(shape=(), dtype=tf.resource, name=None)
  137792616608016: TensorSpec(shape=(), dtype=tf.resource, name=None)
  137792616608208: TensorSpec(shape=(), dtype=tf.resource, name=None)
  137792616608400: TensorSpec(shape=(), dtype=tf.resource, name=None)
  137792616605904: TensorSpec(shape=(), dtype=tf.resource, name=None)
  137792616609552: TensorSpec(shape=(), dtype=tf.resource, name=None)
  137792616608976: TensorSpec(shape=(), dtype=tf.resource, name=None)
  137792616609168: TensorSpec(shape=(), dtype=tf.resource, name=None)
  137792616609360: TensorSpec(shape=(), dtype=tf.resource, name=None)
  137792616606864: TensorSpec(shape=(), dtype=tf.resource, name=None)
  137792616610512: TensorSpec(shape=(), dtype=tf.resource, name=None)
  137792616609936: TensorSpec(shape=(), dtype=tf.resource, name=None)
  137792616610128: TensorSpec(shape=(), dtype=tf.resource, name=None)
  137792616610320: TensorSpec(shape=(), dtype=tf.resource, name=None)
  137792616607824: TensorSpec(shape=(), dtype=tf.resource, name=None)
  137792616611472: TensorSpec(shape=(), dtype=tf.resource, name=None)
  137792616610896: TensorSpec(shape=(), dtype=tf.resource, name=None)
  137792616609744: TensorSpec(shape=(), dtype=tf.resource, name=None)
  137792616611280: TensorSpec(shape=(), dtype=tf.resource, name=None)
  137792616611088: TensorSpec(shape=(), dtype=tf.resource, name=None)
  137792616610704: TensorSpec(shape=(), dtype=tf.resource, name=None)
  137792616608784: TensorSpec(shape=(), dtype=tf.resource, name=None)
  137792490635728: TensorSpec(shape=(), dtype=tf.resource, name=None)
  137792490636880: TensorSpec(shape=(), dtype=tf.resource, name=None)
  137792616611664: TensorSpec(shape=(), dtype=tf.resource, name=None)
  137792490636304: TensorSpec(shape=(), dtype=tf.resource, name=None)
  137792490636688: TensorSpec(shape=(), dtype=tf.resource, name=None)
  137792490635344: TensorSpec(shape=(), dtype=tf.resource, name=None)
  137792490635536: TensorSpec(shape=(), dtype=tf.resource, name=None)
  137792490635920: TensorSpec(shape=(), dtype=tf.resource, name=None)
  137792490637840: TensorSpec(shape=(), dtype=tf.resource, name=None)
  137792490637264: TensorSpec(shape=(), dtype=tf.resource, name=None)
  137792490637456: TensorSpec(shape=(), dtype=tf.resource, name=None)
  137792490637648: TensorSpec(shape=(), dtype=tf.resource, name=None)
  137792490636496: TensorSpec(shape=(), dtype=tf.resource, name=None)
  137792490638800: TensorSpec(shape=(), dtype=tf.resource, name=None)
  137792490638224: TensorSpec(shape=(), dtype=tf.resource, name=None)
  137792490638416: TensorSpec(shape=(), dtype=tf.resource, name=None)
  137792490638608: TensorSpec(shape=(), dtype=tf.resource, name=None)
  137792490636112: TensorSpec(shape=(), dtype=tf.resource, name=None)
  137792490639760: TensorSpec(shape=(), dtype=tf.resource, name=None)
  137792490639184: TensorSpec(shape=(), dtype=tf.resource, name=None)
  137792490639376: TensorSpec(shape=(), dtype=tf.resource, name=None)
  137792490639568: TensorSpec(shape=(), dtype=tf.resource, name=None)
  137792490637072: TensorSpec(shape=(), dtype=tf.resource, name=None)
  137792490640720: TensorSpec(shape=(), dtype=tf.resource, name=None)
  137792490640144: TensorSpec(shape=(), dtype=tf.resource, name=None)
  137792490640336: TensorSpec(shape=(), dtype=tf.resource, name=None)
  137792490640528: TensorSpec(shape=(), dtype=tf.resource, name=None)
  137792490638032: TensorSpec(shape=(), dtype=tf.resource, name=None)
  137792490641680: TensorSpec(shape=(), dtype=tf.resource, name=None)
  137792490641872: TensorSpec(shape=(), dtype=tf.resource, name=None)
  137792490642256: TensorSpec(shape=(), dtype=tf.resource, name=None)
/home/nkolesnikov/.cache/pypoetry/virtualenvs/plant-disease-eccv2026-vTaypfzd-py3.12/lib/python3.12/site-packages/tensorflow/lite/python/convert.py:863: UserWarning: Statistics for quantized inputs were expected, but not specified; continuing anyway.
  warnings.warn(
WARNING: All log messages before absl::InitializeLog() is called are written to STDERR
W0000 00:00:1770556461.885518  196701 tf_tfl_flatbuffer_helpers.cc:364] Ignored output_format.
W0000 00:00:1770556461.885537  196701 tf_tfl_flatbuffer_helpers.cc:367] Ignored drop_control_dependency.
2026-02-08 16:14:21.885790: I tensorflow/cc/saved_model/reader.cc:83] Reading SavedModel from: /tmp/tmpablp07z7
2026-02-08 16:14:21.892032: I tensorflow/cc/saved_model/reader.cc:52] Reading meta graph with tags { serve }
2026-02-08 16:14:21.892049: I tensorflow/cc/saved_model/reader.cc:147] Reading SavedModel debug info (if present) from: /tmp/tmpablp07z7
I0000 00:00:1770556461.945980  196701 mlir_graph_optimization_pass.cc:437] MLIR V1 optimization pass is not enabled
2026-02-08 16:14:21.956292: I tensorflow/cc/saved_model/loader.cc:236] Restoring SavedModel bundle.
2026-02-08 16:14:22.291295: I tensorflow/cc/saved_model/loader.cc:220] Running initialization op on SavedModel bundle at path: /tmp/tmpablp07z7
2026-02-08 16:14:22.364813: I tensorflow/cc/saved_model/loader.cc:471] SavedModel load for tags { serve }; Status: success: OK. Took 479026 microseconds.
2026-02-08 16:14:22.439352: I tensorflow/compiler/mlir/tensorflow/utils/dump_mlir_util.cc:269] disabling MLIR crash reproducer, set env var `MLIR_CRASH_REPRODUCER_DIRECTORY` to enable.
fully_quantize: 0, inference_type: 6, input_inference_type: INT8, output_inference_type: INT8
2026-02-08 16:14:27.712472: W tensorflow/compiler/mlir/lite/flatbuffer_export.cc:3705] Skipping runtime version metadata in the model. This will be generated by the exporter.
[OK] INT8 TFLite exported → export/mobilenetv2_int8_ptq_hybrid.tflite
[0;32m[STEP 42][0m MobileNetV1 INT8 EdgeTPU (hybrid)
2026-02-08 16:14:28.993746: I tensorflow/core/util/port.cc:153] oneDNN custom operations are on. You may see slightly different numerical results due to floating-point round-off errors from different computation orders. To turn them off, set the environment variable `TF_ENABLE_ONEDNN_OPTS=0`.
2026-02-08 16:14:29.022823: I tensorflow/core/platform/cpu_feature_guard.cc:210] This TensorFlow binary is optimized to use available CPU instructions in performance-critical operations.
To enable the following instructions: AVX2 AVX512F AVX512_VNNI AVX512_BF16 FMA, in other operations, rebuild TensorFlow with the appropriate compiler flags.
2026-02-08 16:14:29.740257: I tensorflow/core/util/port.cc:153] oneDNN custom operations are on. You may see slightly different numerical results due to floating-point round-off errors from different computation orders. To turn them off, set the environment variable `TF_ENABLE_ONEDNN_OPTS=0`.
2026-02-08 16:14:30.436012: E external/local_xla/xla/stream_executor/cuda/cuda_platform.cc:51] failed call to cuInit: INTERNAL: CUDA error: Failed call to cuInit: CUDA_ERROR_NO_DEVICE: no CUDA-capable device is detected
2026-02-08 16:14:30.436036: I external/local_xla/xla/stream_executor/cuda/cuda_diagnostics.cc:160] env: CUDA_VISIBLE_DEVICES=""
2026-02-08 16:14:30.436041: I external/local_xla/xla/stream_executor/cuda/cuda_diagnostics.cc:163] CUDA_VISIBLE_DEVICES is set to an empty string - this hides all GPUs from CUDA
2026-02-08 16:14:30.436044: I external/local_xla/xla/stream_executor/cuda/cuda_diagnostics.cc:171] verbose logging is disabled. Rerun with verbose logging (usually --v=1 or --vmodule=cuda_diagnostics=1) to get more diagnostic output from this module
2026-02-08 16:14:30.436047: I external/local_xla/xla/stream_executor/cuda/cuda_diagnostics.cc:176] retrieving CUDA diagnostic information for host: nkolesnikov-ubuntu
2026-02-08 16:14:30.436049: I external/local_xla/xla/stream_executor/cuda/cuda_diagnostics.cc:183] hostname: nkolesnikov-ubuntu
2026-02-08 16:14:30.436190: I external/local_xla/xla/stream_executor/cuda/cuda_diagnostics.cc:190] libcuda reported version is: 590.48.1
2026-02-08 16:14:30.436208: I external/local_xla/xla/stream_executor/cuda/cuda_diagnostics.cc:194] kernel reported version is: 590.48.1
2026-02-08 16:14:30.436210: I external/local_xla/xla/stream_executor/cuda/cuda_diagnostics.cc:284] kernel version seems to match DSO: 590.48.1
WARNING:absl:Please consider providing the trackable_obj argument in the from_concrete_functions. Providing without the trackable_obj argument is deprecated and it will use the deprecated conversion path.
WARNING: All log messages before absl::InitializeLog() is called are written to STDERR
I0000 00:00:1770556470.744927  196985 devices.cc:67] Number of eligible GPUs (core count >= 8, compute capability >= 0.0): 0
I0000 00:00:1770556470.745030  196985 single_machine.cc:376] Starting new session
/home/nkolesnikov/.cache/pypoetry/virtualenvs/plant-disease-eccv2026-vTaypfzd-py3.12/lib/python3.12/site-packages/tensorflow/lite/python/convert.py:863: UserWarning: Statistics for quantized inputs were expected, but not specified; continuing anyway.
  warnings.warn(
W0000 00:00:1770556471.138252  196985 tf_tfl_flatbuffer_helpers.cc:364] Ignored output_format.
W0000 00:00:1770556471.138271  196985 tf_tfl_flatbuffer_helpers.cc:367] Ignored drop_control_dependency.
2026-02-08 16:14:31.285999: I tensorflow/compiler/mlir/lite/flatbuffer_export.cc:4150] Estimated count of arithmetic ops: 1.141 G  ops, equivalently 0.570 G  MACs
fully_quantize: 0, inference_type: 6, input_inference_type: INT8, output_inference_type: INT8
2026-02-08 16:14:35.352968: I tensorflow/compiler/mlir/lite/flatbuffer_export.cc:4150] Estimated count of arithmetic ops: 1.141 G  ops, equivalently 0.570 G  MACs
2026-02-08 16:14:35.352985: W tensorflow/compiler/mlir/lite/flatbuffer_export.cc:3705] Skipping runtime version metadata in the model. This will be generated by the exporter.
[INFO] MobileNetV1 INT8 export for strategy=hybrid
       classes=18, weights=export/mobilenetv1_hybrid_weights.npz
[INFO] Transferred weights for 55/55 layers
[INFO] Converting to INT8 TFLite (200 calibration samples) ...
[OK] INT8 PTQ TFLite exported -> export/mobilenetv1_int8_ptq_hybrid.tflite (3.4 MB)
[0;32m[STEP 43][0m EfficientNet-Lite0 INT8 EdgeTPU (hybrid)
2026-02-08 16:14:36.439890: I tensorflow/core/util/port.cc:153] oneDNN custom operations are on. You may see slightly different numerical results due to floating-point round-off errors from different computation orders. To turn them off, set the environment variable `TF_ENABLE_ONEDNN_OPTS=0`.
2026-02-08 16:14:36.469571: I tensorflow/core/platform/cpu_feature_guard.cc:210] This TensorFlow binary is optimized to use available CPU instructions in performance-critical operations.
To enable the following instructions: AVX2 AVX512F AVX512_VNNI AVX512_BF16 FMA, in other operations, rebuild TensorFlow with the appropriate compiler flags.
2026-02-08 16:14:37.162844: I tensorflow/core/util/port.cc:153] oneDNN custom operations are on. You may see slightly different numerical results due to floating-point round-off errors from different computation orders. To turn them off, set the environment variable `TF_ENABLE_ONEDNN_OPTS=0`.
2026-02-08 16:14:37.811655: E external/local_xla/xla/stream_executor/cuda/cuda_platform.cc:51] failed call to cuInit: INTERNAL: CUDA error: Failed call to cuInit: CUDA_ERROR_NO_DEVICE: no CUDA-capable device is detected
2026-02-08 16:14:37.811678: I external/local_xla/xla/stream_executor/cuda/cuda_diagnostics.cc:160] env: CUDA_VISIBLE_DEVICES=""
2026-02-08 16:14:37.811683: I external/local_xla/xla/stream_executor/cuda/cuda_diagnostics.cc:163] CUDA_VISIBLE_DEVICES is set to an empty string - this hides all GPUs from CUDA
2026-02-08 16:14:37.811685: I external/local_xla/xla/stream_executor/cuda/cuda_diagnostics.cc:171] verbose logging is disabled. Rerun with verbose logging (usually --v=1 or --vmodule=cuda_diagnostics=1) to get more diagnostic output from this module
2026-02-08 16:14:37.811690: I external/local_xla/xla/stream_executor/cuda/cuda_diagnostics.cc:176] retrieving CUDA diagnostic information for host: nkolesnikov-ubuntu
2026-02-08 16:14:37.811692: I external/local_xla/xla/stream_executor/cuda/cuda_diagnostics.cc:183] hostname: nkolesnikov-ubuntu
2026-02-08 16:14:37.811805: I external/local_xla/xla/stream_executor/cuda/cuda_diagnostics.cc:190] libcuda reported version is: 590.48.1
2026-02-08 16:14:37.811822: I external/local_xla/xla/stream_executor/cuda/cuda_diagnostics.cc:194] kernel reported version is: 590.48.1
2026-02-08 16:14:37.811824: I external/local_xla/xla/stream_executor/cuda/cuda_diagnostics.cc:284] kernel version seems to match DSO: 590.48.1
WARNING:absl:Please consider providing the trackable_obj argument in the from_concrete_functions. Providing without the trackable_obj argument is deprecated and it will use the deprecated conversion path.
WARNING: All log messages before absl::InitializeLog() is called are written to STDERR
I0000 00:00:1770556478.402331  197207 devices.cc:67] Number of eligible GPUs (core count >= 8, compute capability >= 0.0): 0
I0000 00:00:1770556478.402431  197207 single_machine.cc:376] Starting new session
/home/nkolesnikov/.cache/pypoetry/virtualenvs/plant-disease-eccv2026-vTaypfzd-py3.12/lib/python3.12/site-packages/tensorflow/lite/python/convert.py:863: UserWarning: Statistics for quantized inputs were expected, but not specified; continuing anyway.
  warnings.warn(
W0000 00:00:1770556478.826522  197207 tf_tfl_flatbuffer_helpers.cc:364] Ignored output_format.
W0000 00:00:1770556478.826540  197207 tf_tfl_flatbuffer_helpers.cc:367] Ignored drop_control_dependency.
2026-02-08 16:14:39.005742: I tensorflow/compiler/mlir/lite/flatbuffer_export.cc:4150] Estimated count of arithmetic ops: 774.809 M  ops, equivalently 387.405 M  MACs
fully_quantize: 0, inference_type: 6, input_inference_type: INT8, output_inference_type: INT8
2026-02-08 16:14:44.304853: I tensorflow/compiler/mlir/lite/flatbuffer_export.cc:4150] Estimated count of arithmetic ops: 774.809 M  ops, equivalently 387.405 M  MACs
2026-02-08 16:14:44.304870: W tensorflow/compiler/mlir/lite/flatbuffer_export.cc:3705] Skipping runtime version metadata in the model. This will be generated by the exporter.
[INFO] EfficientNet-Lite0 INT8 export for strategy=hybrid
       classes=18, weights=export/efficientnet_lite0_hybrid_weights.npz
[INFO] Transferred weights for 99/99 layers
[INFO] Converting to INT8 TFLite (200 calibration samples) ...
[OK] INT8 PTQ TFLite exported -> export/efficientnet_lite0_int8_ptq_hybrid.tflite (3.8 MB)
[0;32m[STEP 44][0m EfficientNet-B3 INT8 CPU-only (hybrid)
2026-02-08 16:14:45.436421: I tensorflow/core/util/port.cc:153] oneDNN custom operations are on. You may see slightly different numerical results due to floating-point round-off errors from different computation orders. To turn them off, set the environment variable `TF_ENABLE_ONEDNN_OPTS=0`.
2026-02-08 16:14:45.466457: I tensorflow/core/platform/cpu_feature_guard.cc:210] This TensorFlow binary is optimized to use available CPU instructions in performance-critical operations.
To enable the following instructions: AVX2 AVX512F AVX512_VNNI AVX512_BF16 FMA, in other operations, rebuild TensorFlow with the appropriate compiler flags.
2026-02-08 16:14:46.163073: I tensorflow/core/util/port.cc:153] oneDNN custom operations are on. You may see slightly different numerical results due to floating-point round-off errors from different computation orders. To turn them off, set the environment variable `TF_ENABLE_ONEDNN_OPTS=0`.
2026-02-08 16:14:46.813059: E external/local_xla/xla/stream_executor/cuda/cuda_platform.cc:51] failed call to cuInit: INTERNAL: CUDA error: Failed call to cuInit: CUDA_ERROR_NO_DEVICE: no CUDA-capable device is detected
2026-02-08 16:14:46.813078: I external/local_xla/xla/stream_executor/cuda/cuda_diagnostics.cc:160] env: CUDA_VISIBLE_DEVICES=""
2026-02-08 16:14:46.813082: I external/local_xla/xla/stream_executor/cuda/cuda_diagnostics.cc:163] CUDA_VISIBLE_DEVICES is set to an empty string - this hides all GPUs from CUDA
2026-02-08 16:14:46.813085: I external/local_xla/xla/stream_executor/cuda/cuda_diagnostics.cc:171] verbose logging is disabled. Rerun with verbose logging (usually --v=1 or --vmodule=cuda_diagnostics=1) to get more diagnostic output from this module
2026-02-08 16:14:46.813089: I external/local_xla/xla/stream_executor/cuda/cuda_diagnostics.cc:176] retrieving CUDA diagnostic information for host: nkolesnikov-ubuntu
2026-02-08 16:14:46.813091: I external/local_xla/xla/stream_executor/cuda/cuda_diagnostics.cc:183] hostname: nkolesnikov-ubuntu
2026-02-08 16:14:46.813188: I external/local_xla/xla/stream_executor/cuda/cuda_diagnostics.cc:190] libcuda reported version is: 590.48.1
2026-02-08 16:14:46.813204: I external/local_xla/xla/stream_executor/cuda/cuda_diagnostics.cc:194] kernel reported version is: 590.48.1
2026-02-08 16:14:46.813206: I external/local_xla/xla/stream_executor/cuda/cuda_diagnostics.cc:284] kernel version seems to match DSO: 590.48.1
WARNING:absl:Please consider providing the trackable_obj argument in the from_concrete_functions. Providing without the trackable_obj argument is deprecated and it will use the deprecated conversion path.
WARNING: All log messages before absl::InitializeLog() is called are written to STDERR
I0000 00:00:1770556488.027420  197464 devices.cc:67] Number of eligible GPUs (core count >= 8, compute capability >= 0.0): 0
I0000 00:00:1770556488.027534  197464 single_machine.cc:376] Starting new session
/home/nkolesnikov/.cache/pypoetry/virtualenvs/plant-disease-eccv2026-vTaypfzd-py3.12/lib/python3.12/site-packages/tensorflow/lite/python/convert.py:863: UserWarning: Statistics for quantized inputs were expected, but not specified; continuing anyway.
  warnings.warn(
W0000 00:00:1770556489.693147  197464 tf_tfl_flatbuffer_helpers.cc:364] Ignored output_format.
W0000 00:00:1770556489.693166  197464 tf_tfl_flatbuffer_helpers.cc:367] Ignored drop_control_dependency.
2026-02-08 16:14:50.175364: I tensorflow/compiler/mlir/lite/flatbuffer_export.cc:4150] Estimated count of arithmetic ops: 2.699 G  ops, equivalently 1.349 G  MACs
fully_quantize: 0, inference_type: 6, input_inference_type: INT8, output_inference_type: INT8
2026-02-08 16:15:20.350251: I tensorflow/compiler/mlir/lite/flatbuffer_export.cc:4150] Estimated count of arithmetic ops: 2.699 G  ops, equivalently 1.349 G  MACs
2026-02-08 16:15:20.350270: W tensorflow/compiler/mlir/lite/flatbuffer_export.cc:3705] Skipping runtime version metadata in the model. This will be generated by the exporter.
[INFO] Starting PTQ INT8 conversion for EfficientNet-B3 (hybrid)
       Weights: export/efficientnet_hybrid_weights.npz
       Classes: 18
       Calibration: splits/hybrid/pv_calib_10pct.csv
[INFO] Loaded weights for 0 backbone layers
[OK] INT8 PTQ TFLite exported -> export/efficientnet_int8_ptq_hybrid.tflite (11.7 MB)
[0;32m[STEP 45][0m ResNet-50 INT8 EdgeTPU (Fuzzy)
2026-02-08 16:15:21.771270: I tensorflow/core/util/port.cc:153] oneDNN custom operations are on. You may see slightly different numerical results due to floating-point round-off errors from different computation orders. To turn them off, set the environment variable `TF_ENABLE_ONEDNN_OPTS=0`.
2026-02-08 16:15:21.800583: I tensorflow/core/platform/cpu_feature_guard.cc:210] This TensorFlow binary is optimized to use available CPU instructions in performance-critical operations.
To enable the following instructions: AVX2 AVX512F AVX512_VNNI AVX512_BF16 FMA, in other operations, rebuild TensorFlow with the appropriate compiler flags.
2026-02-08 16:15:22.593085: I tensorflow/core/util/port.cc:153] oneDNN custom operations are on. You may see slightly different numerical results due to floating-point round-off errors from different computation orders. To turn them off, set the environment variable `TF_ENABLE_ONEDNN_OPTS=0`.
2026-02-08 16:15:23.259997: E external/local_xla/xla/stream_executor/cuda/cuda_platform.cc:51] failed call to cuInit: INTERNAL: CUDA error: Failed call to cuInit: CUDA_ERROR_NO_DEVICE: no CUDA-capable device is detected
2026-02-08 16:15:23.260018: I external/local_xla/xla/stream_executor/cuda/cuda_diagnostics.cc:160] env: CUDA_VISIBLE_DEVICES=""
2026-02-08 16:15:23.260023: I external/local_xla/xla/stream_executor/cuda/cuda_diagnostics.cc:163] CUDA_VISIBLE_DEVICES is set to an empty string - this hides all GPUs from CUDA
2026-02-08 16:15:23.260025: I external/local_xla/xla/stream_executor/cuda/cuda_diagnostics.cc:171] verbose logging is disabled. Rerun with verbose logging (usually --v=1 or --vmodule=cuda_diagnostics=1) to get more diagnostic output from this module
2026-02-08 16:15:23.260029: I external/local_xla/xla/stream_executor/cuda/cuda_diagnostics.cc:176] retrieving CUDA diagnostic information for host: nkolesnikov-ubuntu
2026-02-08 16:15:23.260031: I external/local_xla/xla/stream_executor/cuda/cuda_diagnostics.cc:183] hostname: nkolesnikov-ubuntu
2026-02-08 16:15:23.260151: I external/local_xla/xla/stream_executor/cuda/cuda_diagnostics.cc:190] libcuda reported version is: 590.48.1
2026-02-08 16:15:23.260168: I external/local_xla/xla/stream_executor/cuda/cuda_diagnostics.cc:194] kernel reported version is: 590.48.1
2026-02-08 16:15:23.260170: I external/local_xla/xla/stream_executor/cuda/cuda_diagnostics.cc:284] kernel version seems to match DSO: 590.48.1
WARNING:absl:Please consider providing the trackable_obj argument in the from_concrete_functions. Providing without the trackable_obj argument is deprecated and it will use the deprecated conversion path.
WARNING: All log messages before absl::InitializeLog() is called are written to STDERR
I0000 00:00:1770556524.138083  198338 devices.cc:67] Number of eligible GPUs (core count >= 8, compute capability >= 0.0): 0
I0000 00:00:1770556524.138200  198338 single_machine.cc:376] Starting new session
/home/nkolesnikov/.cache/pypoetry/virtualenvs/plant-disease-eccv2026-vTaypfzd-py3.12/lib/python3.12/site-packages/tensorflow/lite/python/convert.py:863: UserWarning: Statistics for quantized inputs were expected, but not specified; continuing anyway.
  warnings.warn(
W0000 00:00:1770556526.116697  198338 tf_tfl_flatbuffer_helpers.cc:364] Ignored output_format.
W0000 00:00:1770556526.116717  198338 tf_tfl_flatbuffer_helpers.cc:367] Ignored drop_control_dependency.
2026-02-08 16:15:26.986073: I tensorflow/compiler/mlir/lite/flatbuffer_export.cc:4150] Estimated count of arithmetic ops: 7.730 G  ops, equivalently 3.865 G  MACs
fully_quantize: 0, inference_type: 6, input_inference_type: INT8, output_inference_type: INT8
2026-02-08 16:15:44.204572: I tensorflow/compiler/mlir/lite/flatbuffer_export.cc:4150] Estimated count of arithmetic ops: 7.730 G  ops, equivalently 3.865 G  MACs
2026-02-08 16:15:44.204596: W tensorflow/compiler/mlir/lite/flatbuffer_export.cc:3705] Skipping runtime version metadata in the model. This will be generated by the exporter.
[INFO] Starting PTQ INT8 conversion for ResNet50 (Fuzzy)
       Weights: export/resnet50_Fuzzy_weights.npz
       Classes: 16
       Calibration: splits/Fuzzy/pv_calib_10pct.csv
[INFO] Transferred 106/106 backbone layers
[OK] INT8 PTQ TFLite exported -> export/resnet50_int8_ptq_Fuzzy.tflite (23.1 MB)
[0;32m[STEP 46][0m MobileNetV2 INT8 EdgeTPU (Fuzzy)
2026-02-08 16:15:45.459859: I tensorflow/core/util/port.cc:153] oneDNN custom operations are on. You may see slightly different numerical results due to floating-point round-off errors from different computation orders. To turn them off, set the environment variable `TF_ENABLE_ONEDNN_OPTS=0`.
2026-02-08 16:15:45.488486: I tensorflow/core/platform/cpu_feature_guard.cc:210] This TensorFlow binary is optimized to use available CPU instructions in performance-critical operations.
To enable the following instructions: AVX2 AVX512F AVX512_VNNI AVX512_BF16 FMA, in other operations, rebuild TensorFlow with the appropriate compiler flags.
2026-02-08 16:15:46.193795: I tensorflow/core/util/port.cc:153] oneDNN custom operations are on. You may see slightly different numerical results due to floating-point round-off errors from different computation orders. To turn them off, set the environment variable `TF_ENABLE_ONEDNN_OPTS=0`.
2026-02-08 16:15:46.828961: E external/local_xla/xla/stream_executor/cuda/cuda_platform.cc:51] failed call to cuInit: INTERNAL: CUDA error: Failed call to cuInit: CUDA_ERROR_NO_DEVICE: no CUDA-capable device is detected
2026-02-08 16:15:46.828984: I external/local_xla/xla/stream_executor/cuda/cuda_diagnostics.cc:160] env: CUDA_VISIBLE_DEVICES=""
2026-02-08 16:15:46.828989: I external/local_xla/xla/stream_executor/cuda/cuda_diagnostics.cc:163] CUDA_VISIBLE_DEVICES is set to an empty string - this hides all GPUs from CUDA
2026-02-08 16:15:46.828991: I external/local_xla/xla/stream_executor/cuda/cuda_diagnostics.cc:171] verbose logging is disabled. Rerun with verbose logging (usually --v=1 or --vmodule=cuda_diagnostics=1) to get more diagnostic output from this module
2026-02-08 16:15:46.828995: I external/local_xla/xla/stream_executor/cuda/cuda_diagnostics.cc:176] retrieving CUDA diagnostic information for host: nkolesnikov-ubuntu
2026-02-08 16:15:46.828998: I external/local_xla/xla/stream_executor/cuda/cuda_diagnostics.cc:183] hostname: nkolesnikov-ubuntu
2026-02-08 16:15:46.829095: I external/local_xla/xla/stream_executor/cuda/cuda_diagnostics.cc:190] libcuda reported version is: 590.48.1
2026-02-08 16:15:46.829112: I external/local_xla/xla/stream_executor/cuda/cuda_diagnostics.cc:194] kernel reported version is: 590.48.1
2026-02-08 16:15:46.829114: I external/local_xla/xla/stream_executor/cuda/cuda_diagnostics.cc:284] kernel version seems to match DSO: 590.48.1
Saved artifact at '/tmp/tmpn_d7kmfs'. The following endpoints are available:

* Endpoint 'serve'
  args_0 (POSITIONAL_ONLY): TensorSpec(shape=(None, 224, 224, 3), dtype=tf.float32, name='input')
Output Type:
  TensorSpec(shape=(None, 16), dtype=tf.float32, name=None)
Captures:
  137078781493520: TensorSpec(shape=(), dtype=tf.resource, name=None)
  137078781495056: TensorSpec(shape=(), dtype=tf.resource, name=None)
  137078781496784: TensorSpec(shape=(), dtype=tf.resource, name=None)
  137078781496400: TensorSpec(shape=(), dtype=tf.resource, name=None)
  137078781495248: TensorSpec(shape=(), dtype=tf.resource, name=None)
  137078781496976: TensorSpec(shape=(), dtype=tf.resource, name=None)
  137078781495440: TensorSpec(shape=(), dtype=tf.resource, name=None)
  137078781497552: TensorSpec(shape=(), dtype=tf.resource, name=None)
  137078781497168: TensorSpec(shape=(), dtype=tf.resource, name=None)
  137078781493328: TensorSpec(shape=(), dtype=tf.resource, name=None)
  137078781497744: TensorSpec(shape=(), dtype=tf.resource, name=None)
  137078781500048: TensorSpec(shape=(), dtype=tf.resource, name=None)
  137078781500240: TensorSpec(shape=(), dtype=tf.resource, name=None)
  137078781499472: TensorSpec(shape=(), dtype=tf.resource, name=None)
  137078781498896: TensorSpec(shape=(), dtype=tf.resource, name=None)
  137078781498512: TensorSpec(shape=(), dtype=tf.resource, name=None)
  137078781501200: TensorSpec(shape=(), dtype=tf.resource, name=None)
  137078781501008: TensorSpec(shape=(), dtype=tf.resource, name=None)
  137078781499856: TensorSpec(shape=(), dtype=tf.resource, name=None)
  137078781501776: TensorSpec(shape=(), dtype=tf.resource, name=None)
  137078781500432: TensorSpec(shape=(), dtype=tf.resource, name=None)
  137078781502928: TensorSpec(shape=(), dtype=tf.resource, name=None)
  137078781503120: TensorSpec(shape=(), dtype=tf.resource, name=None)
  137078781502352: TensorSpec(shape=(), dtype=tf.resource, name=None)
  137078781499664: TensorSpec(shape=(), dtype=tf.resource, name=None)
  137078781501968: TensorSpec(shape=(), dtype=tf.resource, name=None)
  137078781501584: TensorSpec(shape=(), dtype=tf.resource, name=None)
  137078781501392: TensorSpec(shape=(), dtype=tf.resource, name=None)
  137078781502544: TensorSpec(shape=(), dtype=tf.resource, name=None)
  137078781504080: TensorSpec(shape=(), dtype=tf.resource, name=None)
  137078781503504: TensorSpec(shape=(), dtype=tf.resource, name=None)
  137078781503696: TensorSpec(shape=(), dtype=tf.resource, name=None)
  137078781503888: TensorSpec(shape=(), dtype=tf.resource, name=None)
  137078781502736: TensorSpec(shape=(), dtype=tf.resource, name=None)
  137078781505040: TensorSpec(shape=(), dtype=tf.resource, name=None)
  137078781504464: TensorSpec(shape=(), dtype=tf.resource, name=None)
  137078781504656: TensorSpec(shape=(), dtype=tf.resource, name=None)
  137078781504848: TensorSpec(shape=(), dtype=tf.resource, name=None)
  137078781498704: TensorSpec(shape=(), dtype=tf.resource, name=None)
  137078781506000: TensorSpec(shape=(), dtype=tf.resource, name=None)
  137078781506384: TensorSpec(shape=(), dtype=tf.resource, name=None)
  137078781506576: TensorSpec(shape=(), dtype=tf.resource, name=None)
  137078781505616: TensorSpec(shape=(), dtype=tf.resource, name=None)
  137078781506192: TensorSpec(shape=(), dtype=tf.resource, name=None)
  137078781507152: TensorSpec(shape=(), dtype=tf.resource, name=None)
  137078781507536: TensorSpec(shape=(), dtype=tf.resource, name=None)
  137078781507728: TensorSpec(shape=(), dtype=tf.resource, name=None)
  137078781506768: TensorSpec(shape=(), dtype=tf.resource, name=None)
  137078781507344: TensorSpec(shape=(), dtype=tf.resource, name=None)
  137078781508304: TensorSpec(shape=(), dtype=tf.resource, name=None)
  137078781505808: TensorSpec(shape=(), dtype=tf.resource, name=None)
  137078781507920: TensorSpec(shape=(), dtype=tf.resource, name=None)
  137078781508112: TensorSpec(shape=(), dtype=tf.resource, name=None)
  137078781505232: TensorSpec(shape=(), dtype=tf.resource, name=None)
  137078781509264: TensorSpec(shape=(), dtype=tf.resource, name=None)
  137078781508688: TensorSpec(shape=(), dtype=tf.resource, name=None)
  137078781506960: TensorSpec(shape=(), dtype=tf.resource, name=None)
  137078781509072: TensorSpec(shape=(), dtype=tf.resource, name=None)
  137078781508880: TensorSpec(shape=(), dtype=tf.resource, name=None)
  137078781508496: TensorSpec(shape=(), dtype=tf.resource, name=None)
  137078781505424: TensorSpec(shape=(), dtype=tf.resource, name=None)
  137078779707856: TensorSpec(shape=(), dtype=tf.resource, name=None)
  137078779709008: TensorSpec(shape=(), dtype=tf.resource, name=None)
  137078781509456: TensorSpec(shape=(), dtype=tf.resource, name=None)
  137078779708432: TensorSpec(shape=(), dtype=tf.resource, name=None)
  137078779708816: TensorSpec(shape=(), dtype=tf.resource, name=None)
  137078779707472: TensorSpec(shape=(), dtype=tf.resource, name=None)
  137078779707664: TensorSpec(shape=(), dtype=tf.resource, name=None)
  137078779708048: TensorSpec(shape=(), dtype=tf.resource, name=None)
  137078779709968: TensorSpec(shape=(), dtype=tf.resource, name=None)
  137078779709392: TensorSpec(shape=(), dtype=tf.resource, name=None)
  137078779709584: TensorSpec(shape=(), dtype=tf.resource, name=None)
  137078779709776: TensorSpec(shape=(), dtype=tf.resource, name=None)
  137078779708624: TensorSpec(shape=(), dtype=tf.resource, name=None)
  137078779710928: TensorSpec(shape=(), dtype=tf.resource, name=None)
  137078779710352: TensorSpec(shape=(), dtype=tf.resource, name=None)
  137078779710544: TensorSpec(shape=(), dtype=tf.resource, name=None)
  137078779710736: TensorSpec(shape=(), dtype=tf.resource, name=None)
  137078779708240: TensorSpec(shape=(), dtype=tf.resource, name=None)
  137078779711888: TensorSpec(shape=(), dtype=tf.resource, name=None)
  137078779711312: TensorSpec(shape=(), dtype=tf.resource, name=None)
  137078779711504: TensorSpec(shape=(), dtype=tf.resource, name=None)
  137078779711696: TensorSpec(shape=(), dtype=tf.resource, name=None)
  137078779709200: TensorSpec(shape=(), dtype=tf.resource, name=None)
  137078779712848: TensorSpec(shape=(), dtype=tf.resource, name=None)
  137078779712272: TensorSpec(shape=(), dtype=tf.resource, name=None)
  137078779712464: TensorSpec(shape=(), dtype=tf.resource, name=None)
  137078779712656: TensorSpec(shape=(), dtype=tf.resource, name=None)
  137078779710160: TensorSpec(shape=(), dtype=tf.resource, name=None)
  137078779713808: TensorSpec(shape=(), dtype=tf.resource, name=None)
  137078779713232: TensorSpec(shape=(), dtype=tf.resource, name=None)
  137078779713424: TensorSpec(shape=(), dtype=tf.resource, name=None)
  137078779713616: TensorSpec(shape=(), dtype=tf.resource, name=None)
  137078779711120: TensorSpec(shape=(), dtype=tf.resource, name=None)
  137078779714768: TensorSpec(shape=(), dtype=tf.resource, name=None)
  137078779714192: TensorSpec(shape=(), dtype=tf.resource, name=None)
  137078779714384: TensorSpec(shape=(), dtype=tf.resource, name=None)
  137078779714576: TensorSpec(shape=(), dtype=tf.resource, name=None)
  137078779712080: TensorSpec(shape=(), dtype=tf.resource, name=None)
  137078779715728: TensorSpec(shape=(), dtype=tf.resource, name=None)
  137078779715152: TensorSpec(shape=(), dtype=tf.resource, name=None)
  137078779715344: TensorSpec(shape=(), dtype=tf.resource, name=None)
  137078779715536: TensorSpec(shape=(), dtype=tf.resource, name=None)
  137078779713040: TensorSpec(shape=(), dtype=tf.resource, name=None)
  137078779716688: TensorSpec(shape=(), dtype=tf.resource, name=None)
  137078779716112: TensorSpec(shape=(), dtype=tf.resource, name=None)
  137078779716304: TensorSpec(shape=(), dtype=tf.resource, name=None)
  137078779716496: TensorSpec(shape=(), dtype=tf.resource, name=None)
  137078779714000: TensorSpec(shape=(), dtype=tf.resource, name=None)
  137078779717648: TensorSpec(shape=(), dtype=tf.resource, name=None)
  137078779717072: TensorSpec(shape=(), dtype=tf.resource, name=None)
  137078779717264: TensorSpec(shape=(), dtype=tf.resource, name=None)
  137078779717456: TensorSpec(shape=(), dtype=tf.resource, name=None)
  137078779714960: TensorSpec(shape=(), dtype=tf.resource, name=None)
  137078779718608: TensorSpec(shape=(), dtype=tf.resource, name=None)
  137078779718032: TensorSpec(shape=(), dtype=tf.resource, name=None)
  137078779718224: TensorSpec(shape=(), dtype=tf.resource, name=None)
  137078779718416: TensorSpec(shape=(), dtype=tf.resource, name=None)
  137078779715920: TensorSpec(shape=(), dtype=tf.resource, name=None)
  137078779719568: TensorSpec(shape=(), dtype=tf.resource, name=None)
  137078779718992: TensorSpec(shape=(), dtype=tf.resource, name=None)
  137078779719184: TensorSpec(shape=(), dtype=tf.resource, name=None)
  137078779719376: TensorSpec(shape=(), dtype=tf.resource, name=None)
  137078779716880: TensorSpec(shape=(), dtype=tf.resource, name=None)
  137078779720528: TensorSpec(shape=(), dtype=tf.resource, name=None)
  137078779719952: TensorSpec(shape=(), dtype=tf.resource, name=None)
  137078779720144: TensorSpec(shape=(), dtype=tf.resource, name=None)
  137078779720336: TensorSpec(shape=(), dtype=tf.resource, name=None)
  137078779717840: TensorSpec(shape=(), dtype=tf.resource, name=None)
  137078779721488: TensorSpec(shape=(), dtype=tf.resource, name=None)
  137078779720912: TensorSpec(shape=(), dtype=tf.resource, name=None)
  137078779721104: TensorSpec(shape=(), dtype=tf.resource, name=None)
  137078779721296: TensorSpec(shape=(), dtype=tf.resource, name=None)
  137078779718800: TensorSpec(shape=(), dtype=tf.resource, name=None)
  137078779722448: TensorSpec(shape=(), dtype=tf.resource, name=None)
  137078779721872: TensorSpec(shape=(), dtype=tf.resource, name=None)
  137078779722064: TensorSpec(shape=(), dtype=tf.resource, name=None)
  137078779722256: TensorSpec(shape=(), dtype=tf.resource, name=None)
  137078779719760: TensorSpec(shape=(), dtype=tf.resource, name=None)
  137078779723408: TensorSpec(shape=(), dtype=tf.resource, name=None)
  137078779722832: TensorSpec(shape=(), dtype=tf.resource, name=None)
  137078779721680: TensorSpec(shape=(), dtype=tf.resource, name=None)
  137078779723216: TensorSpec(shape=(), dtype=tf.resource, name=None)
  137078779723024: TensorSpec(shape=(), dtype=tf.resource, name=None)
  137078779722640: TensorSpec(shape=(), dtype=tf.resource, name=None)
  137078779720720: TensorSpec(shape=(), dtype=tf.resource, name=None)
  137078716974480: TensorSpec(shape=(), dtype=tf.resource, name=None)
  137078716974672: TensorSpec(shape=(), dtype=tf.resource, name=None)
  137078779723600: TensorSpec(shape=(), dtype=tf.resource, name=None)
  137078716973520: TensorSpec(shape=(), dtype=tf.resource, name=None)
  137078716973136: TensorSpec(shape=(), dtype=tf.resource, name=None)
  137078716974288: TensorSpec(shape=(), dtype=tf.resource, name=None)
  137078716974096: TensorSpec(shape=(), dtype=tf.resource, name=None)
  137078716973904: TensorSpec(shape=(), dtype=tf.resource, name=None)
  137078716975632: TensorSpec(shape=(), dtype=tf.resource, name=None)
  137078716975056: TensorSpec(shape=(), dtype=tf.resource, name=None)
  137078716975248: TensorSpec(shape=(), dtype=tf.resource, name=None)
  137078716975440: TensorSpec(shape=(), dtype=tf.resource, name=None)
  137078716973328: TensorSpec(shape=(), dtype=tf.resource, name=None)
  137078716976592: TensorSpec(shape=(), dtype=tf.resource, name=None)
  137078716976016: TensorSpec(shape=(), dtype=tf.resource, name=None)
  137078716976208: TensorSpec(shape=(), dtype=tf.resource, name=None)
  137078716976400: TensorSpec(shape=(), dtype=tf.resource, name=None)
  137078716973712: TensorSpec(shape=(), dtype=tf.resource, name=None)
  137078716977552: TensorSpec(shape=(), dtype=tf.resource, name=None)
  137078716976976: TensorSpec(shape=(), dtype=tf.resource, name=None)
  137078716977168: TensorSpec(shape=(), dtype=tf.resource, name=None)
  137078716977360: TensorSpec(shape=(), dtype=tf.resource, name=None)
  137078716974864: TensorSpec(shape=(), dtype=tf.resource, name=None)
  137078716978512: TensorSpec(shape=(), dtype=tf.resource, name=None)
  137078716977936: TensorSpec(shape=(), dtype=tf.resource, name=None)
  137078716978128: TensorSpec(shape=(), dtype=tf.resource, name=None)
  137078716978320: TensorSpec(shape=(), dtype=tf.resource, name=None)
  137078716975824: TensorSpec(shape=(), dtype=tf.resource, name=None)
  137078716979472: TensorSpec(shape=(), dtype=tf.resource, name=None)
  137078716978896: TensorSpec(shape=(), dtype=tf.resource, name=None)
  137078716979088: TensorSpec(shape=(), dtype=tf.resource, name=None)
  137078716979280: TensorSpec(shape=(), dtype=tf.resource, name=None)
  137078716976784: TensorSpec(shape=(), dtype=tf.resource, name=None)
  137078716980432: TensorSpec(shape=(), dtype=tf.resource, name=None)
  137078716979856: TensorSpec(shape=(), dtype=tf.resource, name=None)
  137078716980048: TensorSpec(shape=(), dtype=tf.resource, name=None)
  137078716980240: TensorSpec(shape=(), dtype=tf.resource, name=None)
  137078716977744: TensorSpec(shape=(), dtype=tf.resource, name=None)
  137078716981392: TensorSpec(shape=(), dtype=tf.resource, name=None)
  137078716980816: TensorSpec(shape=(), dtype=tf.resource, name=None)
  137078716981008: TensorSpec(shape=(), dtype=tf.resource, name=None)
  137078716981200: TensorSpec(shape=(), dtype=tf.resource, name=None)
  137078716978704: TensorSpec(shape=(), dtype=tf.resource, name=None)
  137078716982352: TensorSpec(shape=(), dtype=tf.resource, name=None)
  137078716981776: TensorSpec(shape=(), dtype=tf.resource, name=None)
  137078716981968: TensorSpec(shape=(), dtype=tf.resource, name=None)
  137078716982160: TensorSpec(shape=(), dtype=tf.resource, name=None)
  137078716979664: TensorSpec(shape=(), dtype=tf.resource, name=None)
  137078716983312: TensorSpec(shape=(), dtype=tf.resource, name=None)
  137078716982736: TensorSpec(shape=(), dtype=tf.resource, name=None)
  137078716982928: TensorSpec(shape=(), dtype=tf.resource, name=None)
  137078716983120: TensorSpec(shape=(), dtype=tf.resource, name=None)
  137078716980624: TensorSpec(shape=(), dtype=tf.resource, name=None)
  137078716984272: TensorSpec(shape=(), dtype=tf.resource, name=None)
  137078716983696: TensorSpec(shape=(), dtype=tf.resource, name=None)
  137078716983888: TensorSpec(shape=(), dtype=tf.resource, name=None)
  137078716984080: TensorSpec(shape=(), dtype=tf.resource, name=None)
  137078716981584: TensorSpec(shape=(), dtype=tf.resource, name=None)
  137078716985232: TensorSpec(shape=(), dtype=tf.resource, name=None)
  137078716984656: TensorSpec(shape=(), dtype=tf.resource, name=None)
  137078716984848: TensorSpec(shape=(), dtype=tf.resource, name=None)
  137078716985040: TensorSpec(shape=(), dtype=tf.resource, name=None)
  137078716982544: TensorSpec(shape=(), dtype=tf.resource, name=None)
  137078716986192: TensorSpec(shape=(), dtype=tf.resource, name=None)
  137078716985616: TensorSpec(shape=(), dtype=tf.resource, name=None)
  137078716985808: TensorSpec(shape=(), dtype=tf.resource, name=None)
  137078716986000: TensorSpec(shape=(), dtype=tf.resource, name=None)
  137078716983504: TensorSpec(shape=(), dtype=tf.resource, name=None)
  137078716987152: TensorSpec(shape=(), dtype=tf.resource, name=None)
  137078716986576: TensorSpec(shape=(), dtype=tf.resource, name=None)
  137078716986768: TensorSpec(shape=(), dtype=tf.resource, name=None)
  137078716986960: TensorSpec(shape=(), dtype=tf.resource, name=None)
  137078716984464: TensorSpec(shape=(), dtype=tf.resource, name=None)
  137078716988112: TensorSpec(shape=(), dtype=tf.resource, name=None)
  137078716987536: TensorSpec(shape=(), dtype=tf.resource, name=None)
  137078716987728: TensorSpec(shape=(), dtype=tf.resource, name=None)
  137078716987920: TensorSpec(shape=(), dtype=tf.resource, name=None)
  137078716985424: TensorSpec(shape=(), dtype=tf.resource, name=None)
  137078716989072: TensorSpec(shape=(), dtype=tf.resource, name=None)
  137078716988496: TensorSpec(shape=(), dtype=tf.resource, name=None)
  137078716987344: TensorSpec(shape=(), dtype=tf.resource, name=None)
  137078716988880: TensorSpec(shape=(), dtype=tf.resource, name=None)
  137078716988688: TensorSpec(shape=(), dtype=tf.resource, name=None)
  137078716988304: TensorSpec(shape=(), dtype=tf.resource, name=None)
  137078716986384: TensorSpec(shape=(), dtype=tf.resource, name=None)
  137078715777488: TensorSpec(shape=(), dtype=tf.resource, name=None)
  137078715778640: TensorSpec(shape=(), dtype=tf.resource, name=None)
  137078716989264: TensorSpec(shape=(), dtype=tf.resource, name=None)
  137078715778064: TensorSpec(shape=(), dtype=tf.resource, name=None)
  137078715778448: TensorSpec(shape=(), dtype=tf.resource, name=None)
  137078715777104: TensorSpec(shape=(), dtype=tf.resource, name=None)
  137078715777296: TensorSpec(shape=(), dtype=tf.resource, name=None)
  137078715777680: TensorSpec(shape=(), dtype=tf.resource, name=None)
  137078715779600: TensorSpec(shape=(), dtype=tf.resource, name=None)
  137078715779024: TensorSpec(shape=(), dtype=tf.resource, name=None)
  137078715779216: TensorSpec(shape=(), dtype=tf.resource, name=None)
  137078715779408: TensorSpec(shape=(), dtype=tf.resource, name=None)
  137078715778256: TensorSpec(shape=(), dtype=tf.resource, name=None)
  137078715780560: TensorSpec(shape=(), dtype=tf.resource, name=None)
  137078715779984: TensorSpec(shape=(), dtype=tf.resource, name=None)
  137078715780176: TensorSpec(shape=(), dtype=tf.resource, name=None)
  137078715780368: TensorSpec(shape=(), dtype=tf.resource, name=None)
  137078715777872: TensorSpec(shape=(), dtype=tf.resource, name=None)
  137078715781520: TensorSpec(shape=(), dtype=tf.resource, name=None)
  137078715780944: TensorSpec(shape=(), dtype=tf.resource, name=None)
  137078715781136: TensorSpec(shape=(), dtype=tf.resource, name=None)
  137078715781328: TensorSpec(shape=(), dtype=tf.resource, name=None)
  137078715778832: TensorSpec(shape=(), dtype=tf.resource, name=None)
  137078715782480: TensorSpec(shape=(), dtype=tf.resource, name=None)
  137078715781904: TensorSpec(shape=(), dtype=tf.resource, name=None)
  137078715782096: TensorSpec(shape=(), dtype=tf.resource, name=None)
  137078715782288: TensorSpec(shape=(), dtype=tf.resource, name=None)
  137078715779792: TensorSpec(shape=(), dtype=tf.resource, name=None)
  137078715783440: TensorSpec(shape=(), dtype=tf.resource, name=None)
  137078715783632: TensorSpec(shape=(), dtype=tf.resource, name=None)
  137078715784016: TensorSpec(shape=(), dtype=tf.resource, name=None)
/home/nkolesnikov/.cache/pypoetry/virtualenvs/plant-disease-eccv2026-vTaypfzd-py3.12/lib/python3.12/site-packages/tensorflow/lite/python/convert.py:863: UserWarning: Statistics for quantized inputs were expected, but not specified; continuing anyway.
  warnings.warn(
WARNING: All log messages before absl::InitializeLog() is called are written to STDERR
W0000 00:00:1770556549.412964  198816 tf_tfl_flatbuffer_helpers.cc:364] Ignored output_format.
W0000 00:00:1770556549.412981  198816 tf_tfl_flatbuffer_helpers.cc:367] Ignored drop_control_dependency.
2026-02-08 16:15:49.413228: I tensorflow/cc/saved_model/reader.cc:83] Reading SavedModel from: /tmp/tmpn_d7kmfs
2026-02-08 16:15:49.419188: I tensorflow/cc/saved_model/reader.cc:52] Reading meta graph with tags { serve }
2026-02-08 16:15:49.419197: I tensorflow/cc/saved_model/reader.cc:147] Reading SavedModel debug info (if present) from: /tmp/tmpn_d7kmfs
I0000 00:00:1770556549.468277  198816 mlir_graph_optimization_pass.cc:437] MLIR V1 optimization pass is not enabled
2026-02-08 16:15:49.478309: I tensorflow/cc/saved_model/loader.cc:236] Restoring SavedModel bundle.
2026-02-08 16:15:49.802091: I tensorflow/cc/saved_model/loader.cc:220] Running initialization op on SavedModel bundle at path: /tmp/tmpn_d7kmfs
2026-02-08 16:15:49.875002: I tensorflow/cc/saved_model/loader.cc:471] SavedModel load for tags { serve }; Status: success: OK. Took 461775 microseconds.
2026-02-08 16:15:49.947403: I tensorflow/compiler/mlir/tensorflow/utils/dump_mlir_util.cc:269] disabling MLIR crash reproducer, set env var `MLIR_CRASH_REPRODUCER_DIRECTORY` to enable.
fully_quantize: 0, inference_type: 6, input_inference_type: INT8, output_inference_type: INT8
2026-02-08 16:15:55.181424: W tensorflow/compiler/mlir/lite/flatbuffer_export.cc:3705] Skipping runtime version metadata in the model. This will be generated by the exporter.
[OK] INT8 TFLite exported → export/mobilenetv2_int8_ptq_Fuzzy.tflite
[0;32m[STEP 47][0m MobileNetV1 INT8 EdgeTPU (Fuzzy)
2026-02-08 16:15:56.373759: I tensorflow/core/util/port.cc:153] oneDNN custom operations are on. You may see slightly different numerical results due to floating-point round-off errors from different computation orders. To turn them off, set the environment variable `TF_ENABLE_ONEDNN_OPTS=0`.
2026-02-08 16:15:56.403184: I tensorflow/core/platform/cpu_feature_guard.cc:210] This TensorFlow binary is optimized to use available CPU instructions in performance-critical operations.
To enable the following instructions: AVX2 AVX512F AVX512_VNNI AVX512_BF16 FMA, in other operations, rebuild TensorFlow with the appropriate compiler flags.
2026-02-08 16:15:57.118311: I tensorflow/core/util/port.cc:153] oneDNN custom operations are on. You may see slightly different numerical results due to floating-point round-off errors from different computation orders. To turn them off, set the environment variable `TF_ENABLE_ONEDNN_OPTS=0`.
2026-02-08 16:15:57.783221: E external/local_xla/xla/stream_executor/cuda/cuda_platform.cc:51] failed call to cuInit: INTERNAL: CUDA error: Failed call to cuInit: CUDA_ERROR_NO_DEVICE: no CUDA-capable device is detected
2026-02-08 16:15:57.783241: I external/local_xla/xla/stream_executor/cuda/cuda_diagnostics.cc:160] env: CUDA_VISIBLE_DEVICES=""
2026-02-08 16:15:57.783246: I external/local_xla/xla/stream_executor/cuda/cuda_diagnostics.cc:163] CUDA_VISIBLE_DEVICES is set to an empty string - this hides all GPUs from CUDA
2026-02-08 16:15:57.783248: I external/local_xla/xla/stream_executor/cuda/cuda_diagnostics.cc:171] verbose logging is disabled. Rerun with verbose logging (usually --v=1 or --vmodule=cuda_diagnostics=1) to get more diagnostic output from this module
2026-02-08 16:15:57.783252: I external/local_xla/xla/stream_executor/cuda/cuda_diagnostics.cc:176] retrieving CUDA diagnostic information for host: nkolesnikov-ubuntu
2026-02-08 16:15:57.783254: I external/local_xla/xla/stream_executor/cuda/cuda_diagnostics.cc:183] hostname: nkolesnikov-ubuntu
2026-02-08 16:15:57.783341: I external/local_xla/xla/stream_executor/cuda/cuda_diagnostics.cc:190] libcuda reported version is: 590.48.1
2026-02-08 16:15:57.783354: I external/local_xla/xla/stream_executor/cuda/cuda_diagnostics.cc:194] kernel reported version is: 590.48.1
2026-02-08 16:15:57.783356: I external/local_xla/xla/stream_executor/cuda/cuda_diagnostics.cc:284] kernel version seems to match DSO: 590.48.1
WARNING:absl:Please consider providing the trackable_obj argument in the from_concrete_functions. Providing without the trackable_obj argument is deprecated and it will use the deprecated conversion path.
WARNING: All log messages before absl::InitializeLog() is called are written to STDERR
I0000 00:00:1770556558.086592  199127 devices.cc:67] Number of eligible GPUs (core count >= 8, compute capability >= 0.0): 0
I0000 00:00:1770556558.086685  199127 single_machine.cc:376] Starting new session
/home/nkolesnikov/.cache/pypoetry/virtualenvs/plant-disease-eccv2026-vTaypfzd-py3.12/lib/python3.12/site-packages/tensorflow/lite/python/convert.py:863: UserWarning: Statistics for quantized inputs were expected, but not specified; continuing anyway.
  warnings.warn(
W0000 00:00:1770556558.480164  199127 tf_tfl_flatbuffer_helpers.cc:364] Ignored output_format.
W0000 00:00:1770556558.480186  199127 tf_tfl_flatbuffer_helpers.cc:367] Ignored drop_control_dependency.
2026-02-08 16:15:58.628521: I tensorflow/compiler/mlir/lite/flatbuffer_export.cc:4150] Estimated count of arithmetic ops: 1.141 G  ops, equivalently 0.570 G  MACs
fully_quantize: 0, inference_type: 6, input_inference_type: INT8, output_inference_type: INT8
2026-02-08 16:16:02.749260: I tensorflow/compiler/mlir/lite/flatbuffer_export.cc:4150] Estimated count of arithmetic ops: 1.141 G  ops, equivalently 0.570 G  MACs
2026-02-08 16:16:02.749277: W tensorflow/compiler/mlir/lite/flatbuffer_export.cc:3705] Skipping runtime version metadata in the model. This will be generated by the exporter.
[INFO] MobileNetV1 INT8 export for strategy=Fuzzy
       classes=16, weights=export/mobilenetv1_Fuzzy_weights.npz
[INFO] Transferred weights for 55/55 layers
[INFO] Converting to INT8 TFLite (200 calibration samples) ...
[OK] INT8 PTQ TFLite exported -> export/mobilenetv1_int8_ptq_Fuzzy.tflite (3.4 MB)
[0;32m[STEP 48][0m EfficientNet-Lite0 INT8 EdgeTPU (Fuzzy)
2026-02-08 16:16:03.890141: I tensorflow/core/util/port.cc:153] oneDNN custom operations are on. You may see slightly different numerical results due to floating-point round-off errors from different computation orders. To turn them off, set the environment variable `TF_ENABLE_ONEDNN_OPTS=0`.
2026-02-08 16:16:03.919783: I tensorflow/core/platform/cpu_feature_guard.cc:210] This TensorFlow binary is optimized to use available CPU instructions in performance-critical operations.
To enable the following instructions: AVX2 AVX512F AVX512_VNNI AVX512_BF16 FMA, in other operations, rebuild TensorFlow with the appropriate compiler flags.
2026-02-08 16:16:04.604052: I tensorflow/core/util/port.cc:153] oneDNN custom operations are on. You may see slightly different numerical results due to floating-point round-off errors from different computation orders. To turn them off, set the environment variable `TF_ENABLE_ONEDNN_OPTS=0`.
2026-02-08 16:16:05.280980: E external/local_xla/xla/stream_executor/cuda/cuda_platform.cc:51] failed call to cuInit: INTERNAL: CUDA error: Failed call to cuInit: CUDA_ERROR_NO_DEVICE: no CUDA-capable device is detected
2026-02-08 16:16:05.281006: I external/local_xla/xla/stream_executor/cuda/cuda_diagnostics.cc:160] env: CUDA_VISIBLE_DEVICES=""
2026-02-08 16:16:05.281011: I external/local_xla/xla/stream_executor/cuda/cuda_diagnostics.cc:163] CUDA_VISIBLE_DEVICES is set to an empty string - this hides all GPUs from CUDA
2026-02-08 16:16:05.281014: I external/local_xla/xla/stream_executor/cuda/cuda_diagnostics.cc:171] verbose logging is disabled. Rerun with verbose logging (usually --v=1 or --vmodule=cuda_diagnostics=1) to get more diagnostic output from this module
2026-02-08 16:16:05.281020: I external/local_xla/xla/stream_executor/cuda/cuda_diagnostics.cc:176] retrieving CUDA diagnostic information for host: nkolesnikov-ubuntu
2026-02-08 16:16:05.281022: I external/local_xla/xla/stream_executor/cuda/cuda_diagnostics.cc:183] hostname: nkolesnikov-ubuntu
2026-02-08 16:16:05.281169: I external/local_xla/xla/stream_executor/cuda/cuda_diagnostics.cc:190] libcuda reported version is: 590.48.1
2026-02-08 16:16:05.281187: I external/local_xla/xla/stream_executor/cuda/cuda_diagnostics.cc:194] kernel reported version is: 590.48.1
2026-02-08 16:16:05.281190: I external/local_xla/xla/stream_executor/cuda/cuda_diagnostics.cc:284] kernel version seems to match DSO: 590.48.1
WARNING:absl:Please consider providing the trackable_obj argument in the from_concrete_functions. Providing without the trackable_obj argument is deprecated and it will use the deprecated conversion path.
WARNING: All log messages before absl::InitializeLog() is called are written to STDERR
I0000 00:00:1770556565.875574  199483 devices.cc:67] Number of eligible GPUs (core count >= 8, compute capability >= 0.0): 0
I0000 00:00:1770556565.875881  199483 single_machine.cc:376] Starting new session
/home/nkolesnikov/.cache/pypoetry/virtualenvs/plant-disease-eccv2026-vTaypfzd-py3.12/lib/python3.12/site-packages/tensorflow/lite/python/convert.py:863: UserWarning: Statistics for quantized inputs were expected, but not specified; continuing anyway.
  warnings.warn(
W0000 00:00:1770556566.287385  199483 tf_tfl_flatbuffer_helpers.cc:364] Ignored output_format.
W0000 00:00:1770556566.287404  199483 tf_tfl_flatbuffer_helpers.cc:367] Ignored drop_control_dependency.
2026-02-08 16:16:06.453856: I tensorflow/compiler/mlir/lite/flatbuffer_export.cc:4150] Estimated count of arithmetic ops: 774.804 M  ops, equivalently 387.402 M  MACs
fully_quantize: 0, inference_type: 6, input_inference_type: INT8, output_inference_type: INT8
2026-02-08 16:16:11.709447: I tensorflow/compiler/mlir/lite/flatbuffer_export.cc:4150] Estimated count of arithmetic ops: 774.804 M  ops, equivalently 387.402 M  MACs
2026-02-08 16:16:11.709466: W tensorflow/compiler/mlir/lite/flatbuffer_export.cc:3705] Skipping runtime version metadata in the model. This will be generated by the exporter.
[INFO] EfficientNet-Lite0 INT8 export for strategy=Fuzzy
       classes=16, weights=export/efficientnet_lite0_Fuzzy_weights.npz
[INFO] Transferred weights for 99/99 layers
[INFO] Converting to INT8 TFLite (200 calibration samples) ...
[OK] INT8 PTQ TFLite exported -> export/efficientnet_lite0_int8_ptq_Fuzzy.tflite (3.8 MB)
[0;32m[STEP 49][0m EfficientNet-B3 INT8 CPU-only (Fuzzy)
2026-02-08 16:16:12.966797: I tensorflow/core/util/port.cc:153] oneDNN custom operations are on. You may see slightly different numerical results due to floating-point round-off errors from different computation orders. To turn them off, set the environment variable `TF_ENABLE_ONEDNN_OPTS=0`.
2026-02-08 16:16:12.998023: I tensorflow/core/platform/cpu_feature_guard.cc:210] This TensorFlow binary is optimized to use available CPU instructions in performance-critical operations.
To enable the following instructions: AVX2 AVX512F AVX512_VNNI AVX512_BF16 FMA, in other operations, rebuild TensorFlow with the appropriate compiler flags.
2026-02-08 16:16:13.688458: I tensorflow/core/util/port.cc:153] oneDNN custom operations are on. You may see slightly different numerical results due to floating-point round-off errors from different computation orders. To turn them off, set the environment variable `TF_ENABLE_ONEDNN_OPTS=0`.
2026-02-08 16:16:14.334565: E external/local_xla/xla/stream_executor/cuda/cuda_platform.cc:51] failed call to cuInit: INTERNAL: CUDA error: Failed call to cuInit: CUDA_ERROR_NO_DEVICE: no CUDA-capable device is detected
2026-02-08 16:16:14.334584: I external/local_xla/xla/stream_executor/cuda/cuda_diagnostics.cc:160] env: CUDA_VISIBLE_DEVICES=""
2026-02-08 16:16:14.334593: I external/local_xla/xla/stream_executor/cuda/cuda_diagnostics.cc:163] CUDA_VISIBLE_DEVICES is set to an empty string - this hides all GPUs from CUDA
2026-02-08 16:16:14.334595: I external/local_xla/xla/stream_executor/cuda/cuda_diagnostics.cc:171] verbose logging is disabled. Rerun with verbose logging (usually --v=1 or --vmodule=cuda_diagnostics=1) to get more diagnostic output from this module
2026-02-08 16:16:14.334600: I external/local_xla/xla/stream_executor/cuda/cuda_diagnostics.cc:176] retrieving CUDA diagnostic information for host: nkolesnikov-ubuntu
2026-02-08 16:16:14.334602: I external/local_xla/xla/stream_executor/cuda/cuda_diagnostics.cc:183] hostname: nkolesnikov-ubuntu
2026-02-08 16:16:14.334684: I external/local_xla/xla/stream_executor/cuda/cuda_diagnostics.cc:190] libcuda reported version is: 590.48.1
2026-02-08 16:16:14.334698: I external/local_xla/xla/stream_executor/cuda/cuda_diagnostics.cc:194] kernel reported version is: 590.48.1
2026-02-08 16:16:14.334700: I external/local_xla/xla/stream_executor/cuda/cuda_diagnostics.cc:284] kernel version seems to match DSO: 590.48.1
WARNING:absl:Please consider providing the trackable_obj argument in the from_concrete_functions. Providing without the trackable_obj argument is deprecated and it will use the deprecated conversion path.
WARNING: All log messages before absl::InitializeLog() is called are written to STDERR
I0000 00:00:1770556575.553039  199844 devices.cc:67] Number of eligible GPUs (core count >= 8, compute capability >= 0.0): 0
I0000 00:00:1770556575.553136  199844 single_machine.cc:376] Starting new session
/home/nkolesnikov/.cache/pypoetry/virtualenvs/plant-disease-eccv2026-vTaypfzd-py3.12/lib/python3.12/site-packages/tensorflow/lite/python/convert.py:863: UserWarning: Statistics for quantized inputs were expected, but not specified; continuing anyway.
  warnings.warn(
W0000 00:00:1770556577.213041  199844 tf_tfl_flatbuffer_helpers.cc:364] Ignored output_format.
W0000 00:00:1770556577.213060  199844 tf_tfl_flatbuffer_helpers.cc:367] Ignored drop_control_dependency.
2026-02-08 16:16:17.698854: I tensorflow/compiler/mlir/lite/flatbuffer_export.cc:4150] Estimated count of arithmetic ops: 2.699 G  ops, equivalently 1.349 G  MACs
fully_quantize: 0, inference_type: 6, input_inference_type: INT8, output_inference_type: INT8
2026-02-08 16:16:47.797057: I tensorflow/compiler/mlir/lite/flatbuffer_export.cc:4150] Estimated count of arithmetic ops: 2.699 G  ops, equivalently 1.349 G  MACs
2026-02-08 16:16:47.797077: W tensorflow/compiler/mlir/lite/flatbuffer_export.cc:3705] Skipping runtime version metadata in the model. This will be generated by the exporter.
[INFO] Starting PTQ INT8 conversion for EfficientNet-B3 (Fuzzy)
       Weights: export/efficientnet_Fuzzy_weights.npz
       Classes: 16
       Calibration: splits/Fuzzy/pv_calib_10pct.csv
[INFO] Loaded weights for 0 backbone layers
[OK] INT8 PTQ TFLite exported -> export/efficientnet_int8_ptq_Fuzzy.tflite (11.7 MB)
[0;32m[STEP 50][0m ResNet-50 INT8 EdgeTPU (sbert)
2026-02-08 16:16:49.174935: I tensorflow/core/util/port.cc:153] oneDNN custom operations are on. You may see slightly different numerical results due to floating-point round-off errors from different computation orders. To turn them off, set the environment variable `TF_ENABLE_ONEDNN_OPTS=0`.
2026-02-08 16:16:49.212603: I tensorflow/core/platform/cpu_feature_guard.cc:210] This TensorFlow binary is optimized to use available CPU instructions in performance-critical operations.
To enable the following instructions: AVX2 AVX512F AVX512_VNNI AVX512_BF16 FMA, in other operations, rebuild TensorFlow with the appropriate compiler flags.
2026-02-08 16:16:49.940584: I tensorflow/core/util/port.cc:153] oneDNN custom operations are on. You may see slightly different numerical results due to floating-point round-off errors from different computation orders. To turn them off, set the environment variable `TF_ENABLE_ONEDNN_OPTS=0`.
2026-02-08 16:16:50.574415: E external/local_xla/xla/stream_executor/cuda/cuda_platform.cc:51] failed call to cuInit: INTERNAL: CUDA error: Failed call to cuInit: CUDA_ERROR_NO_DEVICE: no CUDA-capable device is detected
2026-02-08 16:16:50.574438: I external/local_xla/xla/stream_executor/cuda/cuda_diagnostics.cc:160] env: CUDA_VISIBLE_DEVICES=""
2026-02-08 16:16:50.574443: I external/local_xla/xla/stream_executor/cuda/cuda_diagnostics.cc:163] CUDA_VISIBLE_DEVICES is set to an empty string - this hides all GPUs from CUDA
2026-02-08 16:16:50.574446: I external/local_xla/xla/stream_executor/cuda/cuda_diagnostics.cc:171] verbose logging is disabled. Rerun with verbose logging (usually --v=1 or --vmodule=cuda_diagnostics=1) to get more diagnostic output from this module
2026-02-08 16:16:50.574451: I external/local_xla/xla/stream_executor/cuda/cuda_diagnostics.cc:176] retrieving CUDA diagnostic information for host: nkolesnikov-ubuntu
2026-02-08 16:16:50.574453: I external/local_xla/xla/stream_executor/cuda/cuda_diagnostics.cc:183] hostname: nkolesnikov-ubuntu
2026-02-08 16:16:50.574592: I external/local_xla/xla/stream_executor/cuda/cuda_diagnostics.cc:190] libcuda reported version is: 590.48.1
2026-02-08 16:16:50.574609: I external/local_xla/xla/stream_executor/cuda/cuda_diagnostics.cc:194] kernel reported version is: 590.48.1
2026-02-08 16:16:50.574612: I external/local_xla/xla/stream_executor/cuda/cuda_diagnostics.cc:284] kernel version seems to match DSO: 590.48.1
WARNING:absl:Please consider providing the trackable_obj argument in the from_concrete_functions. Providing without the trackable_obj argument is deprecated and it will use the deprecated conversion path.
WARNING: All log messages before absl::InitializeLog() is called are written to STDERR
I0000 00:00:1770556611.479450  200600 devices.cc:67] Number of eligible GPUs (core count >= 8, compute capability >= 0.0): 0
I0000 00:00:1770556611.479550  200600 single_machine.cc:376] Starting new session
/home/nkolesnikov/.cache/pypoetry/virtualenvs/plant-disease-eccv2026-vTaypfzd-py3.12/lib/python3.12/site-packages/tensorflow/lite/python/convert.py:863: UserWarning: Statistics for quantized inputs were expected, but not specified; continuing anyway.
  warnings.warn(
W0000 00:00:1770556613.509953  200600 tf_tfl_flatbuffer_helpers.cc:364] Ignored output_format.
W0000 00:00:1770556613.509975  200600 tf_tfl_flatbuffer_helpers.cc:367] Ignored drop_control_dependency.
2026-02-08 16:16:54.415035: I tensorflow/compiler/mlir/lite/flatbuffer_export.cc:4150] Estimated count of arithmetic ops: 7.730 G  ops, equivalently 3.865 G  MACs
fully_quantize: 0, inference_type: 6, input_inference_type: INT8, output_inference_type: INT8
2026-02-08 16:17:11.959402: I tensorflow/compiler/mlir/lite/flatbuffer_export.cc:4150] Estimated count of arithmetic ops: 7.730 G  ops, equivalently 3.865 G  MACs
2026-02-08 16:17:11.959420: W tensorflow/compiler/mlir/lite/flatbuffer_export.cc:3705] Skipping runtime version metadata in the model. This will be generated by the exporter.
[INFO] Starting PTQ INT8 conversion for ResNet50 (sbert)
       Weights: export/resnet50_sbert_weights.npz
       Classes: 15
       Calibration: splits/sbert/pv_calib_10pct.csv
[INFO] Transferred 106/106 backbone layers
[OK] INT8 PTQ TFLite exported -> export/resnet50_int8_ptq_sbert.tflite (23.1 MB)
[0;32m[STEP 51][0m MobileNetV2 INT8 EdgeTPU (sbert)
2026-02-08 16:17:13.275072: I tensorflow/core/util/port.cc:153] oneDNN custom operations are on. You may see slightly different numerical results due to floating-point round-off errors from different computation orders. To turn them off, set the environment variable `TF_ENABLE_ONEDNN_OPTS=0`.
2026-02-08 16:17:13.303257: I tensorflow/core/platform/cpu_feature_guard.cc:210] This TensorFlow binary is optimized to use available CPU instructions in performance-critical operations.
To enable the following instructions: AVX2 AVX512F AVX512_VNNI AVX512_BF16 FMA, in other operations, rebuild TensorFlow with the appropriate compiler flags.
2026-02-08 16:17:14.036926: I tensorflow/core/util/port.cc:153] oneDNN custom operations are on. You may see slightly different numerical results due to floating-point round-off errors from different computation orders. To turn them off, set the environment variable `TF_ENABLE_ONEDNN_OPTS=0`.
2026-02-08 16:17:14.713481: E external/local_xla/xla/stream_executor/cuda/cuda_platform.cc:51] failed call to cuInit: INTERNAL: CUDA error: Failed call to cuInit: CUDA_ERROR_NO_DEVICE: no CUDA-capable device is detected
2026-02-08 16:17:14.713506: I external/local_xla/xla/stream_executor/cuda/cuda_diagnostics.cc:160] env: CUDA_VISIBLE_DEVICES=""
2026-02-08 16:17:14.713511: I external/local_xla/xla/stream_executor/cuda/cuda_diagnostics.cc:163] CUDA_VISIBLE_DEVICES is set to an empty string - this hides all GPUs from CUDA
2026-02-08 16:17:14.713514: I external/local_xla/xla/stream_executor/cuda/cuda_diagnostics.cc:171] verbose logging is disabled. Rerun with verbose logging (usually --v=1 or --vmodule=cuda_diagnostics=1) to get more diagnostic output from this module
2026-02-08 16:17:14.713518: I external/local_xla/xla/stream_executor/cuda/cuda_diagnostics.cc:176] retrieving CUDA diagnostic information for host: nkolesnikov-ubuntu
2026-02-08 16:17:14.713521: I external/local_xla/xla/stream_executor/cuda/cuda_diagnostics.cc:183] hostname: nkolesnikov-ubuntu
2026-02-08 16:17:14.713686: I external/local_xla/xla/stream_executor/cuda/cuda_diagnostics.cc:190] libcuda reported version is: 590.48.1
2026-02-08 16:17:14.713707: I external/local_xla/xla/stream_executor/cuda/cuda_diagnostics.cc:194] kernel reported version is: 590.48.1
2026-02-08 16:17:14.713709: I external/local_xla/xla/stream_executor/cuda/cuda_diagnostics.cc:284] kernel version seems to match DSO: 590.48.1
Saved artifact at '/tmp/tmp1oi1ba2g'. The following endpoints are available:

* Endpoint 'serve'
  args_0 (POSITIONAL_ONLY): TensorSpec(shape=(None, 224, 224, 3), dtype=tf.float32, name='input')
Output Type:
  TensorSpec(shape=(None, 15), dtype=tf.float32, name=None)
Captures:
  135387742257424: TensorSpec(shape=(), dtype=tf.resource, name=None)
  135387742258960: TensorSpec(shape=(), dtype=tf.resource, name=None)
  135387742260688: TensorSpec(shape=(), dtype=tf.resource, name=None)
  135387742260304: TensorSpec(shape=(), dtype=tf.resource, name=None)
  135387742259152: TensorSpec(shape=(), dtype=tf.resource, name=None)
  135387742260880: TensorSpec(shape=(), dtype=tf.resource, name=None)
  135387742259344: TensorSpec(shape=(), dtype=tf.resource, name=None)
  135387742261456: TensorSpec(shape=(), dtype=tf.resource, name=None)
  135387742261072: TensorSpec(shape=(), dtype=tf.resource, name=None)
  135387742257232: TensorSpec(shape=(), dtype=tf.resource, name=None)
  135387742261648: TensorSpec(shape=(), dtype=tf.resource, name=None)
  135387742263952: TensorSpec(shape=(), dtype=tf.resource, name=None)
  135387742264144: TensorSpec(shape=(), dtype=tf.resource, name=None)
  135387742263376: TensorSpec(shape=(), dtype=tf.resource, name=None)
  135387742262800: TensorSpec(shape=(), dtype=tf.resource, name=None)
  135387742262416: TensorSpec(shape=(), dtype=tf.resource, name=None)
  135387742265104: TensorSpec(shape=(), dtype=tf.resource, name=None)
  135387742264912: TensorSpec(shape=(), dtype=tf.resource, name=None)
  135387742263760: TensorSpec(shape=(), dtype=tf.resource, name=None)
  135387742265680: TensorSpec(shape=(), dtype=tf.resource, name=None)
  135387742264336: TensorSpec(shape=(), dtype=tf.resource, name=None)
  135387742266832: TensorSpec(shape=(), dtype=tf.resource, name=None)
  135387742267024: TensorSpec(shape=(), dtype=tf.resource, name=None)
  135387742266256: TensorSpec(shape=(), dtype=tf.resource, name=None)
  135387742263568: TensorSpec(shape=(), dtype=tf.resource, name=None)
  135387742265872: TensorSpec(shape=(), dtype=tf.resource, name=None)
  135387742265488: TensorSpec(shape=(), dtype=tf.resource, name=None)
  135387742265296: TensorSpec(shape=(), dtype=tf.resource, name=None)
  135387742266448: TensorSpec(shape=(), dtype=tf.resource, name=None)
  135387742267984: TensorSpec(shape=(), dtype=tf.resource, name=None)
  135387742267408: TensorSpec(shape=(), dtype=tf.resource, name=None)
  135387742267600: TensorSpec(shape=(), dtype=tf.resource, name=None)
  135387742267792: TensorSpec(shape=(), dtype=tf.resource, name=None)
  135387742266640: TensorSpec(shape=(), dtype=tf.resource, name=None)
  135387742268944: TensorSpec(shape=(), dtype=tf.resource, name=None)
  135387742268368: TensorSpec(shape=(), dtype=tf.resource, name=None)
  135387742268560: TensorSpec(shape=(), dtype=tf.resource, name=None)
  135387742268752: TensorSpec(shape=(), dtype=tf.resource, name=None)
  135387742262608: TensorSpec(shape=(), dtype=tf.resource, name=None)
  135387742269904: TensorSpec(shape=(), dtype=tf.resource, name=None)
  135387742270288: TensorSpec(shape=(), dtype=tf.resource, name=None)
  135387742270480: TensorSpec(shape=(), dtype=tf.resource, name=None)
  135387742269520: TensorSpec(shape=(), dtype=tf.resource, name=None)
  135387742270096: TensorSpec(shape=(), dtype=tf.resource, name=None)
  135387742271056: TensorSpec(shape=(), dtype=tf.resource, name=None)
  135387742271440: TensorSpec(shape=(), dtype=tf.resource, name=None)
  135387742271632: TensorSpec(shape=(), dtype=tf.resource, name=None)
  135387742270672: TensorSpec(shape=(), dtype=tf.resource, name=None)
  135387742271248: TensorSpec(shape=(), dtype=tf.resource, name=None)
  135387742272208: TensorSpec(shape=(), dtype=tf.resource, name=None)
  135387742269712: TensorSpec(shape=(), dtype=tf.resource, name=None)
  135387742271824: TensorSpec(shape=(), dtype=tf.resource, name=None)
  135387742272016: TensorSpec(shape=(), dtype=tf.resource, name=None)
  135387742269136: TensorSpec(shape=(), dtype=tf.resource, name=None)
  135387742273168: TensorSpec(shape=(), dtype=tf.resource, name=None)
  135387742272592: TensorSpec(shape=(), dtype=tf.resource, name=None)
  135387742270864: TensorSpec(shape=(), dtype=tf.resource, name=None)
  135387742272976: TensorSpec(shape=(), dtype=tf.resource, name=None)
  135387742272784: TensorSpec(shape=(), dtype=tf.resource, name=None)
  135387742272400: TensorSpec(shape=(), dtype=tf.resource, name=None)
  135387742269328: TensorSpec(shape=(), dtype=tf.resource, name=None)
  135387737227728: TensorSpec(shape=(), dtype=tf.resource, name=None)
  135387737228880: TensorSpec(shape=(), dtype=tf.resource, name=None)
  135387742273360: TensorSpec(shape=(), dtype=tf.resource, name=None)
  135387737228304: TensorSpec(shape=(), dtype=tf.resource, name=None)
  135387737228688: TensorSpec(shape=(), dtype=tf.resource, name=None)
  135387737227344: TensorSpec(shape=(), dtype=tf.resource, name=None)
  135387737227536: TensorSpec(shape=(), dtype=tf.resource, name=None)
  135387737227920: TensorSpec(shape=(), dtype=tf.resource, name=None)
  135387737229840: TensorSpec(shape=(), dtype=tf.resource, name=None)
  135387737229264: TensorSpec(shape=(), dtype=tf.resource, name=None)
  135387737229456: TensorSpec(shape=(), dtype=tf.resource, name=None)
  135387737229648: TensorSpec(shape=(), dtype=tf.resource, name=None)
  135387737228496: TensorSpec(shape=(), dtype=tf.resource, name=None)
  135387737230800: TensorSpec(shape=(), dtype=tf.resource, name=None)
  135387737230224: TensorSpec(shape=(), dtype=tf.resource, name=None)
  135387737230416: TensorSpec(shape=(), dtype=tf.resource, name=None)
  135387737230608: TensorSpec(shape=(), dtype=tf.resource, name=None)
  135387737228112: TensorSpec(shape=(), dtype=tf.resource, name=None)
  135387737231760: TensorSpec(shape=(), dtype=tf.resource, name=None)
  135387737231184: TensorSpec(shape=(), dtype=tf.resource, name=None)
  135387737231376: TensorSpec(shape=(), dtype=tf.resource, name=None)
  135387737231568: TensorSpec(shape=(), dtype=tf.resource, name=None)
  135387737229072: TensorSpec(shape=(), dtype=tf.resource, name=None)
  135387737232720: TensorSpec(shape=(), dtype=tf.resource, name=None)
  135387737232144: TensorSpec(shape=(), dtype=tf.resource, name=None)
  135387737232336: TensorSpec(shape=(), dtype=tf.resource, name=None)
  135387737232528: TensorSpec(shape=(), dtype=tf.resource, name=None)
  135387737230032: TensorSpec(shape=(), dtype=tf.resource, name=None)
  135387737233680: TensorSpec(shape=(), dtype=tf.resource, name=None)
  135387737233104: TensorSpec(shape=(), dtype=tf.resource, name=None)
  135387737233296: TensorSpec(shape=(), dtype=tf.resource, name=None)
  135387737233488: TensorSpec(shape=(), dtype=tf.resource, name=None)
  135387737230992: TensorSpec(shape=(), dtype=tf.resource, name=None)
  135387737234640: TensorSpec(shape=(), dtype=tf.resource, name=None)
  135387737234064: TensorSpec(shape=(), dtype=tf.resource, name=None)
  135387737234256: TensorSpec(shape=(), dtype=tf.resource, name=None)
  135387737234448: TensorSpec(shape=(), dtype=tf.resource, name=None)
  135387737231952: TensorSpec(shape=(), dtype=tf.resource, name=None)
  135387737235600: TensorSpec(shape=(), dtype=tf.resource, name=None)
  135387737235024: TensorSpec(shape=(), dtype=tf.resource, name=None)
  135387737235216: TensorSpec(shape=(), dtype=tf.resource, name=None)
  135387737235408: TensorSpec(shape=(), dtype=tf.resource, name=None)
  135387737232912: TensorSpec(shape=(), dtype=tf.resource, name=None)
  135387737236560: TensorSpec(shape=(), dtype=tf.resource, name=None)
  135387737235984: TensorSpec(shape=(), dtype=tf.resource, name=None)
  135387737236176: TensorSpec(shape=(), dtype=tf.resource, name=None)
  135387737236368: TensorSpec(shape=(), dtype=tf.resource, name=None)
  135387737233872: TensorSpec(shape=(), dtype=tf.resource, name=None)
  135387737237520: TensorSpec(shape=(), dtype=tf.resource, name=None)
  135387737236944: TensorSpec(shape=(), dtype=tf.resource, name=None)
  135387737237136: TensorSpec(shape=(), dtype=tf.resource, name=None)
  135387737237328: TensorSpec(shape=(), dtype=tf.resource, name=None)
  135387737234832: TensorSpec(shape=(), dtype=tf.resource, name=None)
  135387737238480: TensorSpec(shape=(), dtype=tf.resource, name=None)
  135387737237904: TensorSpec(shape=(), dtype=tf.resource, name=None)
  135387737238096: TensorSpec(shape=(), dtype=tf.resource, name=None)
  135387737238288: TensorSpec(shape=(), dtype=tf.resource, name=None)
  135387737235792: TensorSpec(shape=(), dtype=tf.resource, name=None)
  135387737239440: TensorSpec(shape=(), dtype=tf.resource, name=None)
  135387737238864: TensorSpec(shape=(), dtype=tf.resource, name=None)
  135387737239056: TensorSpec(shape=(), dtype=tf.resource, name=None)
  135387737239248: TensorSpec(shape=(), dtype=tf.resource, name=None)
  135387737236752: TensorSpec(shape=(), dtype=tf.resource, name=None)
  135387737240400: TensorSpec(shape=(), dtype=tf.resource, name=None)
  135387737239824: TensorSpec(shape=(), dtype=tf.resource, name=None)
  135387737240016: TensorSpec(shape=(), dtype=tf.resource, name=None)
  135387737240208: TensorSpec(shape=(), dtype=tf.resource, name=None)
  135387737237712: TensorSpec(shape=(), dtype=tf.resource, name=None)
  135387737241360: TensorSpec(shape=(), dtype=tf.resource, name=None)
  135387737240784: TensorSpec(shape=(), dtype=tf.resource, name=None)
  135387737240976: TensorSpec(shape=(), dtype=tf.resource, name=None)
  135387737241168: TensorSpec(shape=(), dtype=tf.resource, name=None)
  135387737238672: TensorSpec(shape=(), dtype=tf.resource, name=None)
  135387737242320: TensorSpec(shape=(), dtype=tf.resource, name=None)
  135387737241744: TensorSpec(shape=(), dtype=tf.resource, name=None)
  135387737241936: TensorSpec(shape=(), dtype=tf.resource, name=None)
  135387737242128: TensorSpec(shape=(), dtype=tf.resource, name=None)
  135387737239632: TensorSpec(shape=(), dtype=tf.resource, name=None)
  135387737243280: TensorSpec(shape=(), dtype=tf.resource, name=None)
  135387737242704: TensorSpec(shape=(), dtype=tf.resource, name=None)
  135387737241552: TensorSpec(shape=(), dtype=tf.resource, name=None)
  135387737243088: TensorSpec(shape=(), dtype=tf.resource, name=None)
  135387737242896: TensorSpec(shape=(), dtype=tf.resource, name=None)
  135387737242512: TensorSpec(shape=(), dtype=tf.resource, name=None)
  135387737240592: TensorSpec(shape=(), dtype=tf.resource, name=None)
  135387710883216: TensorSpec(shape=(), dtype=tf.resource, name=None)
  135387710883408: TensorSpec(shape=(), dtype=tf.resource, name=None)
  135387737243472: TensorSpec(shape=(), dtype=tf.resource, name=None)
  135387710882256: TensorSpec(shape=(), dtype=tf.resource, name=None)
  135387710881872: TensorSpec(shape=(), dtype=tf.resource, name=None)
  135387710883024: TensorSpec(shape=(), dtype=tf.resource, name=None)
  135387710882832: TensorSpec(shape=(), dtype=tf.resource, name=None)
  135387710882640: TensorSpec(shape=(), dtype=tf.resource, name=None)
  135387710884368: TensorSpec(shape=(), dtype=tf.resource, name=None)
  135387710883792: TensorSpec(shape=(), dtype=tf.resource, name=None)
  135387710883984: TensorSpec(shape=(), dtype=tf.resource, name=None)
  135387710884176: TensorSpec(shape=(), dtype=tf.resource, name=None)
  135387710882064: TensorSpec(shape=(), dtype=tf.resource, name=None)
  135387710885328: TensorSpec(shape=(), dtype=tf.resource, name=None)
  135387710884752: TensorSpec(shape=(), dtype=tf.resource, name=None)
  135387710884944: TensorSpec(shape=(), dtype=tf.resource, name=None)
  135387710885136: TensorSpec(shape=(), dtype=tf.resource, name=None)
  135387710882448: TensorSpec(shape=(), dtype=tf.resource, name=None)
  135387710886288: TensorSpec(shape=(), dtype=tf.resource, name=None)
  135387710885712: TensorSpec(shape=(), dtype=tf.resource, name=None)
  135387710885904: TensorSpec(shape=(), dtype=tf.resource, name=None)
  135387710886096: TensorSpec(shape=(), dtype=tf.resource, name=None)
  135387710883600: TensorSpec(shape=(), dtype=tf.resource, name=None)
  135387710887248: TensorSpec(shape=(), dtype=tf.resource, name=None)
  135387710886672: TensorSpec(shape=(), dtype=tf.resource, name=None)
  135387710886864: TensorSpec(shape=(), dtype=tf.resource, name=None)
  135387710887056: TensorSpec(shape=(), dtype=tf.resource, name=None)
  135387710884560: TensorSpec(shape=(), dtype=tf.resource, name=None)
  135387710888208: TensorSpec(shape=(), dtype=tf.resource, name=None)
  135387710887632: TensorSpec(shape=(), dtype=tf.resource, name=None)
  135387710887824: TensorSpec(shape=(), dtype=tf.resource, name=None)
  135387710888016: TensorSpec(shape=(), dtype=tf.resource, name=None)
  135387710885520: TensorSpec(shape=(), dtype=tf.resource, name=None)
  135387710889168: TensorSpec(shape=(), dtype=tf.resource, name=None)
  135387710888592: TensorSpec(shape=(), dtype=tf.resource, name=None)
  135387710888784: TensorSpec(shape=(), dtype=tf.resource, name=None)
  135387710888976: TensorSpec(shape=(), dtype=tf.resource, name=None)
  135387710886480: TensorSpec(shape=(), dtype=tf.resource, name=None)
  135387710890128: TensorSpec(shape=(), dtype=tf.resource, name=None)
  135387710889552: TensorSpec(shape=(), dtype=tf.resource, name=None)
  135387710889744: TensorSpec(shape=(), dtype=tf.resource, name=None)
  135387710889936: TensorSpec(shape=(), dtype=tf.resource, name=None)
  135387710887440: TensorSpec(shape=(), dtype=tf.resource, name=None)
  135387710891088: TensorSpec(shape=(), dtype=tf.resource, name=None)
  135387710890512: TensorSpec(shape=(), dtype=tf.resource, name=None)
  135387710890704: TensorSpec(shape=(), dtype=tf.resource, name=None)
  135387710890896: TensorSpec(shape=(), dtype=tf.resource, name=None)
  135387710888400: TensorSpec(shape=(), dtype=tf.resource, name=None)
  135387710892048: TensorSpec(shape=(), dtype=tf.resource, name=None)
  135387710891472: TensorSpec(shape=(), dtype=tf.resource, name=None)
  135387710891664: TensorSpec(shape=(), dtype=tf.resource, name=None)
  135387710891856: TensorSpec(shape=(), dtype=tf.resource, name=None)
  135387710889360: TensorSpec(shape=(), dtype=tf.resource, name=None)
  135387710893008: TensorSpec(shape=(), dtype=tf.resource, name=None)
  135387710892432: TensorSpec(shape=(), dtype=tf.resource, name=None)
  135387710892624: TensorSpec(shape=(), dtype=tf.resource, name=None)
  135387710892816: TensorSpec(shape=(), dtype=tf.resource, name=None)
  135387710890320: TensorSpec(shape=(), dtype=tf.resource, name=None)
  135387710893968: TensorSpec(shape=(), dtype=tf.resource, name=None)
  135387710893392: TensorSpec(shape=(), dtype=tf.resource, name=None)
  135387710893584: TensorSpec(shape=(), dtype=tf.resource, name=None)
  135387710893776: TensorSpec(shape=(), dtype=tf.resource, name=None)
  135387710891280: TensorSpec(shape=(), dtype=tf.resource, name=None)
  135387710894928: TensorSpec(shape=(), dtype=tf.resource, name=None)
  135387710894352: TensorSpec(shape=(), dtype=tf.resource, name=None)
  135387710894544: TensorSpec(shape=(), dtype=tf.resource, name=None)
  135387710894736: TensorSpec(shape=(), dtype=tf.resource, name=None)
  135387710892240: TensorSpec(shape=(), dtype=tf.resource, name=None)
  135387710895888: TensorSpec(shape=(), dtype=tf.resource, name=None)
  135387710895312: TensorSpec(shape=(), dtype=tf.resource, name=None)
  135387710895504: TensorSpec(shape=(), dtype=tf.resource, name=None)
  135387710895696: TensorSpec(shape=(), dtype=tf.resource, name=None)
  135387710893200: TensorSpec(shape=(), dtype=tf.resource, name=None)
  135387710896848: TensorSpec(shape=(), dtype=tf.resource, name=None)
  135387710896272: TensorSpec(shape=(), dtype=tf.resource, name=None)
  135387710896464: TensorSpec(shape=(), dtype=tf.resource, name=None)
  135387710896656: TensorSpec(shape=(), dtype=tf.resource, name=None)
  135387710894160: TensorSpec(shape=(), dtype=tf.resource, name=None)
  135387710897808: TensorSpec(shape=(), dtype=tf.resource, name=None)
  135387710897232: TensorSpec(shape=(), dtype=tf.resource, name=None)
  135387710896080: TensorSpec(shape=(), dtype=tf.resource, name=None)
  135387710897616: TensorSpec(shape=(), dtype=tf.resource, name=None)
  135387710897424: TensorSpec(shape=(), dtype=tf.resource, name=None)
  135387710897040: TensorSpec(shape=(), dtype=tf.resource, name=None)
  135387710895120: TensorSpec(shape=(), dtype=tf.resource, name=None)
  135387709686224: TensorSpec(shape=(), dtype=tf.resource, name=None)
  135387709687376: TensorSpec(shape=(), dtype=tf.resource, name=None)
  135387710898000: TensorSpec(shape=(), dtype=tf.resource, name=None)
  135387709686800: TensorSpec(shape=(), dtype=tf.resource, name=None)
  135387709687184: TensorSpec(shape=(), dtype=tf.resource, name=None)
  135387709685840: TensorSpec(shape=(), dtype=tf.resource, name=None)
  135387709686032: TensorSpec(shape=(), dtype=tf.resource, name=None)
  135387709686416: TensorSpec(shape=(), dtype=tf.resource, name=None)
  135387709688336: TensorSpec(shape=(), dtype=tf.resource, name=None)
  135387709687760: TensorSpec(shape=(), dtype=tf.resource, name=None)
  135387709687952: TensorSpec(shape=(), dtype=tf.resource, name=None)
  135387709688144: TensorSpec(shape=(), dtype=tf.resource, name=None)
  135387709686992: TensorSpec(shape=(), dtype=tf.resource, name=None)
  135387709689296: TensorSpec(shape=(), dtype=tf.resource, name=None)
  135387709688720: TensorSpec(shape=(), dtype=tf.resource, name=None)
  135387709688912: TensorSpec(shape=(), dtype=tf.resource, name=None)
  135387709689104: TensorSpec(shape=(), dtype=tf.resource, name=None)
  135387709686608: TensorSpec(shape=(), dtype=tf.resource, name=None)
  135387709690256: TensorSpec(shape=(), dtype=tf.resource, name=None)
  135387709689680: TensorSpec(shape=(), dtype=tf.resource, name=None)
  135387709689872: TensorSpec(shape=(), dtype=tf.resource, name=None)
  135387709690064: TensorSpec(shape=(), dtype=tf.resource, name=None)
  135387709687568: TensorSpec(shape=(), dtype=tf.resource, name=None)
  135387709691216: TensorSpec(shape=(), dtype=tf.resource, name=None)
  135387709690640: TensorSpec(shape=(), dtype=tf.resource, name=None)
  135387709690832: TensorSpec(shape=(), dtype=tf.resource, name=None)
  135387709691024: TensorSpec(shape=(), dtype=tf.resource, name=None)
  135387709688528: TensorSpec(shape=(), dtype=tf.resource, name=None)
  135387709692176: TensorSpec(shape=(), dtype=tf.resource, name=None)
  135387709692368: TensorSpec(shape=(), dtype=tf.resource, name=None)
  135387709692752: TensorSpec(shape=(), dtype=tf.resource, name=None)
/home/nkolesnikov/.cache/pypoetry/virtualenvs/plant-disease-eccv2026-vTaypfzd-py3.12/lib/python3.12/site-packages/tensorflow/lite/python/convert.py:863: UserWarning: Statistics for quantized inputs were expected, but not specified; continuing anyway.
  warnings.warn(
WARNING: All log messages before absl::InitializeLog() is called are written to STDERR
W0000 00:00:1770556637.364431  201335 tf_tfl_flatbuffer_helpers.cc:364] Ignored output_format.
W0000 00:00:1770556637.364449  201335 tf_tfl_flatbuffer_helpers.cc:367] Ignored drop_control_dependency.
2026-02-08 16:17:17.364691: I tensorflow/cc/saved_model/reader.cc:83] Reading SavedModel from: /tmp/tmp1oi1ba2g
2026-02-08 16:17:17.370678: I tensorflow/cc/saved_model/reader.cc:52] Reading meta graph with tags { serve }
2026-02-08 16:17:17.370687: I tensorflow/cc/saved_model/reader.cc:147] Reading SavedModel debug info (if present) from: /tmp/tmp1oi1ba2g
I0000 00:00:1770556637.419610  201335 mlir_graph_optimization_pass.cc:437] MLIR V1 optimization pass is not enabled
2026-02-08 16:17:17.429325: I tensorflow/cc/saved_model/loader.cc:236] Restoring SavedModel bundle.
2026-02-08 16:17:17.774729: I tensorflow/cc/saved_model/loader.cc:220] Running initialization op on SavedModel bundle at path: /tmp/tmp1oi1ba2g
2026-02-08 16:17:17.849569: I tensorflow/cc/saved_model/loader.cc:471] SavedModel load for tags { serve }; Status: success: OK. Took 484879 microseconds.
2026-02-08 16:17:17.923662: I tensorflow/compiler/mlir/tensorflow/utils/dump_mlir_util.cc:269] disabling MLIR crash reproducer, set env var `MLIR_CRASH_REPRODUCER_DIRECTORY` to enable.
fully_quantize: 0, inference_type: 6, input_inference_type: INT8, output_inference_type: INT8
2026-02-08 16:17:23.182217: W tensorflow/compiler/mlir/lite/flatbuffer_export.cc:3705] Skipping runtime version metadata in the model. This will be generated by the exporter.
[OK] INT8 TFLite exported → export/mobilenetv2_int8_ptq_sbert.tflite
[0;32m[STEP 52][0m MobileNetV1 INT8 EdgeTPU (sbert)
2026-02-08 16:17:24.461096: I tensorflow/core/util/port.cc:153] oneDNN custom operations are on. You may see slightly different numerical results due to floating-point round-off errors from different computation orders. To turn them off, set the environment variable `TF_ENABLE_ONEDNN_OPTS=0`.
2026-02-08 16:17:24.489227: I tensorflow/core/platform/cpu_feature_guard.cc:210] This TensorFlow binary is optimized to use available CPU instructions in performance-critical operations.
To enable the following instructions: AVX2 AVX512F AVX512_VNNI AVX512_BF16 FMA, in other operations, rebuild TensorFlow with the appropriate compiler flags.
2026-02-08 16:17:25.219467: I tensorflow/core/util/port.cc:153] oneDNN custom operations are on. You may see slightly different numerical results due to floating-point round-off errors from different computation orders. To turn them off, set the environment variable `TF_ENABLE_ONEDNN_OPTS=0`.
2026-02-08 16:17:25.892665: E external/local_xla/xla/stream_executor/cuda/cuda_platform.cc:51] failed call to cuInit: INTERNAL: CUDA error: Failed call to cuInit: CUDA_ERROR_NO_DEVICE: no CUDA-capable device is detected
2026-02-08 16:17:25.892694: I external/local_xla/xla/stream_executor/cuda/cuda_diagnostics.cc:160] env: CUDA_VISIBLE_DEVICES=""
2026-02-08 16:17:25.892699: I external/local_xla/xla/stream_executor/cuda/cuda_diagnostics.cc:163] CUDA_VISIBLE_DEVICES is set to an empty string - this hides all GPUs from CUDA
2026-02-08 16:17:25.892702: I external/local_xla/xla/stream_executor/cuda/cuda_diagnostics.cc:171] verbose logging is disabled. Rerun with verbose logging (usually --v=1 or --vmodule=cuda_diagnostics=1) to get more diagnostic output from this module
2026-02-08 16:17:25.892707: I external/local_xla/xla/stream_executor/cuda/cuda_diagnostics.cc:176] retrieving CUDA diagnostic information for host: nkolesnikov-ubuntu
2026-02-08 16:17:25.892709: I external/local_xla/xla/stream_executor/cuda/cuda_diagnostics.cc:183] hostname: nkolesnikov-ubuntu
2026-02-08 16:17:25.892862: I external/local_xla/xla/stream_executor/cuda/cuda_diagnostics.cc:190] libcuda reported version is: 590.48.1
2026-02-08 16:17:25.892883: I external/local_xla/xla/stream_executor/cuda/cuda_diagnostics.cc:194] kernel reported version is: 590.48.1
2026-02-08 16:17:25.892886: I external/local_xla/xla/stream_executor/cuda/cuda_diagnostics.cc:284] kernel version seems to match DSO: 590.48.1
WARNING:absl:Please consider providing the trackable_obj argument in the from_concrete_functions. Providing without the trackable_obj argument is deprecated and it will use the deprecated conversion path.
WARNING: All log messages before absl::InitializeLog() is called are written to STDERR
I0000 00:00:1770556646.208092  201627 devices.cc:67] Number of eligible GPUs (core count >= 8, compute capability >= 0.0): 0
I0000 00:00:1770556646.208189  201627 single_machine.cc:376] Starting new session
/home/nkolesnikov/.cache/pypoetry/virtualenvs/plant-disease-eccv2026-vTaypfzd-py3.12/lib/python3.12/site-packages/tensorflow/lite/python/convert.py:863: UserWarning: Statistics for quantized inputs were expected, but not specified; continuing anyway.
  warnings.warn(
W0000 00:00:1770556646.600594  201627 tf_tfl_flatbuffer_helpers.cc:364] Ignored output_format.
W0000 00:00:1770556646.600610  201627 tf_tfl_flatbuffer_helpers.cc:367] Ignored drop_control_dependency.
2026-02-08 16:17:26.759938: I tensorflow/compiler/mlir/lite/flatbuffer_export.cc:4150] Estimated count of arithmetic ops: 1.141 G  ops, equivalently 0.570 G  MACs
fully_quantize: 0, inference_type: 6, input_inference_type: INT8, output_inference_type: INT8
2026-02-08 16:17:30.819403: I tensorflow/compiler/mlir/lite/flatbuffer_export.cc:4150] Estimated count of arithmetic ops: 1.141 G  ops, equivalently 0.570 G  MACs
2026-02-08 16:17:30.819420: W tensorflow/compiler/mlir/lite/flatbuffer_export.cc:3705] Skipping runtime version metadata in the model. This will be generated by the exporter.
[INFO] MobileNetV1 INT8 export for strategy=sbert
       classes=15, weights=export/mobilenetv1_sbert_weights.npz
[INFO] Transferred weights for 55/55 layers
[INFO] Converting to INT8 TFLite (200 calibration samples) ...
[OK] INT8 PTQ TFLite exported -> export/mobilenetv1_int8_ptq_sbert.tflite (3.4 MB)
[0;32m[STEP 53][0m EfficientNet-Lite0 INT8 EdgeTPU (sbert)
2026-02-08 16:17:31.838572: I tensorflow/core/util/port.cc:153] oneDNN custom operations are on. You may see slightly different numerical results due to floating-point round-off errors from different computation orders. To turn them off, set the environment variable `TF_ENABLE_ONEDNN_OPTS=0`.
2026-02-08 16:17:31.867614: I tensorflow/core/platform/cpu_feature_guard.cc:210] This TensorFlow binary is optimized to use available CPU instructions in performance-critical operations.
To enable the following instructions: AVX2 AVX512F AVX512_VNNI AVX512_BF16 FMA, in other operations, rebuild TensorFlow with the appropriate compiler flags.
2026-02-08 16:17:32.526353: I tensorflow/core/util/port.cc:153] oneDNN custom operations are on. You may see slightly different numerical results due to floating-point round-off errors from different computation orders. To turn them off, set the environment variable `TF_ENABLE_ONEDNN_OPTS=0`.
2026-02-08 16:17:33.157650: E external/local_xla/xla/stream_executor/cuda/cuda_platform.cc:51] failed call to cuInit: INTERNAL: CUDA error: Failed call to cuInit: CUDA_ERROR_NO_DEVICE: no CUDA-capable device is detected
2026-02-08 16:17:33.157676: I external/local_xla/xla/stream_executor/cuda/cuda_diagnostics.cc:160] env: CUDA_VISIBLE_DEVICES=""
2026-02-08 16:17:33.157682: I external/local_xla/xla/stream_executor/cuda/cuda_diagnostics.cc:163] CUDA_VISIBLE_DEVICES is set to an empty string - this hides all GPUs from CUDA
2026-02-08 16:17:33.157686: I external/local_xla/xla/stream_executor/cuda/cuda_diagnostics.cc:171] verbose logging is disabled. Rerun with verbose logging (usually --v=1 or --vmodule=cuda_diagnostics=1) to get more diagnostic output from this module
2026-02-08 16:17:33.157691: I external/local_xla/xla/stream_executor/cuda/cuda_diagnostics.cc:176] retrieving CUDA diagnostic information for host: nkolesnikov-ubuntu
2026-02-08 16:17:33.157694: I external/local_xla/xla/stream_executor/cuda/cuda_diagnostics.cc:183] hostname: nkolesnikov-ubuntu
2026-02-08 16:17:33.157817: I external/local_xla/xla/stream_executor/cuda/cuda_diagnostics.cc:190] libcuda reported version is: 590.48.1
2026-02-08 16:17:33.157834: I external/local_xla/xla/stream_executor/cuda/cuda_diagnostics.cc:194] kernel reported version is: 590.48.1
2026-02-08 16:17:33.157838: I external/local_xla/xla/stream_executor/cuda/cuda_diagnostics.cc:284] kernel version seems to match DSO: 590.48.1
WARNING:absl:Please consider providing the trackable_obj argument in the from_concrete_functions. Providing without the trackable_obj argument is deprecated and it will use the deprecated conversion path.
WARNING: All log messages before absl::InitializeLog() is called are written to STDERR
I0000 00:00:1770556653.748211  201831 devices.cc:67] Number of eligible GPUs (core count >= 8, compute capability >= 0.0): 0
I0000 00:00:1770556653.748314  201831 single_machine.cc:376] Starting new session
/home/nkolesnikov/.cache/pypoetry/virtualenvs/plant-disease-eccv2026-vTaypfzd-py3.12/lib/python3.12/site-packages/tensorflow/lite/python/convert.py:863: UserWarning: Statistics for quantized inputs were expected, but not specified; continuing anyway.
  warnings.warn(
W0000 00:00:1770556654.158152  201831 tf_tfl_flatbuffer_helpers.cc:364] Ignored output_format.
W0000 00:00:1770556654.158171  201831 tf_tfl_flatbuffer_helpers.cc:367] Ignored drop_control_dependency.
2026-02-08 16:17:34.329342: I tensorflow/compiler/mlir/lite/flatbuffer_export.cc:4150] Estimated count of arithmetic ops: 774.801 M  ops, equivalently 387.401 M  MACs
fully_quantize: 0, inference_type: 6, input_inference_type: INT8, output_inference_type: INT8
2026-02-08 16:17:39.547033: I tensorflow/compiler/mlir/lite/flatbuffer_export.cc:4150] Estimated count of arithmetic ops: 774.801 M  ops, equivalently 387.401 M  MACs
2026-02-08 16:17:39.547054: W tensorflow/compiler/mlir/lite/flatbuffer_export.cc:3705] Skipping runtime version metadata in the model. This will be generated by the exporter.
[INFO] EfficientNet-Lite0 INT8 export for strategy=sbert
       classes=15, weights=export/efficientnet_lite0_sbert_weights.npz
[INFO] Transferred weights for 99/99 layers
[INFO] Converting to INT8 TFLite (200 calibration samples) ...
[OK] INT8 PTQ TFLite exported -> export/efficientnet_lite0_int8_ptq_sbert.tflite (3.8 MB)
[0;32m[STEP 54][0m EfficientNet-B3 INT8 CPU-only (sbert)
2026-02-08 16:17:40.595509: I tensorflow/core/util/port.cc:153] oneDNN custom operations are on. You may see slightly different numerical results due to floating-point round-off errors from different computation orders. To turn them off, set the environment variable `TF_ENABLE_ONEDNN_OPTS=0`.
2026-02-08 16:17:40.625626: I tensorflow/core/platform/cpu_feature_guard.cc:210] This TensorFlow binary is optimized to use available CPU instructions in performance-critical operations.
To enable the following instructions: AVX2 AVX512F AVX512_VNNI AVX512_BF16 FMA, in other operations, rebuild TensorFlow with the appropriate compiler flags.
2026-02-08 16:17:41.300106: I tensorflow/core/util/port.cc:153] oneDNN custom operations are on. You may see slightly different numerical results due to floating-point round-off errors from different computation orders. To turn them off, set the environment variable `TF_ENABLE_ONEDNN_OPTS=0`.
2026-02-08 16:17:41.968729: E external/local_xla/xla/stream_executor/cuda/cuda_platform.cc:51] failed call to cuInit: INTERNAL: CUDA error: Failed call to cuInit: CUDA_ERROR_NO_DEVICE: no CUDA-capable device is detected
2026-02-08 16:17:41.968753: I external/local_xla/xla/stream_executor/cuda/cuda_diagnostics.cc:160] env: CUDA_VISIBLE_DEVICES=""
2026-02-08 16:17:41.968758: I external/local_xla/xla/stream_executor/cuda/cuda_diagnostics.cc:163] CUDA_VISIBLE_DEVICES is set to an empty string - this hides all GPUs from CUDA
2026-02-08 16:17:41.968761: I external/local_xla/xla/stream_executor/cuda/cuda_diagnostics.cc:171] verbose logging is disabled. Rerun with verbose logging (usually --v=1 or --vmodule=cuda_diagnostics=1) to get more diagnostic output from this module
2026-02-08 16:17:41.968766: I external/local_xla/xla/stream_executor/cuda/cuda_diagnostics.cc:176] retrieving CUDA diagnostic information for host: nkolesnikov-ubuntu
2026-02-08 16:17:41.968769: I external/local_xla/xla/stream_executor/cuda/cuda_diagnostics.cc:183] hostname: nkolesnikov-ubuntu
2026-02-08 16:17:41.968924: I external/local_xla/xla/stream_executor/cuda/cuda_diagnostics.cc:190] libcuda reported version is: 590.48.1
2026-02-08 16:17:41.968944: I external/local_xla/xla/stream_executor/cuda/cuda_diagnostics.cc:194] kernel reported version is: 590.48.1
2026-02-08 16:17:41.968946: I external/local_xla/xla/stream_executor/cuda/cuda_diagnostics.cc:284] kernel version seems to match DSO: 590.48.1
WARNING:absl:Please consider providing the trackable_obj argument in the from_concrete_functions. Providing without the trackable_obj argument is deprecated and it will use the deprecated conversion path.
WARNING: All log messages before absl::InitializeLog() is called are written to STDERR
I0000 00:00:1770556663.187919  202077 devices.cc:67] Number of eligible GPUs (core count >= 8, compute capability >= 0.0): 0
I0000 00:00:1770556663.188021  202077 single_machine.cc:376] Starting new session
/home/nkolesnikov/.cache/pypoetry/virtualenvs/plant-disease-eccv2026-vTaypfzd-py3.12/lib/python3.12/site-packages/tensorflow/lite/python/convert.py:863: UserWarning: Statistics for quantized inputs were expected, but not specified; continuing anyway.
  warnings.warn(
W0000 00:00:1770556664.892848  202077 tf_tfl_flatbuffer_helpers.cc:364] Ignored output_format.
W0000 00:00:1770556664.892868  202077 tf_tfl_flatbuffer_helpers.cc:367] Ignored drop_control_dependency.
2026-02-08 16:17:45.377807: I tensorflow/compiler/mlir/lite/flatbuffer_export.cc:4150] Estimated count of arithmetic ops: 2.699 G  ops, equivalently 1.349 G  MACs
fully_quantize: 0, inference_type: 6, input_inference_type: INT8, output_inference_type: INT8
2026-02-08 16:18:15.637092: I tensorflow/compiler/mlir/lite/flatbuffer_export.cc:4150] Estimated count of arithmetic ops: 2.699 G  ops, equivalently 1.349 G  MACs
2026-02-08 16:18:15.637110: W tensorflow/compiler/mlir/lite/flatbuffer_export.cc:3705] Skipping runtime version metadata in the model. This will be generated by the exporter.
[INFO] Starting PTQ INT8 conversion for EfficientNet-B3 (sbert)
       Weights: export/efficientnet_sbert_weights.npz
       Classes: 15
       Calibration: splits/sbert/pv_calib_10pct.csv
[INFO] Loaded weights for 0 backbone layers
[OK] INT8 PTQ TFLite exported -> export/efficientnet_int8_ptq_sbert.tflite (11.7 MB)

[1m[0;36m################################################################[0m
[1m[0;36m# PHASE 6: EdgeTPU Compilation[0m
[1m[0;36m################################################################[0m

[0;32m[STEP 55][0m Compile EdgeTPU models (all)
==============================================
EdgeTPU Model Compilation
==============================================
Edge TPU Compiler version 16.0.384591198

Models to compile: 12
  - mobilenetv2_int8_ptq_hybrid.tflite
  - mobilenetv2_int8_ptq_Fuzzy.tflite
  - mobilenetv2_int8_ptq_sbert.tflite
  - mobilenetv1_int8_ptq_hybrid.tflite
  - mobilenetv1_int8_ptq_Fuzzy.tflite
  - mobilenetv1_int8_ptq_sbert.tflite
  - efficientnet_lite0_int8_ptq_hybrid.tflite
  - efficientnet_lite0_int8_ptq_Fuzzy.tflite
  - efficientnet_lite0_int8_ptq_sbert.tflite
  - resnet50_int8_ptq_hybrid.tflite
  - resnet50_int8_ptq_Fuzzy.tflite
  - resnet50_int8_ptq_sbert.tflite

[SKIP] export/edgetpu/mobilenetv2_int8_ptq_hybrid_edgetpu.tflite already exists (2.8M)
[SKIP] export/edgetpu/mobilenetv2_int8_ptq_Fuzzy_edgetpu.tflite already exists (2.8M)
[SKIP] export/edgetpu/mobilenetv2_int8_ptq_sbert_edgetpu.tflite already exists (2.8M)
[SKIP] export/edgetpu/mobilenetv1_int8_ptq_hybrid_edgetpu.tflite already exists (3.5M)
[SKIP] export/edgetpu/mobilenetv1_int8_ptq_Fuzzy_edgetpu.tflite already exists (3.5M)
[SKIP] export/edgetpu/mobilenetv1_int8_ptq_sbert_edgetpu.tflite already exists (3.5M)
[SKIP] export/edgetpu/efficientnet_lite0_int8_ptq_hybrid_edgetpu.tflite already exists (4.3M)
[SKIP] export/edgetpu/efficientnet_lite0_int8_ptq_Fuzzy_edgetpu.tflite already exists (4.3M)
[SKIP] export/edgetpu/efficientnet_lite0_int8_ptq_sbert_edgetpu.tflite already exists (4.3M)
[SKIP] export/edgetpu/resnet50_int8_ptq_hybrid_edgetpu.tflite already exists (23M)
[SKIP] export/edgetpu/resnet50_int8_ptq_Fuzzy_edgetpu.tflite already exists (23M)
[SKIP] export/edgetpu/resnet50_int8_ptq_sbert_edgetpu.tflite already exists (23M)
==============================================
Summary
==============================================
Compiled: 0
Skipped:  12
Failed:   0

EdgeTPU models in: export/edgetpu/
-rw-rw-r-- 1 nkolesnikov nkolesnikov  4444768 Feb  8 15:39 export/edgetpu/efficientnet_lite0_int8_ptq_Fuzzy_edgetpu.tflite
-rw-rw-r-- 1 nkolesnikov nkolesnikov  4465248 Feb  8 15:39 export/edgetpu/efficientnet_lite0_int8_ptq_hybrid_edgetpu.tflite
-rw-rw-r-- 1 nkolesnikov nkolesnikov  4444768 Feb  8 15:39 export/edgetpu/efficientnet_lite0_int8_ptq_sbert_edgetpu.tflite
-rw-rw-r-- 1 nkolesnikov nkolesnikov  3592800 Feb  8 15:39 export/edgetpu/mobilenetv1_int8_ptq_Fuzzy_edgetpu.tflite
-rw-rw-r-- 1 nkolesnikov nkolesnikov  3609184 Feb  8 15:39 export/edgetpu/mobilenetv1_int8_ptq_hybrid_edgetpu.tflite
-rw-rw-r-- 1 nkolesnikov nkolesnikov  3592800 Feb  8 15:39 export/edgetpu/mobilenetv1_int8_ptq_sbert_edgetpu.tflite
-rw-rw-r-- 1 nkolesnikov nkolesnikov  2855552 Feb  8 15:39 export/edgetpu/mobilenetv2_int8_ptq_Fuzzy_edgetpu.tflite
-rw-rw-r-- 1 nkolesnikov nkolesnikov  2876032 Feb  8 15:13 export/edgetpu/mobilenetv2_int8_ptq_hybrid_edgetpu.tflite
-rw-rw-r-- 1 nkolesnikov nkolesnikov  2855552 Feb  8 15:39 export/edgetpu/mobilenetv2_int8_ptq_sbert_edgetpu.tflite
-rw-rw-r-- 1 nkolesnikov nkolesnikov 24011360 Feb  8 15:39 export/edgetpu/resnet50_int8_ptq_Fuzzy_edgetpu.tflite
-rw-rw-r-- 1 nkolesnikov nkolesnikov 24044128 Feb  8 15:39 export/edgetpu/resnet50_int8_ptq_hybrid_edgetpu.tflite
-rw-rw-r-- 1 nkolesnikov nkolesnikov 24011360 Feb  8 15:39 export/edgetpu/resnet50_int8_ptq_sbert_edgetpu.tflite

[1m[0;36m################################################################[0m
[1m[0;36m# PHASE 7: Edge-Bench: Upload Models and Run Benchmarks[0m
[1m[0;36m################################################################[0m

[0;32m[STEP 56][0m Upload models to Edge-Bench
Edge-Bench Model Uploader
Server: http://192.168.1.4:8000
Models: export

Server: OK
Found 42 model(s):
  efficientnet_int8_ptq_Fuzzy.tflite (11.7 MB)
  efficientnet_int8_ptq_hybrid.tflite (11.7 MB)
  efficientnet_int8_ptq_sbert.tflite (11.7 MB)
  efficientnet_lite0_int8_ptq_Fuzzy.tflite (3.8 MB)
  efficientnet_lite0_int8_ptq_Fuzzy_edgetpu.tflite (4.2 MB)
  efficientnet_lite0_int8_ptq_hybrid.tflite (3.8 MB)
  efficientnet_lite0_int8_ptq_hybrid_edgetpu.tflite (4.3 MB)
  efficientnet_lite0_int8_ptq_sbert.tflite (3.8 MB)
  efficientnet_lite0_int8_ptq_sbert_edgetpu.tflite (4.2 MB)
  mobilenetv1_int8_ptq_Fuzzy.tflite (3.4 MB)
  mobilenetv1_int8_ptq_Fuzzy_edgetpu.tflite (3.4 MB)
  mobilenetv1_int8_ptq_hybrid.tflite (3.4 MB)
  mobilenetv1_int8_ptq_hybrid_edgetpu.tflite (3.4 MB)
  mobilenetv1_int8_ptq_sbert.tflite (3.4 MB)
  mobilenetv1_int8_ptq_sbert_edgetpu.tflite (3.4 MB)
  mobilenetv2_int8_ptq_Fuzzy.tflite (2.5 MB)
  mobilenetv2_int8_ptq_hybrid.tflite (2.5 MB)
  mobilenetv2_int8_ptq_sbert.tflite (2.5 MB)
  model_fp32_Fuzzy.tflite (89.7 MB)
  model_fp32_hybrid.tflite (89.7 MB)
  model_fp32_sbert.tflite (89.7 MB)
  model_int8_ptq_Fuzzy.tflite (23.1 MB)
  model_int8_ptq_hybrid.tflite (23.2 MB)
  model_int8_ptq_sbert.tflite (23.1 MB)
  resnet50_int8_ptq_Fuzzy.tflite (23.1 MB)
  resnet50_int8_ptq_Fuzzy_edgetpu.tflite (22.8 MB)
  resnet50_int8_ptq_hybrid.tflite (23.1 MB)
  resnet50_int8_ptq_hybrid_edgetpu.tflite (22.8 MB)
  resnet50_int8_ptq_sbert.tflite (23.1 MB)
  resnet50_int8_ptq_sbert_edgetpu.tflite (22.8 MB)
  efficientnet_lite0_int8_ptq_Fuzzy_edgetpu.tflite (4.2 MB)
  efficientnet_lite0_int8_ptq_hybrid_edgetpu.tflite (4.3 MB)
  efficientnet_lite0_int8_ptq_sbert_edgetpu.tflite (4.2 MB)
  mobilenetv1_int8_ptq_Fuzzy_edgetpu.tflite (3.4 MB)
  mobilenetv1_int8_ptq_hybrid_edgetpu.tflite (3.4 MB)
  mobilenetv1_int8_ptq_sbert_edgetpu.tflite (3.4 MB)
  mobilenetv2_int8_ptq_Fuzzy_edgetpu.tflite (2.7 MB)
  mobilenetv2_int8_ptq_hybrid_edgetpu.tflite (2.7 MB)
  mobilenetv2_int8_ptq_sbert_edgetpu.tflite (2.7 MB)
  resnet50_int8_ptq_Fuzzy_edgetpu.tflite (22.9 MB)
  resnet50_int8_ptq_hybrid_edgetpu.tflite (22.9 MB)
  resnet50_int8_ptq_sbert_edgetpu.tflite (22.9 MB)

Existing models on server: 31
  = efficientnet_int8_ptq_Fuzzy.tflite (already exists)
  = efficientnet_int8_ptq_hybrid.tflite (already exists)
  = efficientnet_int8_ptq_sbert.tflite (already exists)
  = efficientnet_lite0_int8_ptq_Fuzzy.tflite (already exists)
  = efficientnet_lite0_int8_ptq_Fuzzy_edgetpu.tflite (already exists)
  = efficientnet_lite0_int8_ptq_hybrid.tflite (already exists)
  = efficientnet_lite0_int8_ptq_hybrid_edgetpu.tflite (already exists)
  = efficientnet_lite0_int8_ptq_sbert.tflite (already exists)
  = efficientnet_lite0_int8_ptq_sbert_edgetpu.tflite (already exists)
  = mobilenetv1_int8_ptq_Fuzzy.tflite (already exists)
  = mobilenetv1_int8_ptq_Fuzzy_edgetpu.tflite (already exists)
  = mobilenetv1_int8_ptq_hybrid.tflite (already exists)
  = mobilenetv1_int8_ptq_hybrid_edgetpu.tflite (already exists)
  = mobilenetv1_int8_ptq_sbert.tflite (already exists)
  = mobilenetv1_int8_ptq_sbert_edgetpu.tflite (already exists)
  = mobilenetv2_int8_ptq_Fuzzy.tflite (already exists)
  = mobilenetv2_int8_ptq_hybrid.tflite (already exists)
  = mobilenetv2_int8_ptq_sbert.tflite (already exists)
  = model_fp32_Fuzzy.tflite (already exists)
  = model_fp32_hybrid.tflite (already exists)
  = model_fp32_sbert.tflite (already exists)
  = model_int8_ptq_Fuzzy.tflite (already exists)
  = model_int8_ptq_hybrid.tflite (already exists)
  = model_int8_ptq_sbert.tflite (already exists)
  = resnet50_int8_ptq_Fuzzy.tflite (already exists)
  = resnet50_int8_ptq_Fuzzy_edgetpu.tflite (already exists)
  = resnet50_int8_ptq_hybrid.tflite (already exists)
  = resnet50_int8_ptq_hybrid_edgetpu.tflite (already exists)
  = resnet50_int8_ptq_sbert.tflite (already exists)
  = resnet50_int8_ptq_sbert_edgetpu.tflite (already exists)
  = efficientnet_lite0_int8_ptq_Fuzzy_edgetpu.tflite (already exists)
  = efficientnet_lite0_int8_ptq_hybrid_edgetpu.tflite (already exists)
  = efficientnet_lite0_int8_ptq_sbert_edgetpu.tflite (already exists)
  = mobilenetv1_int8_ptq_Fuzzy_edgetpu.tflite (already exists)
  = mobilenetv1_int8_ptq_hybrid_edgetpu.tflite (already exists)
  = mobilenetv1_int8_ptq_sbert_edgetpu.tflite (already exists)
  Uploading mobilenetv2_int8_ptq_Fuzzy_edgetpu.tflite... OK
  = mobilenetv2_int8_ptq_hybrid_edgetpu.tflite (already exists)
  Uploading mobilenetv2_int8_ptq_sbert_edgetpu.tflite... OK
  = resnet50_int8_ptq_Fuzzy_edgetpu.tflite (already exists)
  = resnet50_int8_ptq_hybrid_edgetpu.tflite (already exists)
  = resnet50_int8_ptq_sbert_edgetpu.tflite (already exists)

==================================================
Результаты загрузки (42 моделей)
==================================================

  Загружено: 2
    + mobilenetv2_int8_ptq_Fuzzy_edgetpu.tflite
    + mobilenetv2_int8_ptq_sbert_edgetpu.tflite

  Уже существуют: 40
    = efficientnet_int8_ptq_Fuzzy.tflite
    = efficientnet_int8_ptq_hybrid.tflite
    = efficientnet_int8_ptq_sbert.tflite
    = efficientnet_lite0_int8_ptq_Fuzzy.tflite
    = efficientnet_lite0_int8_ptq_Fuzzy_edgetpu.tflite
    = efficientnet_lite0_int8_ptq_hybrid.tflite
    = efficientnet_lite0_int8_ptq_hybrid_edgetpu.tflite
    = efficientnet_lite0_int8_ptq_sbert.tflite
    = efficientnet_lite0_int8_ptq_sbert_edgetpu.tflite
    = mobilenetv1_int8_ptq_Fuzzy.tflite
    = mobilenetv1_int8_ptq_Fuzzy_edgetpu.tflite
    = mobilenetv1_int8_ptq_hybrid.tflite
    = mobilenetv1_int8_ptq_hybrid_edgetpu.tflite
    = mobilenetv1_int8_ptq_sbert.tflite
    = mobilenetv1_int8_ptq_sbert_edgetpu.tflite
    = mobilenetv2_int8_ptq_Fuzzy.tflite
    = mobilenetv2_int8_ptq_hybrid.tflite
    = mobilenetv2_int8_ptq_sbert.tflite
    = model_fp32_Fuzzy.tflite
    = model_fp32_hybrid.tflite
    = model_fp32_sbert.tflite
    = model_int8_ptq_Fuzzy.tflite
    = model_int8_ptq_hybrid.tflite
    = model_int8_ptq_sbert.tflite
    = resnet50_int8_ptq_Fuzzy.tflite
    = resnet50_int8_ptq_Fuzzy_edgetpu.tflite
    = resnet50_int8_ptq_hybrid.tflite
    = resnet50_int8_ptq_hybrid_edgetpu.tflite
    = resnet50_int8_ptq_sbert.tflite
    = resnet50_int8_ptq_sbert_edgetpu.tflite
    = efficientnet_lite0_int8_ptq_Fuzzy_edgetpu.tflite
    = efficientnet_lite0_int8_ptq_hybrid_edgetpu.tflite
    = efficientnet_lite0_int8_ptq_sbert_edgetpu.tflite
    = mobilenetv1_int8_ptq_Fuzzy_edgetpu.tflite
    = mobilenetv1_int8_ptq_hybrid_edgetpu.tflite
    = mobilenetv1_int8_ptq_sbert_edgetpu.tflite
    = mobilenetv2_int8_ptq_hybrid_edgetpu.tflite
    = resnet50_int8_ptq_Fuzzy_edgetpu.tflite
    = resnet50_int8_ptq_hybrid_edgetpu.tflite
    = resnet50_int8_ptq_sbert_edgetpu.tflite

[0;32m[STEP 57][0m Run Edge-Bench experiments (upload-only if no device)
[INFO] Checking server: http://192.168.1.4:8000
[OK] Server is running

[INFO] Found 6 model(s) to upload
  Uploading: mobilenetv2_int8_ptq_hybrid.tflite... [OK]
  Uploading: mobilenetv2_int8_ptq_hybrid_edgetpu.tflite... [OK]
  Uploading: mobilenetv2_int8_ptq_Fuzzy.tflite... [OK]
  Uploading: mobilenetv2_int8_ptq_Fuzzy_edgetpu.tflite... [OK]
  Uploading: mobilenetv2_int8_ptq_sbert.tflite... [OK]
  Uploading: mobilenetv2_int8_ptq_sbert_edgetpu.tflite... [OK]

[OK] Uploaded 6 model(s)

[1m[0;36m################################################################[0m
[1m[0;36m# PHASE 8: Results Collection and Final Plots[0m
[1m[0;36m################################################################[0m

[0;32m[STEP 58][0m Fetch Edge-Bench results
============================================================
Step 11.1: Fetch Edge-Bench Results
============================================================
Server:  http://192.168.1.4:8000
Output:  results/edgebench

Server: OK
Fetching results...
  Total results: 68
  Saved: results/edgebench/raw_results.json
  Saved: results/edgebench/raw_results.csv

============================================================
Summary
============================================================
  Architectures: ['efficientnet', 'efficientnet_lite0', 'mobilenetv1', 'mobilenetv2', 'model_fp32_hybrid.tflite', 'resnet50']
  Strategies:    ['Fuzzy', 'hybrid', 'sbert', 'unknown']
  Backends:      ['cpu', 'edgetpu']
  Devices:       ['raspberrypi']
  Total rows:    68

                                  count  avg_latency  avg_fps
architecture             backend                             
efficientnet             cpu          6       129.85     7.70
efficientnet_lite0       cpu          6        32.44    30.83
                         edgetpu      6         7.11   140.79
mobilenetv1              cpu          6        29.39    34.02
                         edgetpu      6         5.27   189.92
mobilenetv2              cpu         17        38.39    26.05
                         edgetpu      8        34.69   115.77
model_fp32_hybrid.tflite cpu          1       489.71     2.04
                         edgetpu      1       857.83     1.17
resnet50                 cpu          6       187.04     5.35
                         edgetpu      5        56.19    17.80

Fetching experiment list...
  Saved: results/edgebench/experiments.json
  Experiments by status: {'failed': 1, 'completed': 68}

Done at 2026-02-08 16:18
[0;32m[STEP 59][0m Build T4 from Edge-Bench
============================================================
Step 11.2: Build Table T4 from Edge-Bench
============================================================
Loaded 68 results from results/edgebench/raw_results.csv

Main table saved: results/T4_edgebench.csv

============================================================
Table T4: Edge Deployment Performance
============================================================
arch_display strategy backend  latency_mean  latency_p95        fps  model_size_mb
 MobileNetV2   hybrid     cpu     38.396750    39.967000  26.045000           2.56
 MobileNetV2   hybrid edgetpu     18.558833    19.212667 150.355000           2.74
 MobileNetV2    Fuzzy     cpu     38.386167    40.196833  26.051667           2.55
 MobileNetV2    Fuzzy edgetpu     83.028000    84.841000  12.040000           2.55
 MobileNetV2    sbert     cpu     38.384400    40.127200  26.052000           2.55
 MobileNetV2    sbert edgetpu     83.164000    84.862000  12.020000           2.55
 MobileNetV1   hybrid     cpu     29.298000    30.944000  34.130000           3.36
 MobileNetV1   hybrid edgetpu      5.264000     5.558500 190.170000           3.44
 MobileNetV1    Fuzzy     cpu     29.318000    30.795500  34.105000           3.36
 MobileNetV1    Fuzzy edgetpu      5.262500     5.630000 190.225000           3.43
 MobileNetV1    sbert     cpu     29.568000    30.879500  33.820000           3.36
 MobileNetV1    sbert edgetpu      5.287000     5.659500 189.350000           3.43
EffNet-Lite0   hybrid     cpu     32.473000    33.906000  30.795000           3.79
EffNet-Lite0   hybrid edgetpu      7.116500     7.368500 140.580000           4.26
EffNet-Lite0    Fuzzy     cpu     32.414500    33.808500  30.855000           3.79
EffNet-Lite0    Fuzzy edgetpu      7.101500     7.351500 140.875000           4.24
EffNet-Lite0    sbert     cpu     32.433500    33.679000  30.835000           3.79
EffNet-Lite0    sbert edgetpu      7.098000     7.354500 140.930000           4.24
   ResNet-50   hybrid     cpu    187.108500   191.228500   5.345000          23.06
   ResNet-50   hybrid edgetpu     56.104000    56.521500  17.825000          22.83
   ResNet-50    Fuzzy     cpu    186.159000   190.978000   5.375000          23.05
   ResNet-50    Fuzzy edgetpu     56.262500    56.678000  17.775000          22.80
   ResNet-50    sbert     cpu    187.860000   193.015500   5.320000          23.05
   ResNet-50    sbert edgetpu     56.225000    56.627000  17.790000          22.80
   EffNet-B3   hybrid     cpu    129.805500   132.042000   7.705000          11.72
   EffNet-B3    Fuzzy     cpu    129.995500   132.446500   7.695000          11.71
   EffNet-B3    sbert     cpu    129.739000   132.370500   7.710000          11.71
         NaN  unknown     cpu    489.710000   496.674000   2.040000          89.66
         NaN  unknown edgetpu    857.834000   875.524000   1.170000          89.66

Speedup table saved: results/T4_speedup.csv

============================================================
EdgeTPU Speedup vs CPU
============================================================
arch_display strategy  cpu_latency_ms  edgetpu_latency_ms  speedup_x  cpu_fps  edgetpu_fps
 MobileNetV2   hybrid           38.40               18.56       2.07     26.0        150.4
 MobileNetV2    Fuzzy           38.39               83.03       0.46     26.1         12.0
 MobileNetV2    sbert           38.38               83.16       0.46     26.1         12.0
 MobileNetV1   hybrid           29.30                5.26       5.57     34.1        190.2
 MobileNetV1    Fuzzy           29.32                5.26       5.57     34.1        190.2
 MobileNetV1    sbert           29.57                5.29       5.59     33.8        189.4
EffNet-Lite0   hybrid           32.47                7.12       4.56     30.8        140.6
EffNet-Lite0    Fuzzy           32.41                7.10       4.56     30.9        140.9
EffNet-Lite0    sbert           32.43                7.10       4.57     30.8        140.9
   ResNet-50   hybrid          187.11               56.10       3.34      5.3         17.8
   ResNet-50    Fuzzy          186.16               56.26       3.31      5.4         17.8
   ResNet-50    sbert          187.86               56.22       3.34      5.3         17.8

============================================================
Average Speedup by Architecture
============================================================
              mean_speedup  mean_fps_gain
arch_display                             
EffNet-Lite0          4.56           4.57
MobileNetV1           5.58           5.58
MobileNetV2           1.00           2.23
ResNet-50             3.33           3.33
LaTeX saved: results/T4_edgebench.tex

============================================================
Coverage Matrix
============================================================
strategy                  Fuzzy         hybrid          sbert         unknown        
backend                     cpu edgetpu    cpu edgetpu    cpu edgetpu     cpu edgetpu
architecture                                                                         
efficientnet              130.0     NaN  129.8     NaN  129.7     NaN     NaN     NaN
efficientnet_lite0         32.4     7.1   32.5     7.1   32.4     7.1     NaN     NaN
mobilenetv1                29.3     5.3   29.3     5.3   29.6     5.3     NaN     NaN
mobilenetv2                38.4    83.0   38.4    18.6   38.4    83.2     NaN     NaN
model_fp32_hybrid.tflite    NaN     NaN    NaN     NaN    NaN     NaN   489.7   857.8
resnet50                  186.2    56.3  187.1    56.1  187.9    56.2     NaN     NaN

Expected: 27 combinations, Got: 29
[0;32m[STEP 60][0m Plot Edge-Bench analysis (F7-F10)
============================================================
Step 11.3: Generate Edge-Bench Analysis Figures
============================================================
Data: 29 rows
Architectures: ['efficientnet', 'efficientnet_lite0', 'mobilenetv1', 'mobilenetv2', 'model_fp32_hybrid.tflite', 'resnet50']
Strategies:    ['Fuzzy', 'hybrid', 'sbert', 'unknown']
Backends:      ['cpu', 'edgetpu']

Generating figures...
Saved: figures/F7_latency_comparison.pdf
Saved: figures/F8_throughput_comparison.pdf
Saved: figures/F9_speedup_heatmap.pdf
Saved: figures/F10_size_vs_latency.pdf

All figures saved to figures/

[1m================================================================[0m
[1m PIPELINE COMPLETE[0m
[1m================================================================[0m

  Steps run:     60
  [0;32mSucceeded:[0m    60
  [0;31mFailed:[0m       0
  [0;33mSkipped:[0m      0
  Log:           logs/pipeline_20260208_154215.log

Key result files:
  [0;32m[OK][0m results/baseline_pv_metrics.csv
  [0;32m[OK][0m results/T1_domain_shift.csv
  [0;32m[OK][0m results/T2_coral_sweep_hybrid.csv
  [0;32m[OK][0m results/T3_quant_fp32_vs_int8_hybrid.csv
  [0;32m[OK][0m results/T5_ablation.csv
  [0;32m[OK][0m results/T6_per_class_f1_hybrid.csv
  [0;32m[OK][0m results/T7_sota.csv
  [0;32m[OK][0m results/edgebench/raw_results.csv
  [0;32m[OK][0m results/T4_edgebench.csv
  [0;32m[OK][0m results/T4_edgebench.tex

Key figures:
  [0;32m[OK][0m figures/F2_f1_vs_lambda_hybrid.png
  [0;32m[OK][0m figures/F3_tsne_baseline_hybrid.png
  [0;32m[OK][0m figures/F3_tsne_coral_hybrid.png
  [0;32m[OK][0m figures/F4_quant_tradeoff_hybrid.png
  [0;32m[OK][0m figures/F5_latency_comparison.png
  [0;32m[OK][0m figures/F7_latency_comparison.pdf
  [0;32m[OK][0m figures/F8_throughput_comparison.pdf
  [0;32m[OK][0m figures/F9_speedup_heatmap.pdf
  [0;32m[OK][0m figures/F10_size_vs_latency.pdf

TFLite models:
  INT8 TFLite:  30
  EdgeTPU:      12

[0;32mAll steps completed successfully.[0m
