path,y_true,y_pred,prob_top1
data/shared_subset/Fuzzy/target/Apple_Scab_Leaf/train_Apple Scab Leaf_8.jpg,0,4,0.9599329233169556
data/shared_subset/Fuzzy/target/Apple_Scab_Leaf/train_Apple Scab Leaf_53.jpg,0,4,0.7841078639030457
data/shared_subset/Fuzzy/target/Apple_Scab_Leaf/train_Apple Scab Leaf_37.jpg,0,5,0.9856282472610474
data/shared_subset/Fuzzy/target/Apple_Scab_Leaf/train_Apple Scab Leaf_83.jpg,0,11,0.9599907994270325
data/shared_subset/Fuzzy/target/Apple_Scab_Leaf/train_Apple Scab Leaf_76.jpg,0,4,0.6157217025756836
data/shared_subset/Fuzzy/target/Apple_Scab_Leaf/train_Apple Scab Leaf_35.jpg,0,8,0.7506053447723389
data/shared_subset/Fuzzy/target/Apple_Scab_Leaf/train_Apple Scab Leaf_7.jpg,0,5,0.9730055928230286
data/shared_subset/Fuzzy/target/Apple_Scab_Leaf/train_Apple Scab Leaf_11.jpg,0,8,0.9981614947319031
data/shared_subset/Fuzzy/target/Apple_Scab_Leaf/train_Apple Scab Leaf_16.jpg,0,8,0.9998723268508911
data/shared_subset/Fuzzy/target/Apple_Scab_Leaf/train_Apple Scab Leaf_52.jpg,0,14,0.40324169397354126
data/shared_subset/Fuzzy/target/Apple_Scab_Leaf/train_Apple Scab Leaf_24.jpg,0,3,0.5892367959022522
data/shared_subset/Fuzzy/target/Apple_Scab_Leaf/train_Apple Scab Leaf_62.jpg,0,3,0.9227643609046936
data/shared_subset/Fuzzy/target/Apple_Scab_Leaf/train_Apple Scab Leaf_81.jpg,0,6,0.5976812243461609
data/shared_subset/Fuzzy/target/Apple_Scab_Leaf/train_Apple Scab Leaf_26.jpg,0,2,0.9703246355056763
data/shared_subset/Fuzzy/target/Apple_Scab_Leaf/train_Apple Scab Leaf_79.jpg,0,8,0.6319376230239868
data/shared_subset/Fuzzy/target/Apple_Scab_Leaf/train_Apple Scab Leaf_59.jpg,0,0,0.9761741161346436
data/shared_subset/Fuzzy/target/Apple_Scab_Leaf/train_Apple Scab Leaf_77.jpg,0,8,0.7278400659561157
data/shared_subset/Fuzzy/target/Apple_Scab_Leaf/train_Apple Scab Leaf_45.jpg,0,4,0.32636144757270813
data/shared_subset/Fuzzy/target/Apple_Scab_Leaf/train_Apple Scab Leaf_50.jpg,0,2,0.6007784605026245
data/shared_subset/Fuzzy/target/Apple_Scab_Leaf/train_Apple Scab Leaf_41.jpg,0,2,0.9513806700706482
data/shared_subset/Fuzzy/target/Apple_Scab_Leaf/train_Apple Scab Leaf_82.jpg,0,8,0.9817549586296082
data/shared_subset/Fuzzy/target/Apple_Scab_Leaf/train_Apple Scab Leaf_17.jpg,0,8,0.9202703833580017
data/shared_subset/Fuzzy/target/Apple_Scab_Leaf/train_Apple Scab Leaf_30.jpg,0,2,0.8226028084754944
data/shared_subset/Fuzzy/target/Apple_Scab_Leaf/train_Apple Scab Leaf_67.jpg,0,6,0.57842618227005
data/shared_subset/Fuzzy/target/Apple_Scab_Leaf/train_Apple Scab Leaf_66.jpg,0,8,0.7077964544296265
data/shared_subset/Fuzzy/target/Apple_Scab_Leaf/train_Apple Scab Leaf_65.jpg,0,8,0.8709100484848022
data/shared_subset/Fuzzy/target/Apple_Scab_Leaf/train_Apple Scab Leaf_63.jpg,0,2,0.30798643827438354
data/shared_subset/Fuzzy/target/Apple_Scab_Leaf/train_Apple Scab Leaf_40.jpg,0,0,0.9998373985290527
data/shared_subset/Fuzzy/target/Apple_Scab_Leaf/train_Apple Scab Leaf_80.jpg,0,8,0.995299220085144
data/shared_subset/Fuzzy/target/Apple_Scab_Leaf/train_Apple Scab Leaf_57.jpg,0,0,0.8684775233268738
data/shared_subset/Fuzzy/target/Apple_Scab_Leaf/train_Apple Scab Leaf_22.jpg,0,0,0.9999140501022339
data/shared_subset/Fuzzy/target/Apple_Scab_Leaf/train_Apple Scab Leaf_23.jpg,0,4,0.7855082154273987
data/shared_subset/Fuzzy/target/Apple_Scab_Leaf/train_Apple Scab Leaf_69.jpg,0,11,0.7393024563789368
data/shared_subset/Fuzzy/target/Apple_Scab_Leaf/train_Apple Scab Leaf_38.jpg,0,14,0.42055362462997437
data/shared_subset/Fuzzy/target/Apple_Scab_Leaf/train_Apple Scab Leaf_1.jpg,0,11,0.6933279037475586
data/shared_subset/Fuzzy/target/Apple_Scab_Leaf/train_Apple Scab Leaf_73.jpg,0,8,0.9946331977844238
data/shared_subset/Fuzzy/target/Apple_Scab_Leaf/train_Apple Scab Leaf_74.jpg,0,2,0.8682785034179688
data/shared_subset/Fuzzy/target/Apple_Scab_Leaf/train_Apple Scab Leaf_19.jpg,0,5,0.6348708868026733
data/shared_subset/Fuzzy/target/Apple_Scab_Leaf/train_Apple Scab Leaf_25.jpg,0,8,0.5994328856468201
data/shared_subset/Fuzzy/target/Apple_Scab_Leaf/train_Apple Scab Leaf_9.jpg,0,0,0.9956738352775574
data/shared_subset/Fuzzy/target/Apple_Scab_Leaf/train_Apple Scab Leaf_78.jpg,0,8,0.9953668117523193
data/shared_subset/Fuzzy/target/Apple_Scab_Leaf/train_Apple Scab Leaf_47.jpg,0,0,0.9998340606689453
data/shared_subset/Fuzzy/target/Apple_Scab_Leaf/train_Apple Scab Leaf_31.jpg,0,1,0.5932276248931885
data/shared_subset/Fuzzy/target/Apple_Scab_Leaf/train_Apple Scab Leaf_3.jpg,0,0,0.9507870674133301
data/shared_subset/Fuzzy/target/Apple_Scab_Leaf/train_Apple Scab Leaf_68.jpg,0,0,0.9433240294456482
data/shared_subset/Fuzzy/target/Apple_Scab_Leaf/train_Apple Scab Leaf_61.jpg,0,8,0.9824809432029724
data/shared_subset/Fuzzy/target/Apple_Scab_Leaf/train_Apple Scab Leaf_5.jpg,0,4,0.47247546911239624
data/shared_subset/Fuzzy/target/Apple_Scab_Leaf/train_Apple Scab Leaf_56.jpg,0,0,0.5244760513305664
data/shared_subset/Fuzzy/target/Apple_Scab_Leaf/train_Apple Scab Leaf_55.jpg,0,3,0.6822554469108582
data/shared_subset/Fuzzy/target/Apple_Scab_Leaf/train_Apple Scab Leaf_32.jpg,0,8,0.7450747489929199
data/shared_subset/Fuzzy/target/Apple_Scab_Leaf/train_Apple Scab Leaf_18.jpg,0,11,0.9913331866264343
data/shared_subset/Fuzzy/target/Apple_Scab_Leaf/train_Apple Scab Leaf_44.jpg,0,3,0.8211210370063782
data/shared_subset/Fuzzy/target/Apple_Scab_Leaf/train_Apple Scab Leaf_42.jpg,0,2,0.997512698173523
data/shared_subset/Fuzzy/target/Apple_Scab_Leaf/train_Apple Scab Leaf_34.jpg,0,0,0.7496378421783447
data/shared_subset/Fuzzy/target/Apple_Scab_Leaf/train_Apple Scab Leaf_43.jpg,0,8,0.7706047892570496
data/shared_subset/Fuzzy/target/Apple_Scab_Leaf/train_Apple Scab Leaf_49.jpg,0,5,0.5515536665916443
data/shared_subset/Fuzzy/target/Apple_Scab_Leaf/train_Apple Scab Leaf_14.jpg,0,11,0.9734928011894226
data/shared_subset/Fuzzy/target/Apple_Scab_Leaf/train_Apple Scab Leaf_12.jpg,0,5,0.33023887872695923
data/shared_subset/Fuzzy/target/Apple_Scab_Leaf/train_Apple Scab Leaf_6.jpg,0,4,0.5149828791618347
data/shared_subset/Fuzzy/target/Apple_Scab_Leaf/train_Apple Scab Leaf_51.jpg,0,2,0.7888900637626648
data/shared_subset/Fuzzy/target/Apple_Scab_Leaf/train_Apple Scab Leaf_2.jpg,0,7,0.4966876804828644
data/shared_subset/Fuzzy/target/Apple_Scab_Leaf/train_Apple Scab Leaf_54.jpg,0,8,0.9996140599250793
data/shared_subset/Fuzzy/target/Apple_Scab_Leaf/train_Apple Scab Leaf_36.jpg,0,8,0.9179432392120361
data/shared_subset/Fuzzy/target/Apple_Scab_Leaf/train_Apple Scab Leaf_20.jpg,0,5,0.49547067284584045
data/shared_subset/Fuzzy/target/Apple_Scab_Leaf/train_Apple Scab Leaf_28.jpg,0,5,0.998944103717804
data/shared_subset/Fuzzy/target/Apple_Scab_Leaf/train_Apple Scab Leaf_72.jpg,0,2,0.6798217296600342
data/shared_subset/Fuzzy/target/Apple_Scab_Leaf/train_Apple Scab Leaf_10.jpg,0,8,0.8375225067138672
data/shared_subset/Fuzzy/target/Apple_Scab_Leaf/train_Apple Scab Leaf_71.jpg,0,0,0.587245762348175
data/shared_subset/Fuzzy/target/Apple_Scab_Leaf/train_Apple Scab Leaf_64.jpg,0,13,0.8534286618232727
data/shared_subset/Fuzzy/target/Apple_Scab_Leaf/train_Apple Scab Leaf_4.jpg,0,2,0.8996046185493469
data/shared_subset/Fuzzy/target/Apple_Scab_Leaf/train_Apple Scab Leaf_70.jpg,0,11,0.6292471289634705
data/shared_subset/Fuzzy/target/Apple_Scab_Leaf/train_Apple Scab Leaf_48.jpg,0,0,0.36670565605163574
data/shared_subset/Fuzzy/target/Apple_Scab_Leaf/train_Apple Scab Leaf_27.jpg,0,2,0.9570197463035583
data/shared_subset/Fuzzy/target/Apple_Scab_Leaf/train_Apple Scab Leaf_13.jpg,0,6,0.40891233086586
data/shared_subset/Fuzzy/target/Apple_Scab_Leaf/train_Apple Scab Leaf_33.jpg,0,2,0.8120927810668945
data/shared_subset/Fuzzy/target/Apple_Scab_Leaf/train_Apple Scab Leaf_60.jpg,0,3,0.42440932989120483
data/shared_subset/Fuzzy/target/Apple_Scab_Leaf/train_Apple Scab Leaf_58.jpg,0,3,0.30947262048721313
data/shared_subset/Fuzzy/target/Apple_Scab_Leaf/train_Apple Scab Leaf_21.jpg,0,1,0.5136861801147461
data/shared_subset/Fuzzy/target/Apple_Scab_Leaf/train_Apple Scab Leaf_15.jpg,0,11,0.7690847516059875
data/shared_subset/Fuzzy/target/Apple_Scab_Leaf/train_Apple Scab Leaf_46.jpg,0,4,0.4924069344997406
data/shared_subset/Fuzzy/target/Apple_Scab_Leaf/train_Apple Scab Leaf_29.jpg,0,7,0.522428572177887
data/shared_subset/Fuzzy/target/Apple_Scab_Leaf/train_Apple Scab Leaf_75.jpg,0,8,0.9982197880744934
data/shared_subset/Fuzzy/target/Apple_Scab_Leaf/train_Apple Scab Leaf_39.jpg,0,5,0.7316814064979553
data/shared_subset/Fuzzy/target/Apple_rust_leaf/train_Apple rust leaf_34.jpg,1,4,0.3703504800796509
data/shared_subset/Fuzzy/target/Apple_rust_leaf/train_Apple rust leaf_73.jpg,1,3,0.5284561514854431
data/shared_subset/Fuzzy/target/Apple_rust_leaf/train_Apple rust leaf_43.jpg,1,4,0.5702763795852661
data/shared_subset/Fuzzy/target/Apple_rust_leaf/train_Apple rust leaf_12.jpg,1,4,0.39850348234176636
data/shared_subset/Fuzzy/target/Apple_rust_leaf/train_Apple rust leaf_70.jpg,1,2,0.6078767776489258
data/shared_subset/Fuzzy/target/Apple_rust_leaf/train_Apple rust leaf_47_3.jpg,1,0,0.9566231369972229
data/shared_subset/Fuzzy/target/Apple_rust_leaf/train_Apple rust leaf_48.jpg,1,2,0.5376392602920532
data/shared_subset/Fuzzy/target/Apple_rust_leaf/train_Apple rust leaf_50.jpg,1,2,0.9848302602767944
data/shared_subset/Fuzzy/target/Apple_rust_leaf/train_Apple rust leaf_75.jpg,1,11,0.9834363460540771
data/shared_subset/Fuzzy/target/Apple_rust_leaf/train_Apple rust leaf_17.jpg,1,4,0.5103825926780701
data/shared_subset/Fuzzy/target/Apple_rust_leaf/train_Apple rust leaf_58_1.jpg,1,2,0.9820451140403748
data/shared_subset/Fuzzy/target/Apple_rust_leaf/train_Apple rust leaf_47_5.jpg,1,3,0.6313456296920776
data/shared_subset/Fuzzy/target/Apple_rust_leaf/train_Apple rust leaf_63.jpg,1,2,0.6976649761199951
data/shared_subset/Fuzzy/target/Apple_rust_leaf/train_Apple rust leaf_8.jpg,1,2,0.8093975782394409
data/shared_subset/Fuzzy/target/Apple_rust_leaf/train_Apple rust leaf_78.jpg,1,8,0.9997288584709167
data/shared_subset/Fuzzy/target/Apple_rust_leaf/train_Apple rust leaf_49.jpg,1,8,0.9969448447227478
data/shared_subset/Fuzzy/target/Apple_rust_leaf/train_Apple rust leaf_11.jpg,1,4,0.9231603145599365
data/shared_subset/Fuzzy/target/Apple_rust_leaf/train_Apple rust leaf_29.jpg,1,2,0.9105405807495117
data/shared_subset/Fuzzy/target/Apple_rust_leaf/train_Apple rust leaf_60.jpg,1,8,0.9238908886909485
data/shared_subset/Fuzzy/target/Apple_rust_leaf/train_Apple rust leaf_36_2.jpg,1,8,0.9811500310897827
data/shared_subset/Fuzzy/target/Apple_rust_leaf/train_Apple rust leaf_18.jpg,1,8,0.5667563080787659
data/shared_subset/Fuzzy/target/Apple_rust_leaf/train_Apple rust leaf_59.jpg,1,2,0.5438852310180664
data/shared_subset/Fuzzy/target/Apple_rust_leaf/train_Apple rust leaf_40.jpg,1,2,0.6543097496032715
data/shared_subset/Fuzzy/target/Apple_rust_leaf/train_Apple rust leaf_62.jpg,1,2,0.9417248368263245
data/shared_subset/Fuzzy/target/Apple_rust_leaf/train_Apple rust leaf_66_4.jpg,1,2,0.9358769059181213
data/shared_subset/Fuzzy/target/Apple_rust_leaf/train_Apple rust leaf_28.jpg,1,4,0.9504876732826233
data/shared_subset/Fuzzy/target/Apple_rust_leaf/train_Apple rust leaf_21.jpg,1,3,0.8364980816841125
data/shared_subset/Fuzzy/target/Apple_rust_leaf/train_Apple rust leaf_1.jpg,1,0,0.6705445051193237
data/shared_subset/Fuzzy/target/Apple_rust_leaf/train_Apple rust leaf_69.jpg,1,7,0.34231969714164734
data/shared_subset/Fuzzy/target/Apple_rust_leaf/train_Apple rust leaf_47_4.jpg,1,0,0.3775763511657715
data/shared_subset/Fuzzy/target/Apple_rust_leaf/train_Apple rust leaf_39_2.jpg,1,8,0.8380122184753418
data/shared_subset/Fuzzy/target/Apple_rust_leaf/train_Apple rust leaf_66_3.jpg,1,2,0.9932106137275696
data/shared_subset/Fuzzy/target/Apple_rust_leaf/train_Apple rust leaf_16.jpg,1,2,0.9976836442947388
data/shared_subset/Fuzzy/target/Apple_rust_leaf/train_Apple rust leaf_26.jpg,1,11,0.45076656341552734
data/shared_subset/Fuzzy/target/Apple_rust_leaf/train_Apple rust leaf_41.jpg,1,4,0.9833059906959534
data/shared_subset/Fuzzy/target/Apple_rust_leaf/train_Apple rust leaf_61.jpg,1,2,0.7715765237808228
data/shared_subset/Fuzzy/target/Apple_rust_leaf/train_Apple rust leaf_32.jpg,1,4,0.7635853290557861
data/shared_subset/Fuzzy/target/Apple_rust_leaf/train_Apple rust leaf_64.jpg,1,2,0.9599153399467468
data/shared_subset/Fuzzy/target/Apple_rust_leaf/train_Apple rust leaf_13.jpg,1,4,0.9999861717224121
data/shared_subset/Fuzzy/target/Apple_rust_leaf/train_Apple rust leaf_65.jpg,1,7,0.8361189365386963
data/shared_subset/Fuzzy/target/Apple_rust_leaf/train_Apple rust leaf_42_4.jpg,1,3,0.9095962047576904
data/shared_subset/Fuzzy/target/Apple_rust_leaf/train_Apple rust leaf_47_2.jpg,1,0,0.4478760361671448
data/shared_subset/Fuzzy/target/Apple_rust_leaf/train_Apple rust leaf_14.jpg,1,4,0.926148533821106
data/shared_subset/Fuzzy/target/Apple_rust_leaf/train_Apple rust leaf_52.jpg,1,2,0.4057391285896301
data/shared_subset/Fuzzy/target/Apple_rust_leaf/train_Apple rust leaf_27.jpg,1,14,0.6247809529304504
data/shared_subset/Fuzzy/target/Apple_rust_leaf/train_Apple rust leaf_44.jpg,1,4,0.964738667011261
data/shared_subset/Fuzzy/target/Apple_rust_leaf/train_Apple rust leaf_45.jpg,1,4,0.9942948222160339
data/shared_subset/Fuzzy/target/Apple_rust_leaf/train_Apple rust leaf_6.jpg,1,3,0.8307814598083496
data/shared_subset/Fuzzy/target/Apple_rust_leaf/train_Apple rust leaf_71_1.jpg,1,15,0.7613406181335449
data/shared_subset/Fuzzy/target/Apple_rust_leaf/train_Apple rust leaf_15.jpg,1,3,0.6280134320259094
data/shared_subset/Fuzzy/target/Apple_rust_leaf/train_Apple rust leaf_31.jpg,1,4,0.8106603026390076
data/shared_subset/Fuzzy/target/Apple_rust_leaf/train_Apple rust leaf_22.jpg,1,1,0.816642701625824
data/shared_subset/Fuzzy/target/Apple_rust_leaf/train_Apple rust leaf_76.jpg,1,4,0.996829092502594
data/shared_subset/Fuzzy/target/Apple_rust_leaf/train_Apple rust leaf_25.jpg,1,2,0.9861410856246948
data/shared_subset/Fuzzy/target/Apple_rust_leaf/train_Apple rust leaf_79.jpg,1,9,0.7831084728240967
data/shared_subset/Fuzzy/target/Apple_rust_leaf/train_Apple rust leaf_71_2.jpg,1,2,0.9858864545822144
data/shared_subset/Fuzzy/target/Apple_rust_leaf/train_Apple rust leaf_58_2.jpg,1,2,0.9782724380493164
data/shared_subset/Fuzzy/target/Apple_rust_leaf/train_Apple rust leaf_38.jpg,1,4,0.9174524545669556
data/shared_subset/Fuzzy/target/Apple_rust_leaf/train_Apple rust leaf_42_1.jpg,1,2,0.8630839586257935
data/shared_subset/Fuzzy/target/Apple_rust_leaf/train_Apple rust leaf_24.jpg,1,2,0.9960953593254089
data/shared_subset/Fuzzy/target/Apple_rust_leaf/train_Apple rust leaf_66_1.jpg,1,2,0.9635136723518372
data/shared_subset/Fuzzy/target/Apple_rust_leaf/train_Apple rust leaf_7.jpg,1,4,0.9921793937683105
data/shared_subset/Fuzzy/target/Apple_rust_leaf/train_Apple rust leaf_30.jpg,1,2,0.9469577074050903
data/shared_subset/Fuzzy/target/Apple_rust_leaf/train_Apple rust leaf_3.jpg,1,1,0.7148892879486084
data/shared_subset/Fuzzy/target/Apple_rust_leaf/train_Apple rust leaf_42_3.jpg,1,3,0.720521867275238
data/shared_subset/Fuzzy/target/Apple_rust_leaf/train_Apple rust leaf_5.jpg,1,4,0.3982142210006714
data/shared_subset/Fuzzy/target/Apple_rust_leaf/train_Apple rust leaf_33.jpg,1,4,0.6746551990509033
data/shared_subset/Fuzzy/target/Apple_rust_leaf/train_Apple rust leaf_55_1.jpg,1,4,0.9959218502044678
data/shared_subset/Fuzzy/target/Apple_rust_leaf/train_Apple rust leaf_51.jpg,1,8,0.7894165515899658
data/shared_subset/Fuzzy/target/Apple_rust_leaf/train_Apple rust leaf_9.jpg,1,7,0.868159294128418
data/shared_subset/Fuzzy/target/Apple_rust_leaf/train_Apple rust leaf_47_1.jpg,1,1,0.6339821219444275
data/shared_subset/Fuzzy/target/Apple_rust_leaf/train_Apple rust leaf_36_1.jpg,1,4,0.9248372912406921
data/shared_subset/Fuzzy/target/Apple_rust_leaf/train_Apple rust leaf_55_2.jpg,1,2,0.8590337634086609
data/shared_subset/Fuzzy/target/Apple_rust_leaf/train_Apple rust leaf_46.jpg,1,14,0.45003658533096313
data/shared_subset/Fuzzy/target/Apple_rust_leaf/train_Apple rust leaf_23.jpg,1,4,0.9104894399642944
data/shared_subset/Fuzzy/target/Apple_rust_leaf/train_Apple rust leaf_68.jpg,1,11,0.7979380488395691
data/shared_subset/Fuzzy/target/Apple_rust_leaf/train_Apple rust leaf_37.jpg,1,0,0.8726096749305725
data/shared_subset/Fuzzy/target/Apple_rust_leaf/train_Apple rust leaf_10.jpg,1,1,0.6037873029708862
data/shared_subset/Fuzzy/target/Apple_rust_leaf/train_Apple rust leaf_72.jpg,1,2,0.8431986570358276
data/shared_subset/Fuzzy/target/Apple_rust_leaf/train_Apple rust leaf_39_1.jpg,1,8,0.8376361727714539
data/shared_subset/Fuzzy/target/Apple_rust_leaf/train_Apple rust leaf_19.jpg,1,5,0.7479939460754395
data/shared_subset/Fuzzy/target/Apple_rust_leaf/train_Apple rust leaf_42_2.jpg,1,2,0.96324223279953
data/shared_subset/Fuzzy/target/Apple_rust_leaf/train_Apple rust leaf_53.jpg,1,2,0.6088544726371765
data/shared_subset/Fuzzy/target/Apple_rust_leaf/train_Apple rust leaf_56.jpg,1,4,0.5071906447410583
data/shared_subset/Fuzzy/target/Apple_rust_leaf/train_Apple rust leaf_66_2.jpg,1,4,0.33765700459480286
data/shared_subset/Fuzzy/target/Apple_rust_leaf/train_Apple rust leaf_57_1.jpg,1,0,0.43877673149108887
data/shared_subset/Fuzzy/target/Apple_rust_leaf/train_Apple rust leaf_2.jpg,1,1,0.9997333884239197
data/shared_subset/Fuzzy/target/Apple_rust_leaf/train_Apple rust leaf_57_2.jpg,1,3,0.7202252745628357
data/shared_subset/Fuzzy/target/Apple_rust_leaf/train_Apple rust leaf_77.jpg,1,4,0.3998107314109802
data/shared_subset/Fuzzy/target/Apple_rust_leaf/train_Apple rust leaf_54.jpg,1,7,0.8872138857841492
data/shared_subset/Fuzzy/target/Apple_rust_leaf/train_Apple rust leaf_20.jpg,1,4,0.9999387264251709
data/shared_subset/Fuzzy/target/Apple_rust_leaf/train_Apple rust leaf_67.jpg,1,2,0.9791369438171387
data/shared_subset/Fuzzy/target/Apple_rust_leaf/train_Apple rust leaf_4.jpg,1,1,1.0
data/shared_subset/Fuzzy/target/Apple_rust_leaf/train_Apple rust leaf_35.jpg,1,0,0.8428100943565369
data/shared_subset/Fuzzy/target/Apple_rust_leaf/train_Apple rust leaf_74.jpg,1,14,0.555328369140625
data/shared_subset/Fuzzy/target/Apple_rust_leaf/train_Apple rust leaf_36_3.jpg,1,8,0.45967885851860046
data/shared_subset/Fuzzy/target/Corn_Gray_leaf_spot/train_Corn Gray leaf spot_28.jpg,2,2,0.9976670742034912
data/shared_subset/Fuzzy/target/Corn_Gray_leaf_spot/train_Corn Gray leaf spot_51.jpg,2,2,0.9999794960021973
data/shared_subset/Fuzzy/target/Corn_Gray_leaf_spot/train_Corn Gray leaf spot_43.jpg,2,2,0.5965174436569214
data/shared_subset/Fuzzy/target/Corn_Gray_leaf_spot/train_Corn Gray leaf spot_41.jpg,2,4,0.9935693740844727
data/shared_subset/Fuzzy/target/Corn_Gray_leaf_spot/train_Corn Gray leaf spot_45.jpg,2,2,0.99178546667099
data/shared_subset/Fuzzy/target/Corn_Gray_leaf_spot/train_Corn Gray leaf spot_49.jpg,2,4,0.8158759474754333
data/shared_subset/Fuzzy/target/Corn_Gray_leaf_spot/train_Corn Gray leaf spot_3.jpg,2,3,0.9962466359138489
data/shared_subset/Fuzzy/target/Corn_Gray_leaf_spot/train_Corn Gray leaf spot_6.jpg,2,3,0.9756293892860413
data/shared_subset/Fuzzy/target/Corn_Gray_leaf_spot/train_Corn Gray leaf spot_19.jpg,2,2,0.9663536548614502
data/shared_subset/Fuzzy/target/Corn_Gray_leaf_spot/train_Corn Gray leaf spot_8.jpg,2,2,0.9378989934921265
data/shared_subset/Fuzzy/target/Corn_Gray_leaf_spot/train_Corn Gray leaf spot_37.jpg,2,2,0.7379224896430969
data/shared_subset/Fuzzy/target/Corn_Gray_leaf_spot/train_Corn Gray leaf spot_39.jpg,2,1,0.9139813780784607
data/shared_subset/Fuzzy/target/Corn_Gray_leaf_spot/train_Corn Gray leaf spot_40.jpg,2,3,0.9965822100639343
data/shared_subset/Fuzzy/target/Corn_Gray_leaf_spot/train_Corn Gray leaf spot_18.jpg,2,2,0.841299831867218
data/shared_subset/Fuzzy/target/Corn_Gray_leaf_spot/train_Corn Gray leaf spot_10.jpg,2,2,0.9777467846870422
data/shared_subset/Fuzzy/target/Corn_Gray_leaf_spot/train_Corn Gray leaf spot_34.jpg,2,2,0.9999406337738037
data/shared_subset/Fuzzy/target/Corn_Gray_leaf_spot/train_Corn Gray leaf spot_54.jpg,2,2,0.45923134684562683
data/shared_subset/Fuzzy/target/Corn_Gray_leaf_spot/train_Corn Gray leaf spot_2.jpg,2,2,0.8169411420822144
data/shared_subset/Fuzzy/target/Corn_Gray_leaf_spot/train_Corn Gray leaf spot_32.jpg,2,2,0.9997474551200867
data/shared_subset/Fuzzy/target/Corn_Gray_leaf_spot/train_Corn Gray leaf spot_57.jpg,2,3,0.9612286686897278
data/shared_subset/Fuzzy/target/Corn_Gray_leaf_spot/train_Corn Gray leaf spot_59.jpg,2,2,0.9986732006072998
data/shared_subset/Fuzzy/target/Corn_Gray_leaf_spot/train_Corn Gray leaf spot_25.jpg,2,3,0.5213396549224854
data/shared_subset/Fuzzy/target/Corn_Gray_leaf_spot/train_Corn Gray leaf spot_60.jpg,2,3,0.9988889098167419
data/shared_subset/Fuzzy/target/Corn_Gray_leaf_spot/train_Corn Gray leaf spot_52.jpg,2,2,0.9998568296432495
data/shared_subset/Fuzzy/target/Corn_Gray_leaf_spot/train_Corn Gray leaf spot_22.jpg,2,3,0.9988062381744385
data/shared_subset/Fuzzy/target/Corn_Gray_leaf_spot/train_Corn Gray leaf spot_47_1.jpg,2,3,0.9982197880744934
data/shared_subset/Fuzzy/target/Corn_Gray_leaf_spot/train_Corn Gray leaf spot_5.jpg,2,2,0.9964104294776917
data/shared_subset/Fuzzy/target/Corn_Gray_leaf_spot/train_Corn Gray leaf spot_55.jpg,2,4,0.9098427295684814
data/shared_subset/Fuzzy/target/Corn_Gray_leaf_spot/train_Corn Gray leaf spot_11.jpg,2,2,0.999944806098938
data/shared_subset/Fuzzy/target/Corn_Gray_leaf_spot/train_Corn Gray leaf spot_56.jpg,2,10,0.4845260977745056
data/shared_subset/Fuzzy/target/Corn_Gray_leaf_spot/train_Corn Gray leaf spot_46.jpg,2,2,0.9804480075836182
data/shared_subset/Fuzzy/target/Corn_Gray_leaf_spot/train_Corn Gray leaf spot_50.jpg,2,2,0.9534404277801514
data/shared_subset/Fuzzy/target/Corn_Gray_leaf_spot/train_Corn Gray leaf spot_26.jpg,2,2,0.9906773567199707
data/shared_subset/Fuzzy/target/Corn_Gray_leaf_spot/train_Corn Gray leaf spot_58.jpg,2,2,0.974189817905426
data/shared_subset/Fuzzy/target/Corn_Gray_leaf_spot/train_Corn Gray leaf spot_44.jpg,2,2,0.9955698847770691
data/shared_subset/Fuzzy/target/Corn_Gray_leaf_spot/train_Corn Gray leaf spot_61.jpg,2,2,0.9985020160675049
data/shared_subset/Fuzzy/target/Corn_Gray_leaf_spot/train_Corn Gray leaf spot_4.jpg,2,2,0.9728905558586121
data/shared_subset/Fuzzy/target/Corn_Gray_leaf_spot/train_Corn Gray leaf spot_53.jpg,2,4,0.5644559264183044
data/shared_subset/Fuzzy/target/Corn_Gray_leaf_spot/train_Corn Gray leaf spot_33.jpg,2,2,0.9833018183708191
data/shared_subset/Fuzzy/target/Corn_Gray_leaf_spot/train_Corn Gray leaf spot_63.jpg,2,2,0.6950139999389648
data/shared_subset/Fuzzy/target/Corn_Gray_leaf_spot/train_Corn Gray leaf spot_12.jpg,2,3,0.4018464684486389
data/shared_subset/Fuzzy/target/Corn_Gray_leaf_spot/train_Corn Gray leaf spot_48.jpg,2,1,0.9989176988601685
data/shared_subset/Fuzzy/target/Corn_Gray_leaf_spot/train_Corn Gray leaf spot_20.jpg,2,4,0.9025216102600098
data/shared_subset/Fuzzy/target/Corn_Gray_leaf_spot/train_Corn Gray leaf spot_13.jpg,2,2,0.9993975162506104
data/shared_subset/Fuzzy/target/Corn_Gray_leaf_spot/train_Corn Gray leaf spot_31.jpg,2,2,0.6411489248275757
data/shared_subset/Fuzzy/target/Corn_Gray_leaf_spot/train_Corn Gray leaf spot_29.jpg,2,2,0.8705382943153381
data/shared_subset/Fuzzy/target/Corn_Gray_leaf_spot/train_Corn Gray leaf spot_9.jpg,2,2,0.9998610019683838
data/shared_subset/Fuzzy/target/Corn_Gray_leaf_spot/train_Corn Gray leaf spot_17.jpg,2,2,0.991294801235199
data/shared_subset/Fuzzy/target/Corn_Gray_leaf_spot/train_Corn Gray leaf spot_35.jpg,2,4,0.7499465346336365
data/shared_subset/Fuzzy/target/Corn_Gray_leaf_spot/train_Corn Gray leaf spot_21.jpg,2,3,0.8144676685333252
data/shared_subset/Fuzzy/target/Corn_Gray_leaf_spot/train_Corn Gray leaf spot_16.jpg,2,2,0.7366740703582764
data/shared_subset/Fuzzy/target/Corn_Gray_leaf_spot/train_Corn Gray leaf spot_23.jpg,2,2,0.9961814880371094
data/shared_subset/Fuzzy/target/Corn_Gray_leaf_spot/train_Corn Gray leaf spot_30.jpg,2,2,0.9245119094848633
data/shared_subset/Fuzzy/target/Corn_Gray_leaf_spot/train_Corn Gray leaf spot_36.jpg,2,2,0.9999345541000366
data/shared_subset/Fuzzy/target/Corn_Gray_leaf_spot/train_Corn Gray leaf spot_38.jpg,2,1,0.7505866885185242
data/shared_subset/Fuzzy/target/Corn_Gray_leaf_spot/train_Corn Gray leaf spot_24.jpg,2,3,0.9814503192901611
data/shared_subset/Fuzzy/target/Corn_Gray_leaf_spot/train_Corn Gray leaf spot_1.jpg,2,11,0.5031511187553406
data/shared_subset/Fuzzy/target/Corn_Gray_leaf_spot/train_Corn Gray leaf spot_42_1.jpg,2,2,0.989224374294281
data/shared_subset/Fuzzy/target/Corn_Gray_leaf_spot/train_Corn Gray leaf spot_7.jpg,2,4,0.7039906978607178
data/shared_subset/Fuzzy/target/Corn_Gray_leaf_spot/train_Corn Gray leaf spot_14.jpg,2,2,0.9380362629890442
data/shared_subset/Fuzzy/target/Corn_Gray_leaf_spot/train_Corn Gray leaf spot_64.jpg,2,4,0.3740377724170685
data/shared_subset/Fuzzy/target/Corn_Gray_leaf_spot/train_Corn Gray leaf spot_62.jpg,2,2,0.99998939037323
data/shared_subset/Fuzzy/target/Corn_Gray_leaf_spot/train_Corn Gray leaf spot_15.jpg,2,8,0.9992467164993286
data/shared_subset/Fuzzy/target/Corn_leaf_blight/train_Corn leaf blight_136.jpg,3,2,0.9936250448226929
data/shared_subset/Fuzzy/target/Corn_leaf_blight/train_Corn leaf blight_73.jpg,3,2,0.958935022354126
data/shared_subset/Fuzzy/target/Corn_leaf_blight/train_Corn leaf blight_118.jpg,3,3,0.7413981556892395
data/shared_subset/Fuzzy/target/Corn_leaf_blight/train_Corn leaf blight_162.jpg,3,2,0.9996405839920044
data/shared_subset/Fuzzy/target/Corn_leaf_blight/train_Corn leaf blight_65.jpg,3,2,0.6938958764076233
data/shared_subset/Fuzzy/target/Corn_leaf_blight/train_Corn leaf blight_145.jpg,3,3,0.9986490607261658
data/shared_subset/Fuzzy/target/Corn_leaf_blight/train_Corn leaf blight_133.jpg,3,2,0.9583826065063477
data/shared_subset/Fuzzy/target/Corn_leaf_blight/train_Corn leaf blight_134.jpg,3,2,0.8486769199371338
data/shared_subset/Fuzzy/target/Corn_leaf_blight/train_Corn leaf blight_156.jpg,3,2,0.9991067051887512
data/shared_subset/Fuzzy/target/Corn_leaf_blight/train_Corn leaf blight_39.jpg,3,2,0.7667146325111389
data/shared_subset/Fuzzy/target/Corn_leaf_blight/train_Corn leaf blight_126.jpg,3,2,0.9996503591537476
data/shared_subset/Fuzzy/target/Corn_leaf_blight/train_Corn leaf blight_161.jpg,3,2,0.9984363913536072
data/shared_subset/Fuzzy/target/Corn_leaf_blight/train_Corn leaf blight_91.jpg,3,4,0.47945982217788696
data/shared_subset/Fuzzy/target/Corn_leaf_blight/train_Corn leaf blight_62.jpg,3,3,0.826542854309082
data/shared_subset/Fuzzy/target/Corn_leaf_blight/train_Corn leaf blight_43.jpg,3,3,0.9894351363182068
data/shared_subset/Fuzzy/target/Corn_leaf_blight/train_Corn leaf blight_35.jpg,3,2,0.9790680408477783
data/shared_subset/Fuzzy/target/Corn_leaf_blight/train_Corn leaf blight_167.jpg,3,2,0.5514177083969116
data/shared_subset/Fuzzy/target/Corn_leaf_blight/train_Corn leaf blight_106.jpg,3,4,0.9963738322257996
data/shared_subset/Fuzzy/target/Corn_leaf_blight/train_Corn leaf blight_32.jpg,3,2,0.5858208537101746
data/shared_subset/Fuzzy/target/Corn_leaf_blight/train_Corn leaf blight_90.jpg,3,2,0.8294364213943481
data/shared_subset/Fuzzy/target/Corn_leaf_blight/train_Corn leaf blight_174.jpg,3,11,0.42271047830581665
data/shared_subset/Fuzzy/target/Corn_leaf_blight/train_Corn leaf blight_110.jpg,3,3,0.9973816275596619
data/shared_subset/Fuzzy/target/Corn_leaf_blight/train_Corn leaf blight_152.jpg,3,2,0.810052752494812
data/shared_subset/Fuzzy/target/Corn_leaf_blight/train_Corn leaf blight_114.jpg,3,2,0.4524065852165222
data/shared_subset/Fuzzy/target/Corn_leaf_blight/train_Corn leaf blight_153.jpg,3,3,0.5588298439979553
data/shared_subset/Fuzzy/target/Corn_leaf_blight/train_Corn leaf blight_100.jpg,3,2,0.6395393013954163
data/shared_subset/Fuzzy/target/Corn_leaf_blight/train_Corn leaf blight_112.jpg,3,2,0.616564154624939
data/shared_subset/Fuzzy/target/Corn_leaf_blight/train_Corn leaf blight_57.jpg,3,2,0.9959403276443481
data/shared_subset/Fuzzy/target/Corn_leaf_blight/train_Corn leaf blight_51.jpg,3,4,0.8955695033073425
data/shared_subset/Fuzzy/target/Corn_leaf_blight/train_Corn leaf blight_74.jpg,3,3,0.9999958276748657
data/shared_subset/Fuzzy/target/Corn_leaf_blight/train_Corn leaf blight_14.jpg,3,3,0.999940037727356
data/shared_subset/Fuzzy/target/Corn_leaf_blight/train_Corn leaf blight_50.jpg,3,2,0.9698207378387451
data/shared_subset/Fuzzy/target/Corn_leaf_blight/train_Corn leaf blight_63.jpg,3,2,0.9916018843650818
data/shared_subset/Fuzzy/target/Corn_leaf_blight/train_Corn leaf blight_160.jpg,3,3,0.969524621963501
data/shared_subset/Fuzzy/target/Corn_leaf_blight/train_Corn leaf blight_82.jpg,3,8,0.5354499220848083
data/shared_subset/Fuzzy/target/Corn_leaf_blight/train_Corn leaf blight_27.jpg,3,3,0.9988802075386047
data/shared_subset/Fuzzy/target/Corn_leaf_blight/train_Corn leaf blight_144.jpg,3,2,0.8445760607719421
data/shared_subset/Fuzzy/target/Corn_leaf_blight/train_Corn leaf blight_175.jpg,3,2,0.9983943104743958
data/shared_subset/Fuzzy/target/Corn_leaf_blight/train_Corn leaf blight_168.jpg,3,2,0.9984455704689026
data/shared_subset/Fuzzy/target/Corn_leaf_blight/train_Corn leaf blight_59.jpg,3,2,0.6887144446372986
data/shared_subset/Fuzzy/target/Corn_leaf_blight/train_Corn leaf blight_119.jpg,3,8,0.999703586101532
data/shared_subset/Fuzzy/target/Corn_leaf_blight/train_Corn leaf blight_142.jpg,3,8,0.4283163845539093
data/shared_subset/Fuzzy/target/Corn_leaf_blight/train_Corn leaf blight_26.jpg,3,2,0.8906506896018982
data/shared_subset/Fuzzy/target/Corn_leaf_blight/train_Corn leaf blight_123.jpg,3,2,0.9816079139709473
data/shared_subset/Fuzzy/target/Corn_leaf_blight/train_Corn leaf blight_87.jpg,3,11,0.8759936690330505
data/shared_subset/Fuzzy/target/Corn_leaf_blight/train_Corn leaf blight_107.jpg,3,2,0.9912571907043457
data/shared_subset/Fuzzy/target/Corn_leaf_blight/train_Corn leaf blight_99.jpg,3,3,0.8604927062988281
data/shared_subset/Fuzzy/target/Corn_leaf_blight/train_Corn leaf blight_149.jpg,3,2,0.8532396554946899
data/shared_subset/Fuzzy/target/Corn_leaf_blight/train_Corn leaf blight_97.jpg,3,2,0.7933992743492126
data/shared_subset/Fuzzy/target/Corn_leaf_blight/train_Corn leaf blight_94.jpg,3,2,0.9600224494934082
data/shared_subset/Fuzzy/target/Corn_leaf_blight/train_Corn leaf blight_148.jpg,3,2,0.377096563577652
data/shared_subset/Fuzzy/target/Corn_leaf_blight/train_Corn leaf blight_77.jpg,3,3,0.8339864015579224
data/shared_subset/Fuzzy/target/Corn_leaf_blight/train_Corn leaf blight_116.jpg,3,2,0.5603353381156921
data/shared_subset/Fuzzy/target/Corn_leaf_blight/train_Corn leaf blight_40.jpg,3,2,0.998856782913208
data/shared_subset/Fuzzy/target/Corn_leaf_blight/train_Corn leaf blight_16.jpg,3,2,0.9718695282936096
data/shared_subset/Fuzzy/target/Corn_leaf_blight/train_Corn leaf blight_3.jpg,3,3,0.9808926582336426
data/shared_subset/Fuzzy/target/Corn_leaf_blight/train_Corn leaf blight_150.jpg,3,2,0.9969066977500916
data/shared_subset/Fuzzy/target/Corn_leaf_blight/train_Corn leaf blight_137.jpg,3,0,0.5181906223297119
data/shared_subset/Fuzzy/target/Corn_leaf_blight/train_Corn leaf blight_1.jpg,3,3,0.900896430015564
data/shared_subset/Fuzzy/target/Corn_leaf_blight/train_Corn leaf blight_164.jpg,3,2,0.997767448425293
data/shared_subset/Fuzzy/target/Corn_leaf_blight/train_Corn leaf blight_33.jpg,3,2,0.9997232556343079
data/shared_subset/Fuzzy/target/Corn_leaf_blight/train_Corn leaf blight_122.jpg,3,8,0.8595654368400574
data/shared_subset/Fuzzy/target/Corn_leaf_blight/train_Corn leaf blight_8.jpg,3,4,0.563463032245636
data/shared_subset/Fuzzy/target/Corn_leaf_blight/train_Corn leaf blight_159.jpg,3,2,0.9972553849220276
data/shared_subset/Fuzzy/target/Corn_leaf_blight/train_Corn leaf blight_19.jpg,3,2,0.8796931505203247
data/shared_subset/Fuzzy/target/Corn_leaf_blight/train_Corn leaf blight_109.jpg,3,3,0.6311550736427307
data/shared_subset/Fuzzy/target/Corn_leaf_blight/train_Corn leaf blight_163.jpg,3,3,0.9909632802009583
data/shared_subset/Fuzzy/target/Corn_leaf_blight/train_Corn leaf blight_165.jpg,3,3,0.994492769241333
data/shared_subset/Fuzzy/target/Corn_leaf_blight/train_Corn leaf blight_178.jpg,3,2,0.6976186037063599
data/shared_subset/Fuzzy/target/Corn_leaf_blight/train_Corn leaf blight_42.jpg,3,0,0.5834493041038513
data/shared_subset/Fuzzy/target/Corn_leaf_blight/train_Corn leaf blight_169.jpg,3,3,0.9968386888504028
data/shared_subset/Fuzzy/target/Corn_leaf_blight/train_Corn leaf blight_45.jpg,3,3,0.6895253658294678
data/shared_subset/Fuzzy/target/Corn_leaf_blight/train_Corn leaf blight_115.jpg,3,3,0.9061779379844666
data/shared_subset/Fuzzy/target/Corn_leaf_blight/train_Corn leaf blight_131.jpg,3,2,0.9913021326065063
data/shared_subset/Fuzzy/target/Corn_leaf_blight/train_Corn Gray leaf spot_47_1.jpg,3,3,0.9954116940498352
data/shared_subset/Fuzzy/target/Corn_leaf_blight/train_Corn leaf blight_20.jpg,3,14,0.7370885014533997
data/shared_subset/Fuzzy/target/Corn_leaf_blight/train_Corn leaf blight_135.jpg,3,2,0.4604039490222931
data/shared_subset/Fuzzy/target/Corn_leaf_blight/train_Corn leaf blight_49.jpg,3,8,0.4523254930973053
data/shared_subset/Fuzzy/target/Corn_leaf_blight/train_Corn leaf blight_173.jpg,3,2,0.9982848763465881
data/shared_subset/Fuzzy/target/Corn_leaf_blight/train_Corn leaf blight_84.jpg,3,2,0.3549150228500366
data/shared_subset/Fuzzy/target/Corn_leaf_blight/train_Corn leaf blight_69.jpg,3,2,0.9730449914932251
data/shared_subset/Fuzzy/target/Corn_leaf_blight/train_Corn leaf blight_22.jpg,3,2,0.7049983739852905
data/shared_subset/Fuzzy/target/Corn_leaf_blight/train_Corn leaf blight_79.jpg,3,2,0.9866985082626343
data/shared_subset/Fuzzy/target/Corn_leaf_blight/train_Corn leaf blight_61.jpg,3,2,0.5922281742095947
data/shared_subset/Fuzzy/target/Corn_leaf_blight/train_Corn leaf blight_158.jpg,3,4,0.4863653779029846
data/shared_subset/Fuzzy/target/Corn_leaf_blight/train_Corn leaf blight_30.jpg,3,2,0.7600035667419434
data/shared_subset/Fuzzy/target/Corn_leaf_blight/train_Corn leaf blight_58.jpg,3,2,0.8522951006889343
data/shared_subset/Fuzzy/target/Corn_leaf_blight/train_Corn leaf blight_41.jpg,3,8,0.45587021112442017
data/shared_subset/Fuzzy/target/Corn_leaf_blight/train_Corn leaf blight_7.jpg,3,3,0.9998844861984253
data/shared_subset/Fuzzy/target/Corn_leaf_blight/train_Corn leaf blight_48.jpg,3,2,0.8470934629440308
data/shared_subset/Fuzzy/target/Corn_leaf_blight/train_Corn leaf blight_92.jpg,3,2,0.9667490124702454
data/shared_subset/Fuzzy/target/Corn_leaf_blight/train_Corn leaf blight_151.jpg,3,2,0.9726155996322632
data/shared_subset/Fuzzy/target/Corn_leaf_blight/train_Corn leaf blight_86.jpg,3,3,0.9986342787742615
data/shared_subset/Fuzzy/target/Corn_leaf_blight/train_Corn leaf blight_46.jpg,3,2,0.42653772234916687
data/shared_subset/Fuzzy/target/Corn_leaf_blight/train_Corn leaf blight_75.jpg,3,2,0.9716910719871521
data/shared_subset/Fuzzy/target/Corn_leaf_blight/train_Corn leaf blight_64.jpg,3,5,0.9544394016265869
data/shared_subset/Fuzzy/target/Corn_leaf_blight/train_Corn leaf blight_129.jpg,3,2,0.7680001854896545
data/shared_subset/Fuzzy/target/Corn_leaf_blight/train_Corn leaf blight_172.jpg,3,2,0.7465447187423706
data/shared_subset/Fuzzy/target/Corn_leaf_blight/train_Corn leaf blight_31.jpg,3,4,0.9794759154319763
data/shared_subset/Fuzzy/target/Corn_leaf_blight/train_Corn leaf blight_29.jpg,3,2,0.9139424562454224
data/shared_subset/Fuzzy/target/Corn_leaf_blight/train_Corn leaf blight_12.jpg,3,2,0.960581362247467
data/shared_subset/Fuzzy/target/Corn_leaf_blight/train_Corn leaf blight_121.jpg,3,4,0.6652688384056091
data/shared_subset/Fuzzy/target/Corn_leaf_blight/train_Corn leaf blight_66.jpg,3,2,0.8420753479003906
data/shared_subset/Fuzzy/target/Corn_leaf_blight/train_Corn leaf blight_34.jpg,3,2,0.9976905584335327
data/shared_subset/Fuzzy/target/Corn_leaf_blight/train_Corn leaf blight_127.jpg,3,2,0.9707674980163574
data/shared_subset/Fuzzy/target/Corn_leaf_blight/train_Corn leaf blight_81.jpg,3,3,0.9275513291358948
data/shared_subset/Fuzzy/target/Corn_leaf_blight/train_Corn leaf blight_108.jpg,3,4,0.4574042856693268
data/shared_subset/Fuzzy/target/Corn_leaf_blight/train_Corn leaf blight_147.jpg,3,8,0.44835370779037476
data/shared_subset/Fuzzy/target/Corn_leaf_blight/train_Corn leaf blight_125.jpg,3,2,0.9318131804466248
data/shared_subset/Fuzzy/target/Corn_leaf_blight/train_Corn leaf blight_171.jpg,3,3,0.5293163061141968
data/shared_subset/Fuzzy/target/Corn_leaf_blight/train_Corn leaf blight_154.jpg,3,2,0.6876215934753418
data/shared_subset/Fuzzy/target/Corn_leaf_blight/train_Corn leaf blight_140.jpg,3,2,0.9870210289955139
data/shared_subset/Fuzzy/target/Corn_leaf_blight/train_Corn leaf blight_67.jpg,3,2,0.949906587600708
data/shared_subset/Fuzzy/target/Corn_leaf_blight/train_Corn leaf blight_6.jpg,3,6,0.5820618867874146
data/shared_subset/Fuzzy/target/Corn_leaf_blight/train_Corn leaf blight_71.jpg,3,2,0.9986907839775085
data/shared_subset/Fuzzy/target/Corn_leaf_blight/train_Corn leaf blight_23.jpg,3,2,0.6399441361427307
data/shared_subset/Fuzzy/target/Corn_leaf_blight/train_Corn leaf blight_11.jpg,3,8,0.33720818161964417
data/shared_subset/Fuzzy/target/Corn_leaf_blight/train_Corn leaf blight_101.jpg,3,2,0.9969058632850647
data/shared_subset/Fuzzy/target/Corn_leaf_blight/train_Corn leaf blight_132.jpg,3,3,0.9880067110061646
data/shared_subset/Fuzzy/target/Corn_leaf_blight/train_Corn leaf blight_15.jpg,3,3,0.9221550822257996
data/shared_subset/Fuzzy/target/Corn_leaf_blight/train_Corn leaf blight_54.jpg,3,2,0.8725490570068359
data/shared_subset/Fuzzy/target/Corn_leaf_blight/train_Corn leaf blight_143.jpg,3,10,0.6770906448364258
data/shared_subset/Fuzzy/target/Corn_leaf_blight/train_Corn leaf blight_139.jpg,3,2,0.9588426947593689
data/shared_subset/Fuzzy/target/Corn_leaf_blight/train_Corn leaf blight_4.jpg,3,2,0.992108166217804
data/shared_subset/Fuzzy/target/Corn_leaf_blight/train_Corn leaf blight_37.jpg,3,2,0.6497099995613098
data/shared_subset/Fuzzy/target/Corn_leaf_blight/train_Corn leaf blight_93.jpg,3,2,0.856201171875
data/shared_subset/Fuzzy/target/Corn_leaf_blight/train_Corn leaf blight_104.jpg,3,2,0.9410757422447205
data/shared_subset/Fuzzy/target/Corn_leaf_blight/train_Corn leaf blight_98.jpg,3,2,0.9990046620368958
data/shared_subset/Fuzzy/target/Corn_leaf_blight/train_Corn leaf blight_177.jpg,3,2,0.9998466968536377
data/shared_subset/Fuzzy/target/Corn_leaf_blight/train_Corn leaf blight_96.jpg,3,1,0.7744319438934326
data/shared_subset/Fuzzy/target/Corn_leaf_blight/train_Corn leaf blight_138.jpg,3,2,0.8493967056274414
data/shared_subset/Fuzzy/target/Corn_leaf_blight/train_Corn leaf blight_88.jpg,3,2,0.8439581394195557
data/shared_subset/Fuzzy/target/Corn_leaf_blight/train_Corn leaf blight_113.jpg,3,3,0.999263346195221
data/shared_subset/Fuzzy/target/Corn_leaf_blight/train_Corn leaf blight_28.jpg,3,2,0.9766519069671631
data/shared_subset/Fuzzy/target/Corn_leaf_blight/train_Corn leaf blight_2.jpg,3,2,0.9769896268844604
data/shared_subset/Fuzzy/target/Corn_leaf_blight/train_Corn leaf blight_21.jpg,3,2,0.9642279744148254
data/shared_subset/Fuzzy/target/Corn_leaf_blight/train_Corn leaf blight_95.jpg,3,2,0.8924458622932434
data/shared_subset/Fuzzy/target/Corn_leaf_blight/train_Corn leaf blight_105.jpg,3,3,0.4788995683193207
data/shared_subset/Fuzzy/target/Corn_leaf_blight/train_Corn leaf blight_18.jpg,3,2,0.8609968423843384
data/shared_subset/Fuzzy/target/Corn_leaf_blight/train_Corn leaf blight_170.jpg,3,14,0.6997501254081726
data/shared_subset/Fuzzy/target/Corn_leaf_blight/train_Corn leaf blight_180.jpg,3,2,0.9996354579925537
data/shared_subset/Fuzzy/target/Corn_leaf_blight/train_Corn leaf blight_56.jpg,3,3,0.9609768390655518
data/shared_subset/Fuzzy/target/Corn_leaf_blight/train_Corn leaf blight_179.jpg,3,3,0.7316882014274597
data/shared_subset/Fuzzy/target/Corn_leaf_blight/train_Corn leaf blight_83.jpg,3,2,0.9575916528701782
data/shared_subset/Fuzzy/target/Corn_leaf_blight/train_Corn leaf blight_89.jpg,3,2,0.999030590057373
data/shared_subset/Fuzzy/target/Corn_leaf_blight/train_Corn leaf blight_155.jpg,3,2,0.9992953538894653
data/shared_subset/Fuzzy/target/Corn_leaf_blight/train_Corn leaf blight_102.jpg,3,2,0.682591438293457
data/shared_subset/Fuzzy/target/Corn_leaf_blight/train_Corn leaf blight_141.jpg,3,2,0.9273279905319214
data/shared_subset/Fuzzy/target/Corn_leaf_blight/train_Corn leaf blight_70.jpg,3,2,0.8420163989067078
data/shared_subset/Fuzzy/target/Corn_leaf_blight/train_Corn leaf blight_38.jpg,3,8,0.6286927461624146
data/shared_subset/Fuzzy/target/Corn_leaf_blight/train_Corn leaf blight_103.jpg,3,2,0.557498037815094
data/shared_subset/Fuzzy/target/Corn_leaf_blight/train_Corn leaf blight_5.jpg,3,2,0.8353139758110046
data/shared_subset/Fuzzy/target/Corn_leaf_blight/train_Corn leaf blight_128.jpg,3,2,0.9259018898010254
data/shared_subset/Fuzzy/target/Corn_leaf_blight/train_Corn leaf blight_68.jpg,3,0,0.9999443292617798
data/shared_subset/Fuzzy/target/Corn_leaf_blight/train_Corn leaf blight_24.jpg,3,2,0.9963880777359009
data/shared_subset/Fuzzy/target/Corn_leaf_blight/train_Corn leaf blight_9.jpg,3,3,0.6409958600997925
data/shared_subset/Fuzzy/target/Corn_leaf_blight/train_Corn leaf blight_78.jpg,3,3,0.998252809047699
data/shared_subset/Fuzzy/target/Corn_leaf_blight/train_Corn Gray leaf spot_42_1.jpg,3,2,0.9060896635055542
data/shared_subset/Fuzzy/target/Corn_leaf_blight/train_Corn leaf blight_124.jpg,3,5,0.47853633761405945
data/shared_subset/Fuzzy/target/Corn_leaf_blight/train_Corn leaf blight_166.jpg,3,2,0.979091227054596
data/shared_subset/Fuzzy/target/Corn_leaf_blight/train_Corn leaf blight_157.jpg,3,2,0.961824893951416
data/shared_subset/Fuzzy/target/Corn_leaf_blight/train_Corn leaf blight_55.jpg,3,2,0.8074979782104492
data/shared_subset/Fuzzy/target/Corn_leaf_blight/train_Corn leaf blight_53.jpg,3,2,0.7186089158058167
data/shared_subset/Fuzzy/target/Corn_leaf_blight/train_Corn leaf blight_13.jpg,3,3,0.9735463857650757
data/shared_subset/Fuzzy/target/Corn_leaf_blight/train_Corn leaf blight_17.jpg,3,2,0.9983716607093811
data/shared_subset/Fuzzy/target/Corn_leaf_blight/train_Corn leaf blight_60.jpg,3,3,0.9247332811355591
data/shared_subset/Fuzzy/target/Corn_leaf_blight/train_Corn leaf blight_76.jpg,3,2,0.9786812663078308
data/shared_subset/Fuzzy/target/Corn_leaf_blight/train_Corn leaf blight_25.jpg,3,5,0.8722618222236633
data/shared_subset/Fuzzy/target/Corn_leaf_blight/train_Corn leaf blight_111.jpg,3,3,0.6232737302780151
data/shared_subset/Fuzzy/target/Corn_leaf_blight/train_Corn leaf blight_146.jpg,3,8,0.7009157538414001
data/shared_subset/Fuzzy/target/Corn_leaf_blight/train_Corn leaf blight_44.jpg,3,3,0.625930905342102
data/shared_subset/Fuzzy/target/Corn_leaf_blight/train_Corn leaf blight_120.jpg,3,11,0.941493570804596
data/shared_subset/Fuzzy/target/Corn_leaf_blight/train_Corn leaf blight_130.jpg,3,2,0.9941832423210144
data/shared_subset/Fuzzy/target/Corn_leaf_blight/train_Corn leaf blight_52.jpg,3,2,0.6483749747276306
data/shared_subset/Fuzzy/target/Corn_leaf_blight/train_Corn leaf blight_117.jpg,3,2,0.7708871960639954
data/shared_subset/Fuzzy/target/Corn_leaf_blight/train_Corn leaf blight_72.jpg,3,2,0.6420820355415344
data/shared_subset/Fuzzy/target/Corn_leaf_blight/train_Corn leaf blight_85.jpg,3,4,0.9896056652069092
data/shared_subset/Fuzzy/target/Corn_leaf_blight/train_Corn leaf blight_10.jpg,3,2,0.9930722117424011
data/shared_subset/Fuzzy/target/Corn_leaf_blight/train_Corn leaf blight_80.jpg,3,3,0.9308504462242126
data/shared_subset/Fuzzy/target/Corn_leaf_blight/train_Corn leaf blight_47.jpg,3,2,0.8735059499740601
data/shared_subset/Fuzzy/target/Corn_leaf_blight/train_Corn leaf blight_36.jpg,3,2,0.9596865773200989
data/shared_subset/Fuzzy/target/Corn_leaf_blight/train_Corn leaf blight_176.jpg,3,2,0.9926922917366028
data/shared_subset/Fuzzy/target/Corn_rust_leaf/train_Corn rust leaf_71.jpg,4,2,0.8434897661209106
data/shared_subset/Fuzzy/target/Corn_rust_leaf/train_Corn rust leaf_16.jpg,4,4,0.9933789968490601
data/shared_subset/Fuzzy/target/Corn_rust_leaf/train_Corn rust leaf_103.jpg,4,4,0.9999997615814209
data/shared_subset/Fuzzy/target/Corn_rust_leaf/train_Corn rust leaf_58.jpg,4,2,0.9485126733779907
data/shared_subset/Fuzzy/target/Corn_rust_leaf/train_Corn rust leaf_99.jpg,4,7,0.4580558240413666
data/shared_subset/Fuzzy/target/Corn_rust_leaf/train_Corn rust leaf_17.jpg,4,3,0.5798977017402649
data/shared_subset/Fuzzy/target/Corn_rust_leaf/train_Corn rust leaf_52.jpg,4,3,0.9912214279174805
data/shared_subset/Fuzzy/target/Corn_rust_leaf/train_Corn rust leaf_86.jpg,4,4,0.28336435556411743
data/shared_subset/Fuzzy/target/Corn_rust_leaf/train_Corn rust leaf_8.jpg,4,4,0.8969736695289612
data/shared_subset/Fuzzy/target/Corn_rust_leaf/train_Corn rust leaf_60.jpg,4,3,0.51047682762146
data/shared_subset/Fuzzy/target/Corn_rust_leaf/train_Corn rust leaf_54.jpg,4,2,0.9736191034317017
data/shared_subset/Fuzzy/target/Corn_rust_leaf/train_Corn rust leaf_66.jpg,4,8,0.8975817561149597
data/shared_subset/Fuzzy/target/Corn_rust_leaf/train_Corn rust leaf_84.jpg,4,4,0.9999744892120361
data/shared_subset/Fuzzy/target/Corn_rust_leaf/train_Corn rust leaf_36.jpg,4,3,0.8356612324714661
data/shared_subset/Fuzzy/target/Corn_rust_leaf/train_Corn rust leaf_105_2.jpg,4,2,0.9963220357894897
data/shared_subset/Fuzzy/target/Corn_rust_leaf/train_Corn rust leaf_57.jpg,4,2,0.7016482353210449
data/shared_subset/Fuzzy/target/Corn_rust_leaf/train_Corn rust leaf_90.jpg,4,2,0.5919713377952576
data/shared_subset/Fuzzy/target/Corn_rust_leaf/train_Corn rust leaf_22.jpg,4,2,0.9987478256225586
data/shared_subset/Fuzzy/target/Corn_rust_leaf/train_Corn rust leaf_13.jpg,4,3,0.5371646881103516
data/shared_subset/Fuzzy/target/Corn_rust_leaf/train_Corn rust leaf_80.jpg,4,2,0.5626130104064941
data/shared_subset/Fuzzy/target/Corn_rust_leaf/train_Corn rust leaf_73.jpg,4,4,0.9979836940765381
data/shared_subset/Fuzzy/target/Corn_rust_leaf/train_Corn rust leaf_11.jpg,4,2,0.9971963167190552
data/shared_subset/Fuzzy/target/Corn_rust_leaf/train_Corn rust leaf_3.jpg,4,4,0.9999828338623047
data/shared_subset/Fuzzy/target/Corn_rust_leaf/train_Corn rust leaf_88.jpg,4,4,0.8572191596031189
data/shared_subset/Fuzzy/target/Corn_rust_leaf/train_Corn rust leaf_44.jpg,4,2,0.857230544090271
data/shared_subset/Fuzzy/target/Corn_rust_leaf/train_Corn rust leaf_56.jpg,4,4,0.9810168147087097
data/shared_subset/Fuzzy/target/Corn_rust_leaf/train_Corn rust leaf_21.jpg,4,4,0.9999825954437256
data/shared_subset/Fuzzy/target/Corn_rust_leaf/train_Corn rust leaf_47.jpg,4,2,0.7393935918807983
data/shared_subset/Fuzzy/target/Corn_rust_leaf/train_Corn rust leaf_81.jpg,4,4,0.9813947677612305
data/shared_subset/Fuzzy/target/Corn_rust_leaf/train_Corn rust leaf_4.jpg,4,3,0.5173971652984619
data/shared_subset/Fuzzy/target/Corn_rust_leaf/train_Corn rust leaf_46.jpg,4,2,0.7794665694236755
data/shared_subset/Fuzzy/target/Corn_rust_leaf/train_Corn rust leaf_9.jpg,4,2,0.982675313949585
data/shared_subset/Fuzzy/target/Corn_rust_leaf/train_Corn rust leaf_102.jpg,4,4,0.9999414682388306
data/shared_subset/Fuzzy/target/Corn_rust_leaf/train_Corn rust leaf_10.jpg,4,4,0.8230960369110107
data/shared_subset/Fuzzy/target/Corn_rust_leaf/train_Corn rust leaf_75.jpg,4,4,0.862565815448761
data/shared_subset/Fuzzy/target/Corn_rust_leaf/train_Corn rust leaf_92.jpg,4,3,0.9088281393051147
data/shared_subset/Fuzzy/target/Corn_rust_leaf/train_Corn rust leaf_55.jpg,4,4,0.8228996992111206
data/shared_subset/Fuzzy/target/Corn_rust_leaf/train_Corn rust leaf_45.jpg,4,2,0.856169581413269
data/shared_subset/Fuzzy/target/Corn_rust_leaf/train_Corn rust leaf_19.jpg,4,2,0.6931319832801819
data/shared_subset/Fuzzy/target/Corn_rust_leaf/train_Corn rust leaf_42.jpg,4,3,0.8131414651870728
data/shared_subset/Fuzzy/target/Corn_rust_leaf/train_Corn rust leaf_96.jpg,4,2,0.8390958905220032
data/shared_subset/Fuzzy/target/Corn_rust_leaf/train_Corn rust leaf_31.jpg,4,4,1.0
data/shared_subset/Fuzzy/target/Corn_rust_leaf/train_Corn rust leaf_51.jpg,4,4,0.9999983310699463
data/shared_subset/Fuzzy/target/Corn_rust_leaf/train_Corn rust leaf_18.jpg,4,4,0.99964439868927
data/shared_subset/Fuzzy/target/Corn_rust_leaf/train_Corn rust leaf_67.jpg,4,4,1.0
data/shared_subset/Fuzzy/target/Corn_rust_leaf/train_Corn rust leaf_68.jpg,4,3,0.9098984599113464
data/shared_subset/Fuzzy/target/Corn_rust_leaf/train_Corn rust leaf_7.jpg,4,4,0.6329187154769897
data/shared_subset/Fuzzy/target/Corn_rust_leaf/train_Corn rust leaf_95.jpg,4,4,0.9996345043182373
data/shared_subset/Fuzzy/target/Corn_rust_leaf/train_Corn rust leaf_63.jpg,4,3,0.685485303401947
data/shared_subset/Fuzzy/target/Corn_rust_leaf/train_Corn rust leaf_1.jpg,4,4,0.9394979476928711
data/shared_subset/Fuzzy/target/Corn_rust_leaf/train_Corn rust leaf_61.jpg,4,4,0.9112298488616943
data/shared_subset/Fuzzy/target/Corn_rust_leaf/train_Corn rust leaf_104.jpg,4,2,0.9952184557914734
data/shared_subset/Fuzzy/target/Corn_rust_leaf/train_Corn rust leaf_26.jpg,4,2,0.8548505306243896
data/shared_subset/Fuzzy/target/Corn_rust_leaf/train_Corn rust leaf_87.jpg,4,2,0.9681525230407715
data/shared_subset/Fuzzy/target/Corn_rust_leaf/train_Corn rust leaf_37.jpg,4,4,0.937811017036438
data/shared_subset/Fuzzy/target/Corn_rust_leaf/train_Corn rust leaf_83.jpg,4,2,0.9115399718284607
data/shared_subset/Fuzzy/target/Corn_rust_leaf/train_Corn rust leaf_29.jpg,4,3,0.7393645644187927
data/shared_subset/Fuzzy/target/Corn_rust_leaf/train_Corn rust leaf_33.jpg,4,4,0.9742643237113953
data/shared_subset/Fuzzy/target/Corn_rust_leaf/train_Corn rust leaf_39.jpg,4,2,0.9781681895256042
data/shared_subset/Fuzzy/target/Corn_rust_leaf/train_Corn rust leaf_2.jpg,4,4,0.863920271396637
data/shared_subset/Fuzzy/target/Corn_rust_leaf/train_Corn rust leaf_97.jpg,4,4,0.999096155166626
data/shared_subset/Fuzzy/target/Corn_rust_leaf/train_Corn rust leaf_24.jpg,4,4,0.9524486660957336
data/shared_subset/Fuzzy/target/Corn_rust_leaf/train_Corn rust leaf_25.jpg,4,4,1.0
data/shared_subset/Fuzzy/target/Corn_rust_leaf/train_Corn rust leaf_85.jpg,4,4,0.937834620475769
data/shared_subset/Fuzzy/target/Corn_rust_leaf/train_Corn rust leaf_69.jpg,4,4,0.998671293258667
data/shared_subset/Fuzzy/target/Corn_rust_leaf/train_Corn rust leaf_40.jpg,4,3,0.5008368492126465
data/shared_subset/Fuzzy/target/Corn_rust_leaf/train_Corn rust leaf_79.jpg,4,4,0.9796910881996155
data/shared_subset/Fuzzy/target/Corn_rust_leaf/train_Corn rust leaf_6.jpg,4,2,0.9973812699317932
data/shared_subset/Fuzzy/target/Corn_rust_leaf/train_Corn rust leaf_93.jpg,4,2,0.40859729051589966
data/shared_subset/Fuzzy/target/Corn_rust_leaf/train_Corn rust leaf_72.jpg,4,4,0.8185568451881409
data/shared_subset/Fuzzy/target/Corn_rust_leaf/train_Corn rust leaf_105_1.jpg,4,8,0.9984138011932373
data/shared_subset/Fuzzy/target/Corn_rust_leaf/train_Corn rust leaf_23.jpg,4,3,0.9917820692062378
data/shared_subset/Fuzzy/target/Corn_rust_leaf/train_Corn rust leaf_14.jpg,4,2,0.8573272228240967
data/shared_subset/Fuzzy/target/Corn_rust_leaf/train_Corn rust leaf_30.jpg,4,8,0.8967664241790771
data/shared_subset/Fuzzy/target/Corn_rust_leaf/train_Corn rust leaf_77.jpg,4,2,0.5286139845848083
data/shared_subset/Fuzzy/target/Corn_rust_leaf/train_Corn rust leaf_91.jpg,4,2,0.9628416895866394
data/shared_subset/Fuzzy/target/Corn_rust_leaf/train_Corn rust leaf_98.jpg,4,8,0.9447194337844849
data/shared_subset/Fuzzy/target/Corn_rust_leaf/train_Corn rust leaf_27.jpg,4,8,0.46169400215148926
data/shared_subset/Fuzzy/target/Corn_rust_leaf/train_Corn rust leaf_53.jpg,4,4,0.7061797976493835
data/shared_subset/Fuzzy/target/Corn_rust_leaf/train_Corn rust leaf_70.jpg,4,3,0.8997007012367249
data/shared_subset/Fuzzy/target/Corn_rust_leaf/train_Corn rust leaf_35.jpg,4,2,0.8632132411003113
data/shared_subset/Fuzzy/target/Corn_rust_leaf/train_Corn rust leaf_28.jpg,4,4,0.993877112865448
data/shared_subset/Fuzzy/target/Corn_rust_leaf/train_Corn rust leaf_62.jpg,4,3,0.5564136505126953
data/shared_subset/Fuzzy/target/Corn_rust_leaf/train_Corn rust leaf_76.jpg,4,2,0.9953525066375732
data/shared_subset/Fuzzy/target/Corn_rust_leaf/train_Corn rust leaf_48.jpg,4,3,0.9403186440467834
data/shared_subset/Fuzzy/target/Corn_rust_leaf/train_Corn rust leaf_41.jpg,4,3,0.5921655893325806
data/shared_subset/Fuzzy/target/Corn_rust_leaf/train_Corn rust leaf_78.jpg,4,4,0.8979998230934143
data/shared_subset/Fuzzy/target/Corn_rust_leaf/train_Corn rust leaf_43.jpg,4,4,0.9999998807907104
data/shared_subset/Fuzzy/target/Corn_rust_leaf/train_Corn rust leaf_64.jpg,4,4,0.7639641761779785
data/shared_subset/Fuzzy/target/Corn_rust_leaf/train_Corn rust leaf_20.jpg,4,3,0.9772712588310242
data/shared_subset/Fuzzy/target/Corn_rust_leaf/train_Corn rust leaf_101.jpg,4,3,0.6193881630897522
data/shared_subset/Fuzzy/target/Corn_rust_leaf/train_Corn rust leaf_32.jpg,4,2,0.9819059371948242
data/shared_subset/Fuzzy/target/Corn_rust_leaf/train_Corn rust leaf_50.jpg,4,4,0.9545141458511353
data/shared_subset/Fuzzy/target/Corn_rust_leaf/train_Corn rust leaf_106.jpg,4,14,0.6578361988067627
data/shared_subset/Fuzzy/target/Corn_rust_leaf/train_Corn rust leaf_74.jpg,4,8,0.9872029423713684
data/shared_subset/Fuzzy/target/Corn_rust_leaf/train_Corn rust leaf_49.jpg,4,2,0.8406937718391418
data/shared_subset/Fuzzy/target/Corn_rust_leaf/train_Corn rust leaf_59.jpg,4,2,0.9935621023178101
data/shared_subset/Fuzzy/target/Corn_rust_leaf/train_Corn rust leaf_82.jpg,4,2,0.9949856996536255
data/shared_subset/Fuzzy/target/Corn_rust_leaf/train_Corn rust leaf_34.jpg,4,2,0.8336193561553955
data/shared_subset/Fuzzy/target/Corn_rust_leaf/train_Corn rust leaf_15.jpg,4,2,0.8145697712898254
data/shared_subset/Fuzzy/target/Corn_rust_leaf/train_Corn rust leaf_65.jpg,4,2,0.9931743741035461
data/shared_subset/Fuzzy/target/Corn_rust_leaf/train_Corn rust leaf_38.jpg,4,2,0.4437839388847351
data/shared_subset/Fuzzy/target/Corn_rust_leaf/train_Corn rust leaf_12.jpg,4,2,0.8298158049583435
data/shared_subset/Fuzzy/target/Corn_rust_leaf/train_Corn rust leaf_100.jpg,4,3,0.9505982995033264
data/shared_subset/Fuzzy/target/Corn_rust_leaf/train_Corn rust leaf_89.jpg,4,4,0.5029035210609436
data/shared_subset/Fuzzy/target/Corn_rust_leaf/train_Corn rust leaf_5.jpg,4,4,0.9984508752822876
data/shared_subset/Fuzzy/target/Corn_rust_leaf/train_Corn rust leaf_94.jpg,4,5,0.3765844404697418
data/shared_subset/Fuzzy/target/Potato_leaf_early_blight/train_Potato leaf early blight_85_2.jpg,5,4,0.45042645931243896
data/shared_subset/Fuzzy/target/Potato_leaf_early_blight/train_Potato leaf early blight_17.jpg,5,5,0.44865795969963074
data/shared_subset/Fuzzy/target/Potato_leaf_early_blight/train_Potato leaf early blight_54.jpg,5,8,0.36021217703819275
data/shared_subset/Fuzzy/target/Potato_leaf_early_blight/train_Potato leaf early blight_78_1.jpg,5,5,0.4995984733104706
data/shared_subset/Fuzzy/target/Potato_leaf_early_blight/train_Potato leaf early blight_7_1.jpg,5,5,0.8588268756866455
data/shared_subset/Fuzzy/target/Potato_leaf_early_blight/train_Potato leaf early blight_30.jpg,5,5,0.9348815679550171
data/shared_subset/Fuzzy/target/Potato_leaf_early_blight/train_Potato leaf early blight_98_5.jpg,5,0,0.9998953342437744
data/shared_subset/Fuzzy/target/Potato_leaf_early_blight/train_Potato leaf early blight_44.jpg,5,2,0.8690142631530762
data/shared_subset/Fuzzy/target/Potato_leaf_early_blight/train_Potato leaf early blight_104_1.jpg,5,8,0.828007698059082
data/shared_subset/Fuzzy/target/Potato_leaf_early_blight/train_Potato leaf early blight_46.jpg,5,2,0.8263502717018127
data/shared_subset/Fuzzy/target/Potato_leaf_early_blight/train_Potato leaf early blight_68.jpg,5,5,0.9994358420372009
data/shared_subset/Fuzzy/target/Potato_leaf_early_blight/train_Potato leaf early blight_94_1.jpg,5,6,0.9492490887641907
data/shared_subset/Fuzzy/target/Potato_leaf_early_blight/train_Potato leaf early blight_86.jpg,5,5,0.41145622730255127
data/shared_subset/Fuzzy/target/Potato_leaf_early_blight/train_Potato leaf early blight_94_5.jpg,5,6,0.8553994297981262
data/shared_subset/Fuzzy/target/Potato_leaf_early_blight/train_Potato leaf early blight_51.jpg,5,4,0.6318684220314026
data/shared_subset/Fuzzy/target/Potato_leaf_early_blight/train_Potato leaf early blight_98_4.jpg,5,0,0.9997557997703552
data/shared_subset/Fuzzy/target/Potato_leaf_early_blight/train_Potato leaf early blight_108.jpg,5,11,0.2648421823978424
data/shared_subset/Fuzzy/target/Potato_leaf_early_blight/train_Potato leaf early blight_76.jpg,5,5,0.9926081895828247
data/shared_subset/Fuzzy/target/Potato_leaf_early_blight/train_Potato leaf early blight_35.jpg,5,8,0.9977464079856873
data/shared_subset/Fuzzy/target/Potato_leaf_early_blight/train_Potato leaf early blight_20.jpg,5,15,0.8613461256027222
data/shared_subset/Fuzzy/target/Potato_leaf_early_blight/train_Potato leaf early blight_83_3.jpg,5,11,0.9633690118789673
data/shared_subset/Fuzzy/target/Potato_leaf_early_blight/train_Potato leaf early blight_94_2.jpg,5,6,0.9640514850616455
data/shared_subset/Fuzzy/target/Potato_leaf_early_blight/train_Potato leaf early blight_88_5.jpg,5,8,0.77158123254776
data/shared_subset/Fuzzy/target/Potato_leaf_early_blight/train_Potato leaf early blight_18.jpg,5,9,0.48314863443374634
data/shared_subset/Fuzzy/target/Potato_leaf_early_blight/train_Potato leaf early blight_106.jpg,5,8,0.9964181184768677
data/shared_subset/Fuzzy/target/Potato_leaf_early_blight/train_Potato leaf early blight_48.jpg,5,8,0.4589284360408783
data/shared_subset/Fuzzy/target/Potato_leaf_early_blight/train_Potato leaf early blight_94_4.jpg,5,6,0.7688791751861572
data/shared_subset/Fuzzy/target/Potato_leaf_early_blight/train_Potato leaf early blight_37.jpg,5,8,0.666444718837738
data/shared_subset/Fuzzy/target/Potato_leaf_early_blight/train_Potato leaf early blight_71.jpg,5,8,0.9160999059677124
data/shared_subset/Fuzzy/target/Potato_leaf_early_blight/train_Potato leaf early blight_14.jpg,5,5,0.9999948740005493
data/shared_subset/Fuzzy/target/Potato_leaf_early_blight/train_Potato leaf early blight_13_4.jpg,5,4,0.6256830096244812
data/shared_subset/Fuzzy/target/Potato_leaf_early_blight/train_Potato leaf early blight_2.jpg,5,5,0.9991967082023621
data/shared_subset/Fuzzy/target/Potato_leaf_early_blight/train_Potato leaf early blight_82.jpg,5,5,0.9999634027481079
data/shared_subset/Fuzzy/target/Potato_leaf_early_blight/train_Potato leaf early blight_80.jpg,5,6,0.9879117012023926
data/shared_subset/Fuzzy/target/Potato_leaf_early_blight/train_Potato leaf early blight_85_6.jpg,5,2,0.3554565906524658
data/shared_subset/Fuzzy/target/Potato_leaf_early_blight/train_Potato leaf early blight_66_2.jpg,5,2,0.9560739398002625
data/shared_subset/Fuzzy/target/Potato_leaf_early_blight/train_Potato leaf early blight_28_1.jpg,5,8,0.9913473725318909
data/shared_subset/Fuzzy/target/Potato_leaf_early_blight/train_Potato leaf early blight_9.jpg,5,8,0.3505357503890991
data/shared_subset/Fuzzy/target/Potato_leaf_early_blight/train_Potato leaf early blight_52.jpg,5,8,0.997099757194519
data/shared_subset/Fuzzy/target/Potato_leaf_early_blight/train_Potato leaf early blight_24.jpg,5,8,0.8559696674346924
data/shared_subset/Fuzzy/target/Potato_leaf_early_blight/train_Potato leaf early blight_78_3.jpg,5,5,0.9438334107398987
data/shared_subset/Fuzzy/target/Potato_leaf_early_blight/train_Potato leaf early blight_101.jpg,5,8,0.8119445443153381
data/shared_subset/Fuzzy/target/Potato_leaf_early_blight/train_Potato leaf early blight_93.jpg,5,8,0.9728592038154602
data/shared_subset/Fuzzy/target/Potato_leaf_early_blight/train_Potato leaf early blight_91.jpg,5,7,0.5618777275085449
data/shared_subset/Fuzzy/target/Potato_leaf_early_blight/train_Potato leaf early blight_72.jpg,5,8,0.9766398668289185
data/shared_subset/Fuzzy/target/Potato_leaf_early_blight/train_Potato leaf early blight_4.jpg,5,2,0.976255476474762
data/shared_subset/Fuzzy/target/Potato_leaf_early_blight/train_Potato leaf early blight_98_7.jpg,5,0,0.8895550966262817
data/shared_subset/Fuzzy/target/Potato_leaf_early_blight/train_Potato leaf early blight_83_2.jpg,5,6,0.6272720694541931
data/shared_subset/Fuzzy/target/Potato_leaf_early_blight/train_Potato leaf early blight_81.jpg,5,8,0.998928964138031
data/shared_subset/Fuzzy/target/Potato_leaf_early_blight/train_Potato leaf early blight_1.jpg,5,8,0.6499623656272888
data/shared_subset/Fuzzy/target/Potato_leaf_early_blight/train_Potato leaf early blight_58.jpg,5,15,0.530109703540802
data/shared_subset/Fuzzy/target/Potato_leaf_early_blight/train_Potato leaf early blight_83_6.jpg,5,0,0.6747276782989502
data/shared_subset/Fuzzy/target/Potato_leaf_early_blight/train_Potato leaf early blight_98_3.jpg,5,0,0.9998119473457336
data/shared_subset/Fuzzy/target/Potato_leaf_early_blight/train_Potato leaf early blight_13_1.jpg,5,4,0.8300265073776245
data/shared_subset/Fuzzy/target/Potato_leaf_early_blight/train_Potato leaf early blight_40.jpg,5,5,0.9374512434005737
data/shared_subset/Fuzzy/target/Potato_leaf_early_blight/train_Potato leaf early blight_78_54.jpg,5,0,0.9914398193359375
data/shared_subset/Fuzzy/target/Potato_leaf_early_blight/train_Potato leaf early blight_13_7.jpg,5,2,0.8931578397750854
data/shared_subset/Fuzzy/target/Potato_leaf_early_blight/train_Potato leaf early blight_83_1.jpg,5,6,0.3552000820636749
data/shared_subset/Fuzzy/target/Potato_leaf_early_blight/train_Potato leaf early blight_85_1.jpg,5,2,0.4967014491558075
data/shared_subset/Fuzzy/target/Potato_leaf_early_blight/train_Potato leaf early blight_41_3.jpg,5,4,0.5320877432823181
data/shared_subset/Fuzzy/target/Potato_leaf_early_blight/train_Potato leaf early blight_97.jpg,5,3,0.4188893735408783
data/shared_subset/Fuzzy/target/Potato_leaf_early_blight/train_Potato leaf early blight_98_1.jpg,5,7,0.3035071790218353
data/shared_subset/Fuzzy/target/Potato_leaf_early_blight/train_Potato leaf early blight_5.jpg,5,8,0.956075131893158
data/shared_subset/Fuzzy/target/Potato_leaf_early_blight/train_Potato leaf early blight_98_8.jpg,5,0,0.9716891646385193
data/shared_subset/Fuzzy/target/Potato_leaf_early_blight/train_Potato leaf early blight_88_2.jpg,5,8,0.9356101155281067
data/shared_subset/Fuzzy/target/Potato_leaf_early_blight/train_Potato leaf early blight_94_6.jpg,5,6,0.9753770232200623
data/shared_subset/Fuzzy/target/Potato_leaf_early_blight/train_Potato leaf early blight_79.jpg,5,11,0.7885802984237671
data/shared_subset/Fuzzy/target/Potato_leaf_early_blight/train_Potato leaf early blight_105.jpg,5,8,0.9544886946678162
data/shared_subset/Fuzzy/target/Potato_leaf_early_blight/train_Potato leaf early blight_70.jpg,5,8,0.5529079437255859
data/shared_subset/Fuzzy/target/Potato_leaf_early_blight/train_Potato leaf early blight_13_6.jpg,5,4,0.6801615357398987
data/shared_subset/Fuzzy/target/Potato_leaf_early_blight/train_Potato leaf early blight_41_1.jpg,5,8,0.9994877576828003
data/shared_subset/Fuzzy/target/Potato_leaf_early_blight/train_Potato leaf early blight_13_2.jpg,5,4,0.44459962844848633
data/shared_subset/Fuzzy/target/Potato_leaf_early_blight/train_Potato leaf early blight_90.jpg,5,0,0.7989952564239502
data/shared_subset/Fuzzy/target/Potato_leaf_early_blight/train_Potato leaf early blight_10.jpg,5,5,0.8882125616073608
data/shared_subset/Fuzzy/target/Potato_leaf_early_blight/train_Potato leaf early blight_47.jpg,5,11,0.9046283960342407
data/shared_subset/Fuzzy/target/Potato_leaf_early_blight/train_Potato leaf early blight_67.jpg,5,4,0.8068610429763794
data/shared_subset/Fuzzy/target/Potato_leaf_early_blight/train_Potato leaf early blight_33.jpg,5,4,0.6221829056739807
data/shared_subset/Fuzzy/target/Potato_leaf_early_blight/train_Potato leaf early blight_38.jpg,5,8,0.88725346326828
data/shared_subset/Fuzzy/target/Potato_leaf_early_blight/train_Potato leaf early blight_88_3.jpg,5,8,0.6535199880599976
data/shared_subset/Fuzzy/target/Potato_leaf_early_blight/train_Potato leaf early blight_49.jpg,5,8,0.9256085753440857
data/shared_subset/Fuzzy/target/Potato_leaf_early_blight/train_Potato leaf early blight_57.jpg,5,5,0.8739979863166809
data/shared_subset/Fuzzy/target/Potato_leaf_early_blight/train_Potato leaf early blight_83_7.jpg,5,5,0.6818786859512329
data/shared_subset/Fuzzy/target/Potato_leaf_early_blight/train_Potato leaf early blight_41_5.jpg,5,8,0.749260663986206
data/shared_subset/Fuzzy/target/Potato_leaf_early_blight/train_Potato leaf early blight_66_1.jpg,5,6,0.6187878251075745
data/shared_subset/Fuzzy/target/Potato_leaf_early_blight/train_Potato leaf early blight_95.jpg,5,8,0.8401384949684143
data/shared_subset/Fuzzy/target/Potato_leaf_early_blight/train_Potato leaf early blight_29.jpg,5,8,0.9947614073753357
data/shared_subset/Fuzzy/target/Potato_leaf_early_blight/train_Potato leaf early blight_84.jpg,5,11,0.5329009890556335
data/shared_subset/Fuzzy/target/Potato_leaf_early_blight/train_Potato leaf early blight_88_4.jpg,5,8,0.3612762987613678
data/shared_subset/Fuzzy/target/Potato_leaf_early_blight/train_Potato leaf early blight_56.jpg,5,11,0.3663109838962555
data/shared_subset/Fuzzy/target/Potato_leaf_early_blight/train_Potato leaf early blight_64.jpg,5,8,0.8730776906013489
data/shared_subset/Fuzzy/target/Potato_leaf_early_blight/train_Potato leaf early blight_99_1.jpg,5,5,0.8109115362167358
data/shared_subset/Fuzzy/target/Potato_leaf_early_blight/train_Potato leaf early blight_42.jpg,5,11,0.7293893694877625
data/shared_subset/Fuzzy/target/Potato_leaf_early_blight/train_Potato leaf early blight_98_6.jpg,5,0,0.7774715423583984
data/shared_subset/Fuzzy/target/Potato_leaf_early_blight/train_Potato leaf early blight_88_1.jpg,5,11,0.5189951658248901
data/shared_subset/Fuzzy/target/Potato_leaf_early_blight/train_Potato leaf early blight_3.jpg,5,8,0.808796226978302
data/shared_subset/Fuzzy/target/Potato_leaf_early_blight/train_Potato leaf early blight_75.jpg,5,11,0.8656105995178223
data/shared_subset/Fuzzy/target/Potato_leaf_early_blight/train_Potato leaf early blight_100.jpg,5,5,0.4669496715068817
data/shared_subset/Fuzzy/target/Potato_leaf_early_blight/train_Potato leaf early blight_15.jpg,5,6,0.5229490995407104
data/shared_subset/Fuzzy/target/Potato_leaf_early_blight/train_Potato leaf early blight_73.jpg,5,6,0.9843150973320007
data/shared_subset/Fuzzy/target/Potato_leaf_early_blight/train_Potato leaf early blight_39_2.jpg,5,6,0.7912341356277466
data/shared_subset/Fuzzy/target/Potato_leaf_early_blight/train_Potato leaf early blight_50.jpg,5,6,0.9876941442489624
data/shared_subset/Fuzzy/target/Potato_leaf_early_blight/train_Potato leaf early blight_27.jpg,5,8,0.9914534091949463
data/shared_subset/Fuzzy/target/Potato_leaf_early_blight/train_Potato leaf early blight_85_4.jpg,5,4,0.8794794082641602
data/shared_subset/Fuzzy/target/Potato_leaf_early_blight/train_Potato leaf early blight_13_5.jpg,5,3,0.404519647359848
data/shared_subset/Fuzzy/target/Potato_leaf_early_blight/train_Potato leaf early blight_43.jpg,5,8,0.9424923658370972
data/shared_subset/Fuzzy/target/Potato_leaf_early_blight/train_Potato leaf early blight_60.jpg,5,4,0.8853402137756348
data/shared_subset/Fuzzy/target/Potato_leaf_early_blight/train_Potato leaf early blight_41_6.jpg,5,8,0.9171811938285828
data/shared_subset/Fuzzy/target/Potato_leaf_early_blight/train_Potato leaf early blight_31.jpg,5,6,0.9226281642913818
data/shared_subset/Fuzzy/target/Potato_leaf_early_blight/train_Potato leaf early blight_13_3.jpg,5,3,0.5027998685836792
data/shared_subset/Fuzzy/target/Potato_leaf_early_blight/train_Potato leaf early blight_59.jpg,5,11,0.9986668825149536
data/shared_subset/Fuzzy/target/Potato_leaf_early_blight/train_Potato leaf early blight_66_3.jpg,5,8,0.882764458656311
data/shared_subset/Fuzzy/target/Potato_leaf_early_blight/train_Potato leaf early blight_21.jpg,5,5,0.992820680141449
data/shared_subset/Fuzzy/target/Potato_leaf_early_blight/train_Potato leaf early blight_22.jpg,5,5,0.9724248051643372
data/shared_subset/Fuzzy/target/Potato_leaf_early_blight/train_Potato leaf early blight_96.jpg,5,5,0.5764636993408203
data/shared_subset/Fuzzy/target/Potato_leaf_early_blight/train_Potato leaf early blight_85_3.jpg,5,4,0.970603883266449
data/shared_subset/Fuzzy/target/Potato_leaf_early_blight/train_Potato leaf early blight_39_1.jpg,5,6,0.8573729395866394
data/shared_subset/Fuzzy/target/Potato_leaf_early_blight/train_Potato leaf early blight_107.jpg,5,11,0.8701074719429016
data/shared_subset/Fuzzy/target/Potato_leaf_early_blight/train_Potato leaf early blight_99_2.jpg,5,4,0.9108642339706421
data/shared_subset/Fuzzy/target/Potato_leaf_early_blight/train_Potato leaf early blight_77.jpg,5,11,0.9379774332046509
data/shared_subset/Fuzzy/target/Potato_leaf_early_blight/train_Potato leaf early blight_7_2.jpg,5,5,0.9814696311950684
data/shared_subset/Fuzzy/target/Potato_leaf_early_blight/train_Potato leaf early blight_69.jpg,5,11,0.553047239780426
data/shared_subset/Fuzzy/target/Potato_leaf_early_blight/train_Potato leaf early blight_78_2.jpg,5,6,0.3839472532272339
data/shared_subset/Fuzzy/target/Potato_leaf_early_blight/train_Potato leaf early blight_109.jpg,5,2,0.9847232103347778
data/shared_subset/Fuzzy/target/Potato_leaf_early_blight/train_Potato leaf early blight_89.jpg,5,8,0.996147632598877
data/shared_subset/Fuzzy/target/Potato_leaf_early_blight/train_Potato leaf early blight_94_3.jpg,5,11,0.6126703023910522
data/shared_subset/Fuzzy/target/Potato_leaf_early_blight/train_Potato leaf early blight_8.jpg,5,8,0.8371191024780273
data/shared_subset/Fuzzy/target/Potato_leaf_early_blight/train_Potato leaf early blight_83_5.jpg,5,6,0.5291557312011719
data/shared_subset/Fuzzy/target/Potato_leaf_early_blight/train_Potato leaf early blight_32.jpg,5,4,0.6930769085884094
data/shared_subset/Fuzzy/target/Potato_leaf_early_blight/train_Potato leaf early blight_41_4.jpg,5,4,0.6110719442367554
data/shared_subset/Fuzzy/target/Potato_leaf_early_blight/train_Potato leaf early blight_104_2.jpg,5,8,0.9993796348571777
data/shared_subset/Fuzzy/target/Potato_leaf_early_blight/train_Potato leaf early blight_6.jpg,5,4,0.9982770681381226
data/shared_subset/Fuzzy/target/Potato_leaf_early_blight/train_Potato leaf early blight_19.jpg,5,3,0.4639984667301178
data/shared_subset/Fuzzy/target/Potato_leaf_early_blight/train_Potato leaf early blight_25.jpg,5,2,0.5766083002090454
data/shared_subset/Fuzzy/target/Potato_leaf_early_blight/train_Potato leaf early blight_87.jpg,5,2,0.9895665645599365
data/shared_subset/Fuzzy/target/Potato_leaf_early_blight/train_Potato leaf early blight_102.jpg,5,3,0.4831908643245697
data/shared_subset/Fuzzy/target/Potato_leaf_early_blight/train_Potato leaf early blight_63.jpg,5,8,0.8142978549003601
data/shared_subset/Fuzzy/target/Potato_leaf_early_blight/train_Potato leaf late blight_60.jpg,5,8,0.55171799659729
data/shared_subset/Fuzzy/target/Potato_leaf_early_blight/train_Potato leaf early blight_83_4.jpg,5,0,0.42920899391174316
data/shared_subset/Fuzzy/target/Potato_leaf_early_blight/train_Potato leaf early blight_61.jpg,5,8,0.8176047205924988
data/shared_subset/Fuzzy/target/Potato_leaf_early_blight/train_Potato leaf early blight_78_4.jpg,5,5,0.48699456453323364
data/shared_subset/Fuzzy/target/Potato_leaf_early_blight/train_Potato leaf early blight_12.jpg,5,0,0.913037121295929
data/shared_subset/Fuzzy/target/Potato_leaf_early_blight/train_Potato leaf early blight_65.jpg,5,7,0.6958033442497253
data/shared_subset/Fuzzy/target/Potato_leaf_early_blight/train_Potato leaf early blight_11.jpg,5,6,0.7981395721435547
data/shared_subset/Fuzzy/target/Potato_leaf_early_blight/train_Potato leaf early blight_85_5.jpg,5,4,0.5738853812217712
data/shared_subset/Fuzzy/target/Potato_leaf_early_blight/train_Potato leaf early blight_26.jpg,5,11,0.8378666639328003
data/shared_subset/Fuzzy/target/Potato_leaf_early_blight/train_Potato leaf early blight_16.jpg,5,2,0.8357258439064026
data/shared_subset/Fuzzy/target/Potato_leaf_early_blight/train_Potato leaf early blight_45.jpg,5,6,0.708057701587677
data/shared_subset/Fuzzy/target/Potato_leaf_early_blight/train_Potato leaf early blight_34.jpg,5,8,0.9978565573692322
data/shared_subset/Fuzzy/target/Potato_leaf_early_blight/train_Potato leaf early blight_55.jpg,5,8,0.5010655522346497
data/shared_subset/Fuzzy/target/Potato_leaf_early_blight/train_Potato leaf early blight_74.jpg,5,9,0.5985437035560608
data/shared_subset/Fuzzy/target/Potato_leaf_early_blight/train_Potato leaf early blight_23.jpg,5,5,0.94129878282547
data/shared_subset/Fuzzy/target/Potato_leaf_early_blight/train_Potato leaf early blight_62.jpg,5,12,0.4333116114139557
data/shared_subset/Fuzzy/target/Potato_leaf_early_blight/train_Potato leaf early blight_36.jpg,5,5,0.7463470697402954
data/shared_subset/Fuzzy/target/Potato_leaf_early_blight/train_Potato leaf early blight_41_2.jpg,5,2,0.9337230324745178
data/shared_subset/Fuzzy/target/Potato_leaf_early_blight/train_Potato leaf early blight_53.jpg,5,5,0.5035487413406372
data/shared_subset/Fuzzy/target/Potato_leaf_early_blight/train_Potato leaf early blight_92.jpg,5,4,0.4350000023841858
data/shared_subset/Fuzzy/target/Potato_leaf_early_blight/train_Potato leaf early blight_98_2.jpg,5,6,0.5454288721084595
data/shared_subset/Fuzzy/target/Potato_leaf_late_blight/train_Potato leaf late blight_42_4.jpg,6,2,0.36897778511047363
data/shared_subset/Fuzzy/target/Potato_leaf_late_blight/train_Potato leaf late blight_69_3.jpg,6,6,0.9415159821510315
data/shared_subset/Fuzzy/target/Potato_leaf_late_blight/train_Potato leaf late blight_12_6.jpg,6,5,0.6576541662216187
data/shared_subset/Fuzzy/target/Potato_leaf_late_blight/train_Potato leaf late blight_80_1.jpg,6,11,0.9173828959465027
data/shared_subset/Fuzzy/target/Potato_leaf_late_blight/train_Potato leaf late blight_35_5.jpg,6,11,0.9849873185157776
data/shared_subset/Fuzzy/target/Potato_leaf_late_blight/train_Potato leaf late blight_49_2.jpg,6,8,0.9982202649116516
data/shared_subset/Fuzzy/target/Potato_leaf_late_blight/train_Potato leaf late blight_10_2.jpg,6,8,0.9727749228477478
data/shared_subset/Fuzzy/target/Potato_leaf_late_blight/train_Potato leaf late blight_94.jpg,6,11,0.9227347373962402
data/shared_subset/Fuzzy/target/Potato_leaf_late_blight/train_Potato leaf late blight_35_6.jpg,6,11,0.979440450668335
data/shared_subset/Fuzzy/target/Potato_leaf_late_blight/train_Potato leaf late blight_13.jpg,6,4,0.4778338372707367
data/shared_subset/Fuzzy/target/Potato_leaf_late_blight/train_Potato leaf late blight_83_2.jpg,6,11,0.8539040088653564
data/shared_subset/Fuzzy/target/Potato_leaf_late_blight/train_Potato leaf late blight_25.jpg,6,3,0.5804171562194824
data/shared_subset/Fuzzy/target/Potato_leaf_late_blight/train_Potato leaf late blight_92_2.jpg,6,4,0.6110106706619263
data/shared_subset/Fuzzy/target/Potato_leaf_late_blight/train_Potato leaf late blight_12_1.jpg,6,0,0.8493579030036926
data/shared_subset/Fuzzy/target/Potato_leaf_late_blight/train_Potato leaf late blight_52.jpg,6,11,0.7947096824645996
data/shared_subset/Fuzzy/target/Potato_leaf_late_blight/train_Potato leaf late blight_73.jpg,6,6,0.7319738268852234
data/shared_subset/Fuzzy/target/Potato_leaf_late_blight/train_Potato leaf late blight_65_1.jpg,6,11,0.7411059737205505
data/shared_subset/Fuzzy/target/Potato_leaf_late_blight/train_Potato leaf late blight_38_1.jpg,6,11,0.44535452127456665
data/shared_subset/Fuzzy/target/Potato_leaf_late_blight/train_Potato leaf late blight_95.jpg,6,0,0.5402834415435791
data/shared_subset/Fuzzy/target/Potato_leaf_late_blight/train_Potato leaf late blight_48_4.jpg,6,3,0.7765395641326904
data/shared_subset/Fuzzy/target/Potato_leaf_late_blight/train_Potato leaf late blight_10_3.jpg,6,8,0.9985736608505249
data/shared_subset/Fuzzy/target/Potato_leaf_late_blight/train_Potato leaf late blight_10_1.jpg,6,11,0.5139641761779785
data/shared_subset/Fuzzy/target/Potato_leaf_late_blight/train_Potato leaf late blight_31.jpg,6,6,0.9607134461402893
data/shared_subset/Fuzzy/target/Potato_leaf_late_blight/train_Potato leaf late blight_76.jpg,6,11,0.4124748408794403
data/shared_subset/Fuzzy/target/Potato_leaf_late_blight/train_Potato leaf late blight_12_4.jpg,6,3,0.9297258853912354
data/shared_subset/Fuzzy/target/Potato_leaf_late_blight/train_Potato leaf late blight_21_4.jpg,6,11,0.6817583441734314
data/shared_subset/Fuzzy/target/Potato_leaf_late_blight/train_Potato leaf late blight_79.jpg,6,6,0.9884401559829712
data/shared_subset/Fuzzy/target/Potato_leaf_late_blight/train_Potato leaf late blight_12_3.jpg,6,3,0.47070932388305664
data/shared_subset/Fuzzy/target/Potato_leaf_late_blight/train_Potato leaf late blight_96.jpg,6,11,0.9526042342185974
data/shared_subset/Fuzzy/target/Potato_leaf_late_blight/train_Potato leaf late blight_58.jpg,6,2,0.5092846751213074
data/shared_subset/Fuzzy/target/Potato_leaf_late_blight/train_Potato leaf late blight_68.jpg,6,2,0.984001636505127
data/shared_subset/Fuzzy/target/Potato_leaf_late_blight/train_Potato leaf late blight_38_2.jpg,6,8,0.4691755473613739
data/shared_subset/Fuzzy/target/Potato_leaf_late_blight/train_Potato leaf late blight_55_5.jpg,6,8,0.7329928278923035
data/shared_subset/Fuzzy/target/Potato_leaf_late_blight/train_Potato leaf late blight_10_6.jpg,6,8,0.82595294713974
data/shared_subset/Fuzzy/target/Potato_leaf_late_blight/train_Potato leaf late blight_19.jpg,6,11,0.8449764251708984
data/shared_subset/Fuzzy/target/Potato_leaf_late_blight/train_Potato leaf late blight_12_2.jpg,6,3,0.9842818379402161
data/shared_subset/Fuzzy/target/Potato_leaf_late_blight/train_Potato leaf late blight_10_4.jpg,6,8,0.8052476644515991
data/shared_subset/Fuzzy/target/Potato_leaf_late_blight/train_Potato leaf late blight_91_5.jpg,6,6,0.8392514586448669
data/shared_subset/Fuzzy/target/Potato_leaf_late_blight/train_Potato leaf late blight_41.jpg,6,14,0.5497779250144958
data/shared_subset/Fuzzy/target/Potato_leaf_late_blight/train_Potato leaf late blight_55_10.jpg,6,11,0.8831645846366882
data/shared_subset/Fuzzy/target/Potato_leaf_late_blight/train_Potato leaf late blight_40_4.jpg,6,8,0.8294611573219299
data/shared_subset/Fuzzy/target/Potato_leaf_late_blight/train_Potato leaf late blight_67.jpg,6,3,0.9144622087478638
data/shared_subset/Fuzzy/target/Potato_leaf_late_blight/train_Potato leaf late blight_8.jpg,6,6,0.5021277666091919
data/shared_subset/Fuzzy/target/Potato_leaf_late_blight/train_Potato leaf late blight_39_1.jpg,6,8,0.7185074687004089
data/shared_subset/Fuzzy/target/Potato_leaf_late_blight/train_Potato leaf late blight_39_2.jpg,6,11,0.9016204476356506
data/shared_subset/Fuzzy/target/Potato_leaf_late_blight/train_Potato leaf late blight_55_4.jpg,6,8,0.8873187899589539
data/shared_subset/Fuzzy/target/Potato_leaf_late_blight/train_Potato leaf late blight_72.jpg,6,8,0.5666132569313049
data/shared_subset/Fuzzy/target/Potato_leaf_late_blight/train_Potato leaf late blight_39_3.jpg,6,8,0.6755056977272034
data/shared_subset/Fuzzy/target/Potato_leaf_late_blight/train_Potato leaf late blight_56.jpg,6,11,0.8842534422874451
data/shared_subset/Fuzzy/target/Potato_leaf_late_blight/train_Potato leaf late blight_61.jpg,6,5,0.8243536353111267
data/shared_subset/Fuzzy/target/Potato_leaf_late_blight/train_Potato leaf late blight_40_1.jpg,6,8,0.5816342830657959
data/shared_subset/Fuzzy/target/Potato_leaf_late_blight/train_Potato leaf late blight_50.jpg,6,11,0.3557817041873932
data/shared_subset/Fuzzy/target/Potato_leaf_late_blight/train_Potato leaf late blight_10_8.jpg,6,8,0.9093448519706726
data/shared_subset/Fuzzy/target/Potato_leaf_late_blight/train_Potato leaf late blight_83_4.jpg,6,6,0.79623943567276
data/shared_subset/Fuzzy/target/Potato_leaf_late_blight/train_Potato leaf late blight_55_9.jpg,6,11,0.9693854451179504
data/shared_subset/Fuzzy/target/Potato_leaf_late_blight/train_Potato leaf late blight_91_2.jpg,6,6,0.7305505871772766
data/shared_subset/Fuzzy/target/Potato_leaf_late_blight/train_Potato leaf late blight_74.jpg,6,11,0.9983389377593994
data/shared_subset/Fuzzy/target/Potato_leaf_late_blight/train_Potato leaf late blight_40_6.jpg,6,2,0.5959660410881042
data/shared_subset/Fuzzy/target/Potato_leaf_late_blight/train_Potato leaf late blight_2_4.jpg,6,6,0.950293242931366
data/shared_subset/Fuzzy/target/Potato_leaf_late_blight/train_Potato leaf late blight_92_1.jpg,6,3,0.4279226064682007
data/shared_subset/Fuzzy/target/Potato_leaf_late_blight/train_Potato leaf late blight_16.jpg,6,6,0.6523560285568237
data/shared_subset/Fuzzy/target/Potato_leaf_late_blight/train_Potato leaf late blight_83_1.jpg,6,11,0.9923387765884399
data/shared_subset/Fuzzy/target/Potato_leaf_late_blight/train_Potato leaf late blight_97_3.jpg,6,14,0.87126624584198
data/shared_subset/Fuzzy/target/Potato_leaf_late_blight/train_Potato leaf late blight_97_4.jpg,6,13,0.36476051807403564
data/shared_subset/Fuzzy/target/Potato_leaf_late_blight/train_Potato leaf late blight_39_5.jpg,6,11,0.5545591115951538
data/shared_subset/Fuzzy/target/Potato_leaf_late_blight/train_Potato leaf late blight_39_4.jpg,6,11,0.4708055555820465
data/shared_subset/Fuzzy/target/Potato_leaf_late_blight/train_Potato leaf late blight_80_2.jpg,6,11,0.7081942558288574
data/shared_subset/Fuzzy/target/Potato_leaf_late_blight/train_Potato leaf late blight_40_7.jpg,6,4,0.8027690052986145
data/shared_subset/Fuzzy/target/Potato_leaf_late_blight/train_Potato leaf late blight_48_6.jpg,6,11,0.7653576731681824
data/shared_subset/Fuzzy/target/Potato_leaf_late_blight/train_Potato leaf late blight_29.jpg,6,8,0.5552873015403748
data/shared_subset/Fuzzy/target/Potato_leaf_late_blight/train_Potato leaf late blight_80_4.jpg,6,11,0.47754472494125366
data/shared_subset/Fuzzy/target/Potato_leaf_late_blight/train_Potato leaf late blight_66.jpg,6,2,0.6192201972007751
data/shared_subset/Fuzzy/target/Potato_leaf_late_blight/train_Potato leaf late blight_53.jpg,6,8,0.9841757416725159
data/shared_subset/Fuzzy/target/Potato_leaf_late_blight/train_Potato leaf late blight_24.jpg,6,5,0.9992095232009888
data/shared_subset/Fuzzy/target/Potato_leaf_late_blight/train_Potato leaf late blight_55_1.jpg,6,8,0.8297601342201233
data/shared_subset/Fuzzy/target/Potato_leaf_late_blight/train_Potato leaf late blight_75.jpg,6,5,0.9948621392250061
data/shared_subset/Fuzzy/target/Potato_leaf_late_blight/train_Potato leaf late blight_70.jpg,6,11,0.6952151656150818
data/shared_subset/Fuzzy/target/Potato_leaf_late_blight/train_Potato leaf late blight_36_2.jpg,6,8,0.9769468903541565
data/shared_subset/Fuzzy/target/Potato_leaf_late_blight/train_Potato leaf late blight_40_8.jpg,6,2,0.5046077370643616
data/shared_subset/Fuzzy/target/Potato_leaf_late_blight/train_Potato leaf late blight_97_6.jpg,6,9,0.9916954636573792
data/shared_subset/Fuzzy/target/Potato_leaf_late_blight/train_Potato leaf late blight_42_8.jpg,6,5,0.45094034075737
data/shared_subset/Fuzzy/target/Potato_leaf_late_blight/train_Potato leaf late blight_81.jpg,6,11,0.862842321395874
data/shared_subset/Fuzzy/target/Potato_leaf_late_blight/train_Potato leaf late blight_2_1.jpg,6,6,0.6246054172515869
data/shared_subset/Fuzzy/target/Potato_leaf_late_blight/train_Potato leaf late blight_88.jpg,6,15,0.6589553356170654
data/shared_subset/Fuzzy/target/Potato_leaf_late_blight/train_Potato leaf late blight_10_7.jpg,6,8,0.5341814160346985
data/shared_subset/Fuzzy/target/Potato_leaf_late_blight/train_Potato leaf late blight_33_2.jpg,6,8,0.4751555919647217
data/shared_subset/Fuzzy/target/Potato_leaf_late_blight/train_Potato leaf late blight_55_7.jpg,6,6,0.6986040472984314
data/shared_subset/Fuzzy/target/Potato_leaf_late_blight/train_Potato leaf late blight_83_3.jpg,6,11,0.7371240854263306
data/shared_subset/Fuzzy/target/Potato_leaf_late_blight/train_Potato leaf late blight_21_3.jpg,6,11,0.854770302772522
data/shared_subset/Fuzzy/target/Potato_leaf_late_blight/train_Potato leaf late blight_12_5.jpg,6,0,0.8832087516784668
data/shared_subset/Fuzzy/target/Potato_leaf_late_blight/train_Potato leaf late blight_5.jpg,6,8,0.9506939649581909
data/shared_subset/Fuzzy/target/Potato_leaf_late_blight/train_Potato leaf late blight_1.jpg,6,11,0.5679189562797546
data/shared_subset/Fuzzy/target/Potato_leaf_late_blight/train_Potato leaf late blight_26.jpg,6,3,0.7753840684890747
data/shared_subset/Fuzzy/target/Potato_leaf_late_blight/train_Potato leaf late blight_28.jpg,6,8,0.6737939715385437
data/shared_subset/Fuzzy/target/Potato_leaf_late_blight/train_Potato leaf late blight_48_3.jpg,6,8,0.5927042961120605
data/shared_subset/Fuzzy/target/Potato_leaf_late_blight/train_Potato leaf late blight_86.jpg,6,11,0.8391695022583008
data/shared_subset/Fuzzy/target/Potato_leaf_late_blight/train_Potato leaf late blight_3.jpg,6,6,0.7775555849075317
data/shared_subset/Fuzzy/target/Potato_leaf_late_blight/train_Potato leaf late blight_10_9.jpg,6,11,0.8606313467025757
data/shared_subset/Fuzzy/target/Potato_leaf_late_blight/train_Potato leaf late blight_63_2.jpg,6,11,0.5962957143783569
data/shared_subset/Fuzzy/target/Potato_leaf_late_blight/train_Potato leaf late blight_40_3.jpg,6,2,0.917549192905426
data/shared_subset/Fuzzy/target/Potato_leaf_late_blight/train_Potato leaf late blight_85_5.jpg,6,5,0.5809709429740906
data/shared_subset/Fuzzy/target/Potato_leaf_late_blight/train_Potato leaf late blight_18.jpg,6,11,0.8299322128295898
data/shared_subset/Fuzzy/target/Potato_leaf_late_blight/train_Potato leaf late blight_30.jpg,6,11,0.9756246209144592
data/shared_subset/Fuzzy/target/Potato_leaf_late_blight/train_Potato leaf late blight_23.jpg,6,5,0.9903274178504944
data/shared_subset/Fuzzy/target/Potato_leaf_late_blight/train_Potato leaf late blight_77.jpg,6,3,0.6385484337806702
data/shared_subset/Fuzzy/target/Potato_leaf_late_blight/train_Potato leaf late blight_49_3.jpg,6,8,0.9968608617782593
data/shared_subset/Fuzzy/target/Potato_leaf_late_blight/train_Potato leaf late blight_46.jpg,6,11,0.9249292612075806
data/shared_subset/Fuzzy/target/Potato_leaf_late_blight/train_Potato leaf late blight_48_7.jpg,6,3,0.5325427055358887
data/shared_subset/Fuzzy/target/Potato_leaf_late_blight/train_Potato leaf late blight_36_1.jpg,6,8,0.9588451385498047
data/shared_subset/Fuzzy/target/Potato_leaf_late_blight/train_Potato leaf late blight_63_1.jpg,6,11,0.9775550365447998
data/shared_subset/Fuzzy/target/Potato_leaf_late_blight/train_Potato leaf late blight_57.jpg,6,11,0.7890142798423767
data/shared_subset/Fuzzy/target/Potato_leaf_late_blight/train_Potato leaf late blight_93_2.jpg,6,11,0.9593263864517212
data/shared_subset/Fuzzy/target/Potato_leaf_late_blight/train_Potato leaf late blight_17.jpg,6,11,0.8719549775123596
data/shared_subset/Fuzzy/target/Potato_leaf_late_blight/train_Potato leaf late blight_47.jpg,6,3,0.4207397401332855
data/shared_subset/Fuzzy/target/Potato_leaf_late_blight/train_Potato leaf late blight_59.jpg,6,7,0.36656588315963745
data/shared_subset/Fuzzy/target/Potato_leaf_late_blight/train_Potato leaf late blight_4.jpg,6,11,0.7149903774261475
data/shared_subset/Fuzzy/target/Potato_leaf_late_blight/train_Potato leaf late blight_14.jpg,6,8,0.7118157148361206
data/shared_subset/Fuzzy/target/Potato_leaf_late_blight/train_Potato leaf late blight_27.jpg,6,8,0.9983950257301331
data/shared_subset/Fuzzy/target/Potato_leaf_late_blight/train_Potato leaf late blight_90.jpg,6,8,0.9917716383934021
data/shared_subset/Fuzzy/target/Potato_leaf_late_blight/train_Potato leaf late blight_43.jpg,6,6,0.8199542760848999
data/shared_subset/Fuzzy/target/Potato_leaf_late_blight/train_Potato leaf late blight_40_2.jpg,6,4,0.946954607963562
data/shared_subset/Fuzzy/target/Potato_leaf_late_blight/train_Potato leaf late blight_78_3.jpg,6,4,0.5380920767784119
data/shared_subset/Fuzzy/target/Potato_leaf_late_blight/train_Potato leaf late blight_69_2.jpg,6,4,0.7638711929321289
data/shared_subset/Fuzzy/target/Potato_leaf_late_blight/train_Potato leaf late blight_44.jpg,6,3,0.4212585687637329
data/shared_subset/Fuzzy/target/Potato_leaf_late_blight/train_Potato leaf late blight_7.jpg,6,5,0.9977816939353943
data/shared_subset/Fuzzy/target/Potato_leaf_late_blight/train_Potato leaf late blight_21_6.jpg,6,0,0.4363457262516022
data/shared_subset/Fuzzy/target/Potato_leaf_late_blight/train_Potato leaf late blight_60_1.jpg,6,6,0.3939509987831116
data/shared_subset/Fuzzy/target/Potato_leaf_late_blight/train_Potato leaf late blight_71.jpg,6,8,0.7644875049591064
data/shared_subset/Fuzzy/target/Potato_leaf_late_blight/train_Potato leaf late blight_45.jpg,6,11,0.9166464805603027
data/shared_subset/Fuzzy/target/Potato_leaf_late_blight/train_Potato leaf late blight_80_3.jpg,6,11,0.7959553599357605
data/shared_subset/Fuzzy/target/Potato_leaf_late_blight/train_Potato leaf late blight_35_8.jpg,6,11,0.7912395596504211
data/shared_subset/Fuzzy/target/Potato_leaf_late_blight/train_Potato leaf late blight_10_5.jpg,6,6,0.7209683656692505
data/shared_subset/Fuzzy/target/Potato_leaf_late_blight/train_Potato leaf late blight_20.jpg,6,5,0.4487539529800415
data/shared_subset/Fuzzy/target/Potato_leaf_late_blight/train_Potato leaf late blight_91_1.jpg,6,8,0.7777389287948608
data/shared_subset/Fuzzy/target/Potato_leaf_late_blight/train_Potato leaf late blight_62.jpg,6,6,0.9185294508934021
data/shared_subset/Fuzzy/target/Potato_leaf_late_blight/train_Potato leaf late blight_22.jpg,6,8,0.9695941805839539
data/shared_subset/Fuzzy/target/Potato_leaf_late_blight/train_Potato leaf late blight_97_2.jpg,6,14,0.36618873476982117
data/shared_subset/Fuzzy/target/Potato_leaf_late_blight/train_Potato leaf late blight_42_10.jpg,6,2,0.9648212194442749
data/shared_subset/Fuzzy/target/Potato_leaf_late_blight/train_Potato leaf late blight_54.jpg,6,8,0.4647304117679596
data/shared_subset/Fuzzy/target/Potato_leaf_late_blight/train_Potato leaf late blight_42_5.jpg,6,2,0.9492421746253967
data/shared_subset/Fuzzy/target/Potato_leaf_late_blight/train_Potato leaf late blight_91_3.jpg,6,6,0.5423035025596619
data/shared_subset/Fuzzy/target/Potato_leaf_late_blight/train_Potato leaf late blight_85_2.jpg,6,7,0.6669260859489441
data/shared_subset/Fuzzy/target/Potato_leaf_late_blight/train_Potato leaf late blight_34.jpg,6,5,0.9477087259292603
data/shared_subset/Fuzzy/target/Potato_leaf_late_blight/train_Potato leaf late blight_35_2.jpg,6,3,0.5015827417373657
data/shared_subset/Fuzzy/target/Potato_leaf_late_blight/train_Potato leaf late blight_32.jpg,6,8,0.9995236396789551
data/shared_subset/Fuzzy/target/Potato_leaf_late_blight/train_Potato leaf late blight_21_5.jpg,6,0,0.9729621410369873
data/shared_subset/Fuzzy/target/Potato_leaf_late_blight/train_Potato leaf late blight_55_6.jpg,6,8,0.6944541931152344
data/shared_subset/Fuzzy/target/Potato_leaf_late_blight/train_Potato leaf late blight_97_8.jpg,6,13,0.7483149170875549
data/shared_subset/Fuzzy/target/Potato_leaf_late_blight/train_Potato leaf late blight_89.jpg,6,5,0.8887244462966919
data/shared_subset/Fuzzy/target/Potato_leaf_late_blight/train_Potato leaf late blight_97_1.jpg,6,11,0.5975931882858276
data/shared_subset/Fuzzy/target/Potato_leaf_late_blight/train_Potato leaf late blight_42_7.jpg,6,2,0.8776048421859741
data/shared_subset/Fuzzy/target/Potato_leaf_late_blight/train_Potato leaf late blight_78_1.jpg,6,6,0.57246994972229
data/shared_subset/Fuzzy/target/Potato_leaf_late_blight/train_Potato leaf late blight_97_7.jpg,6,14,0.2603161334991455
data/shared_subset/Fuzzy/target/Potato_leaf_late_blight/train_Potato leaf late blight_82.jpg,6,6,0.9182084202766418
data/shared_subset/Fuzzy/target/Potato_leaf_late_blight/train_Potato leaf late blight_85_4.jpg,6,5,0.8686531782150269
data/shared_subset/Fuzzy/target/Potato_leaf_late_blight/train_Potato leaf late blight_97_5.jpg,6,13,0.6966471076011658
data/shared_subset/Fuzzy/target/Potato_leaf_late_blight/train_Potato leaf late blight_65_2.jpg,6,0,0.873901903629303
data/shared_subset/Fuzzy/target/Potato_leaf_late_blight/train_Potato leaf late blight_85_3.jpg,6,3,0.5033682584762573
data/shared_subset/Fuzzy/target/Potato_leaf_late_blight/train_Potato leaf late blight_2_3.jpg,6,0,0.5865646004676819
data/shared_subset/Fuzzy/target/Potato_leaf_late_blight/train_Potato leaf late blight_40_9.jpg,6,2,0.9294739961624146
data/shared_subset/Fuzzy/target/Potato_leaf_late_blight/train_Potato leaf late blight_84_2.jpg,6,2,0.9400420188903809
data/shared_subset/Fuzzy/target/Potato_leaf_late_blight/train_Potato leaf late blight_42_9.jpg,6,5,0.5093860626220703
data/shared_subset/Fuzzy/target/Potato_leaf_late_blight/train_Potato leaf late blight_48_2.jpg,6,2,0.8285563588142395
data/shared_subset/Fuzzy/target/Potato_leaf_late_blight/train_Potato leaf late blight_93_1.jpg,6,11,0.9675185084342957
data/shared_subset/Fuzzy/target/Potato_leaf_late_blight/train_Potato leaf late blight_85_1.jpg,6,5,0.8553009033203125
data/shared_subset/Fuzzy/target/Potato_leaf_late_blight/train_Potato leaf late blight_33_1.jpg,6,11,0.557205319404602
data/shared_subset/Fuzzy/target/Potato_leaf_late_blight/train_Potato leaf late blight_42_6.jpg,6,2,0.43686342239379883
data/shared_subset/Fuzzy/target/Potato_leaf_late_blight/train_Potato leaf late blight_84_1.jpg,6,11,0.9203036427497864
data/shared_subset/Fuzzy/target/Potato_leaf_late_blight/train_Potato leaf late blight_49_1.jpg,6,8,0.46275004744529724
data/shared_subset/Fuzzy/target/Potato_leaf_late_blight/train_Potato leaf late blight_91_4.jpg,6,6,0.9055967330932617
data/shared_subset/Fuzzy/target/Potato_leaf_late_blight/train_Potato leaf late blight_42_2.jpg,6,2,0.7701979875564575
data/shared_subset/Fuzzy/target/Potato_leaf_late_blight/train_Potato leaf late blight_48_1.jpg,6,8,0.6605460047721863
data/shared_subset/Fuzzy/target/Potato_leaf_late_blight/train_Potato leaf late blight_55_3.jpg,6,11,0.7661586403846741
data/shared_subset/Fuzzy/target/Potato_leaf_late_blight/train_Potato leaf late blight_35_7.jpg,6,11,0.9200259447097778
data/shared_subset/Fuzzy/target/Potato_leaf_late_blight/train_Potato leaf late blight_42_3.jpg,6,2,0.9588179588317871
data/shared_subset/Fuzzy/target/Potato_leaf_late_blight/train_Potato leaf late blight_69_1.jpg,6,4,0.6701174378395081
data/shared_subset/Fuzzy/target/Potato_leaf_late_blight/train_Potato leaf late blight_15.jpg,6,11,0.9385504126548767
data/shared_subset/Fuzzy/target/Potato_leaf_late_blight/train_Potato leaf late blight_21_1.jpg,6,11,0.9896785020828247
data/shared_subset/Fuzzy/target/Potato_leaf_late_blight/train_Potato leaf late blight_35_4.jpg,6,11,0.391299843788147
data/shared_subset/Fuzzy/target/Potato_leaf_late_blight/train_Potato leaf late blight_42_1.jpg,6,2,0.5160490870475769
data/shared_subset/Fuzzy/target/Potato_leaf_late_blight/train_Potato leaf late blight_35_1.jpg,6,11,0.9657379984855652
data/shared_subset/Fuzzy/target/Potato_leaf_late_blight/train_Potato leaf late blight_6.jpg,6,2,0.8465219140052795
data/shared_subset/Fuzzy/target/Potato_leaf_late_blight/train_Potato leaf late blight_36_3.jpg,6,8,0.9946039319038391
data/shared_subset/Fuzzy/target/Potato_leaf_late_blight/train_Potato leaf late blight_55_2.jpg,6,3,0.9583695530891418
data/shared_subset/Fuzzy/target/Potato_leaf_late_blight/train_Potato leaf late blight_35_3.jpg,6,3,0.9046903252601624
data/shared_subset/Fuzzy/target/Potato_leaf_late_blight/train_Potato leaf late blight_37.jpg,6,6,0.2930784523487091
data/shared_subset/Fuzzy/target/Potato_leaf_late_blight/train_Potato leaf late blight_78_4.jpg,6,11,0.6445068717002869
data/shared_subset/Fuzzy/target/Potato_leaf_late_blight/train_Potato leaf late blight_11.jpg,6,6,0.4245222806930542
data/shared_subset/Fuzzy/target/Potato_leaf_late_blight/train_Potato leaf late blight_40_5.jpg,6,2,0.7519969940185547
data/shared_subset/Fuzzy/target/Potato_leaf_late_blight/train_Potato leaf late blight_21_2.jpg,6,11,0.9998533725738525
data/shared_subset/Fuzzy/target/Potato_leaf_late_blight/train_Potato leaf late blight_87.jpg,6,11,0.9788244962692261
data/shared_subset/Fuzzy/target/Potato_leaf_late_blight/train_Potato leaf late blight_2_2.jpg,6,0,0.44456344842910767
data/shared_subset/Fuzzy/target/Potato_leaf_late_blight/train_Potato leaf late blight_51.jpg,6,6,0.9952071309089661
data/shared_subset/Fuzzy/target/Potato_leaf_late_blight/train_Potato leaf late blight_64.jpg,6,11,0.35140132904052734
data/shared_subset/Fuzzy/target/Potato_leaf_late_blight/train_Potato leaf late blight_55_8.jpg,6,11,0.9506317973136902
data/shared_subset/Fuzzy/target/Potato_leaf_late_blight/train_Potato leaf late blight_84_3.jpg,6,2,0.8746352791786194
data/shared_subset/Fuzzy/target/Potato_leaf_late_blight/train_Potato leaf late blight_9.jpg,6,5,0.9947688579559326
data/shared_subset/Fuzzy/target/Potato_leaf_late_blight/train_Potato leaf late blight_48_5.jpg,6,8,0.9992352724075317
data/shared_subset/Fuzzy/target/Potato_leaf_late_blight/train_Potato leaf late blight_69_4.jpg,6,11,0.9949040412902832
data/shared_subset/Fuzzy/target/Potato_leaf_late_blight/train_Potato leaf late blight_78_2.jpg,6,11,0.7920870780944824
data/shared_subset/Fuzzy/target/Squash_Powdery_mildew_leaf/train_Squash Powdery mildew leaf_6.jpg,7,7,0.9445502161979675
data/shared_subset/Fuzzy/target/Squash_Powdery_mildew_leaf/train_Squash Powdery mildew leaf_121.jpg,7,7,0.5628421306610107
data/shared_subset/Fuzzy/target/Squash_Powdery_mildew_leaf/train_Squash Powdery mildew leaf_66.jpg,7,4,0.9501400589942932
data/shared_subset/Fuzzy/target/Squash_Powdery_mildew_leaf/train_Squash Powdery mildew leaf_72.jpg,7,2,0.8178335428237915
data/shared_subset/Fuzzy/target/Squash_Powdery_mildew_leaf/train_Squash Powdery mildew leaf_124.jpg,7,7,0.9361171126365662
data/shared_subset/Fuzzy/target/Squash_Powdery_mildew_leaf/train_Squash Powdery mildew leaf_99.jpg,7,7,0.9084150791168213
data/shared_subset/Fuzzy/target/Squash_Powdery_mildew_leaf/train_Squash Powdery mildew leaf_73.jpg,7,7,0.6922328472137451
data/shared_subset/Fuzzy/target/Squash_Powdery_mildew_leaf/train_Squash Powdery mildew leaf_80.jpg,7,7,0.9911802411079407
data/shared_subset/Fuzzy/target/Squash_Powdery_mildew_leaf/train_Squash Powdery mildew leaf_113.jpg,7,7,0.7401366829872131
data/shared_subset/Fuzzy/target/Squash_Powdery_mildew_leaf/train_Squash Powdery mildew leaf_13.jpg,7,2,0.9506372213363647
data/shared_subset/Fuzzy/target/Squash_Powdery_mildew_leaf/train_Squash Powdery mildew leaf_1.jpg,7,7,0.9676625728607178
data/shared_subset/Fuzzy/target/Squash_Powdery_mildew_leaf/train_Squash Powdery mildew leaf_110.jpg,7,2,0.5164435505867004
data/shared_subset/Fuzzy/target/Squash_Powdery_mildew_leaf/train_Squash Powdery mildew leaf_53.jpg,7,2,0.9849236011505127
data/shared_subset/Fuzzy/target/Squash_Powdery_mildew_leaf/train_Squash Powdery mildew leaf_32.jpg,7,7,0.9572483897209167
data/shared_subset/Fuzzy/target/Squash_Powdery_mildew_leaf/train_Squash Powdery mildew leaf_79.jpg,7,2,0.7777361869812012
data/shared_subset/Fuzzy/target/Squash_Powdery_mildew_leaf/train_Squash Powdery mildew leaf_57.jpg,7,7,0.8894421458244324
data/shared_subset/Fuzzy/target/Squash_Powdery_mildew_leaf/train_Squash Powdery mildew leaf_94.jpg,7,2,0.9943792223930359
data/shared_subset/Fuzzy/target/Squash_Powdery_mildew_leaf/train_Squash Powdery mildew leaf_51.jpg,7,7,0.9287939667701721
data/shared_subset/Fuzzy/target/Squash_Powdery_mildew_leaf/train_Squash Powdery mildew leaf_102.jpg,7,8,0.6485826969146729
data/shared_subset/Fuzzy/target/Squash_Powdery_mildew_leaf/train_Squash Powdery mildew leaf_107.jpg,7,2,0.7292744517326355
data/shared_subset/Fuzzy/target/Squash_Powdery_mildew_leaf/train_Squash Powdery mildew leaf_8.jpg,7,2,0.9791470170021057
data/shared_subset/Fuzzy/target/Squash_Powdery_mildew_leaf/train_Squash Powdery mildew leaf_68.jpg,7,7,0.9992784857749939
data/shared_subset/Fuzzy/target/Squash_Powdery_mildew_leaf/train_Squash Powdery mildew leaf_118.jpg,7,7,0.9278731346130371
data/shared_subset/Fuzzy/target/Squash_Powdery_mildew_leaf/train_Squash Powdery mildew leaf_69.jpg,7,3,0.42676079273223877
data/shared_subset/Fuzzy/target/Squash_Powdery_mildew_leaf/train_Squash Powdery mildew leaf_25.jpg,7,2,0.9545539617538452
data/shared_subset/Fuzzy/target/Squash_Powdery_mildew_leaf/train_Squash Powdery mildew leaf_38.jpg,7,7,0.5983648896217346
data/shared_subset/Fuzzy/target/Squash_Powdery_mildew_leaf/train_Squash Powdery mildew leaf_81.jpg,7,2,0.8094221949577332
data/shared_subset/Fuzzy/target/Squash_Powdery_mildew_leaf/train_Squash Powdery mildew leaf_58.jpg,7,2,0.9519073367118835
data/shared_subset/Fuzzy/target/Squash_Powdery_mildew_leaf/train_Squash Powdery mildew leaf_71.jpg,7,4,0.7937207221984863
data/shared_subset/Fuzzy/target/Squash_Powdery_mildew_leaf/train_Squash Powdery mildew leaf_15.jpg,7,3,0.6782433390617371
data/shared_subset/Fuzzy/target/Squash_Powdery_mildew_leaf/train_Squash Powdery mildew leaf_11.jpg,7,7,0.999625563621521
data/shared_subset/Fuzzy/target/Squash_Powdery_mildew_leaf/train_Squash Powdery mildew leaf_104.jpg,7,7,0.9387370944023132
data/shared_subset/Fuzzy/target/Squash_Powdery_mildew_leaf/train_Squash Powdery mildew leaf_29.jpg,7,7,0.9871577620506287
data/shared_subset/Fuzzy/target/Squash_Powdery_mildew_leaf/train_Squash Powdery mildew leaf_27.jpg,7,7,0.9055734872817993
data/shared_subset/Fuzzy/target/Squash_Powdery_mildew_leaf/train_Squash Powdery mildew leaf_41.jpg,7,2,0.5233429074287415
data/shared_subset/Fuzzy/target/Squash_Powdery_mildew_leaf/train_Squash Powdery mildew leaf_14.jpg,7,7,0.9940292835235596
data/shared_subset/Fuzzy/target/Squash_Powdery_mildew_leaf/train_Squash Powdery mildew leaf_108.jpg,7,7,0.7403479814529419
data/shared_subset/Fuzzy/target/Squash_Powdery_mildew_leaf/train_Squash Powdery mildew leaf_115.jpg,7,7,0.996709942817688
data/shared_subset/Fuzzy/target/Squash_Powdery_mildew_leaf/train_Squash Powdery mildew leaf_96.jpg,7,7,0.6177369356155396
data/shared_subset/Fuzzy/target/Squash_Powdery_mildew_leaf/train_Squash Powdery mildew leaf_20.jpg,7,7,0.7510833144187927
data/shared_subset/Fuzzy/target/Squash_Powdery_mildew_leaf/train_Squash Powdery mildew leaf_5.jpg,7,5,0.7821351885795593
data/shared_subset/Fuzzy/target/Squash_Powdery_mildew_leaf/train_Squash Powdery mildew leaf_2.jpg,7,2,0.9896678924560547
data/shared_subset/Fuzzy/target/Squash_Powdery_mildew_leaf/train_Squash Powdery mildew leaf_78.jpg,7,7,0.6173970103263855
data/shared_subset/Fuzzy/target/Squash_Powdery_mildew_leaf/train_Squash Powdery mildew leaf_114.jpg,7,2,0.8681182265281677
data/shared_subset/Fuzzy/target/Squash_Powdery_mildew_leaf/train_Squash Powdery mildew leaf_48.jpg,7,8,0.9229187369346619
data/shared_subset/Fuzzy/target/Squash_Powdery_mildew_leaf/train_Squash Powdery mildew leaf_49.jpg,7,7,0.9996484518051147
data/shared_subset/Fuzzy/target/Squash_Powdery_mildew_leaf/train_Squash Powdery mildew leaf_90.jpg,7,2,0.898539662361145
data/shared_subset/Fuzzy/target/Squash_Powdery_mildew_leaf/train_Squash Powdery mildew leaf_82.jpg,7,4,0.8832869529724121
data/shared_subset/Fuzzy/target/Squash_Powdery_mildew_leaf/train_Squash Powdery mildew leaf_101.jpg,7,2,0.841974139213562
data/shared_subset/Fuzzy/target/Squash_Powdery_mildew_leaf/train_Squash Powdery mildew leaf_106.jpg,7,2,0.554916501045227
data/shared_subset/Fuzzy/target/Squash_Powdery_mildew_leaf/train_Squash Powdery mildew leaf_46.jpg,7,7,0.9706730842590332
data/shared_subset/Fuzzy/target/Squash_Powdery_mildew_leaf/train_Squash Powdery mildew leaf_10.jpg,7,11,0.9227193593978882
data/shared_subset/Fuzzy/target/Squash_Powdery_mildew_leaf/train_Squash Powdery mildew leaf_45.jpg,7,4,0.4307795464992523
data/shared_subset/Fuzzy/target/Squash_Powdery_mildew_leaf/train_Squash Powdery mildew leaf_24.jpg,7,4,0.5127480030059814
data/shared_subset/Fuzzy/target/Squash_Powdery_mildew_leaf/train_Squash Powdery mildew leaf_64.jpg,7,8,0.9257774949073792
data/shared_subset/Fuzzy/target/Squash_Powdery_mildew_leaf/train_Squash Powdery mildew leaf_28.jpg,7,2,0.8967968225479126
data/shared_subset/Fuzzy/target/Squash_Powdery_mildew_leaf/train_Squash Powdery mildew leaf_123.jpg,7,7,0.9628488421440125
data/shared_subset/Fuzzy/target/Squash_Powdery_mildew_leaf/train_Squash Powdery mildew leaf_4.jpg,7,2,0.9713090062141418
data/shared_subset/Fuzzy/target/Squash_Powdery_mildew_leaf/train_Squash Powdery mildew leaf_60.jpg,7,7,0.9995232820510864
data/shared_subset/Fuzzy/target/Squash_Powdery_mildew_leaf/train_Squash Powdery mildew leaf_76.jpg,7,2,0.9828730225563049
data/shared_subset/Fuzzy/target/Squash_Powdery_mildew_leaf/train_Squash Powdery mildew leaf_52.jpg,7,2,0.901538074016571
data/shared_subset/Fuzzy/target/Squash_Powdery_mildew_leaf/train_Squash Powdery mildew leaf_77.jpg,7,3,0.7034891843795776
data/shared_subset/Fuzzy/target/Squash_Powdery_mildew_leaf/train_Squash Powdery mildew leaf_22.jpg,7,2,0.4392146170139313
data/shared_subset/Fuzzy/target/Squash_Powdery_mildew_leaf/train_Squash Powdery mildew leaf_93.jpg,7,7,0.9743518233299255
data/shared_subset/Fuzzy/target/Squash_Powdery_mildew_leaf/train_Squash Powdery mildew leaf_103.jpg,7,7,0.5127978920936584
data/shared_subset/Fuzzy/target/Squash_Powdery_mildew_leaf/train_Squash Powdery mildew leaf_122.jpg,7,7,0.9678516983985901
data/shared_subset/Fuzzy/target/Squash_Powdery_mildew_leaf/train_Squash Powdery mildew leaf_40.jpg,7,5,0.38689348101615906
data/shared_subset/Fuzzy/target/Squash_Powdery_mildew_leaf/train_Squash Powdery mildew leaf_35.jpg,7,7,0.8974530100822449
data/shared_subset/Fuzzy/target/Squash_Powdery_mildew_leaf/train_Squash Powdery mildew leaf_98.jpg,7,2,0.9342239499092102
data/shared_subset/Fuzzy/target/Squash_Powdery_mildew_leaf/train_Squash Powdery mildew leaf_59.jpg,7,7,0.998854398727417
data/shared_subset/Fuzzy/target/Squash_Powdery_mildew_leaf/train_Squash Powdery mildew leaf_88.jpg,7,2,0.6841996908187866
data/shared_subset/Fuzzy/target/Squash_Powdery_mildew_leaf/train_Squash Powdery mildew leaf_18.jpg,7,7,0.9927470088005066
data/shared_subset/Fuzzy/target/Squash_Powdery_mildew_leaf/train_Squash Powdery mildew leaf_26.jpg,7,2,0.9801639914512634
data/shared_subset/Fuzzy/target/Squash_Powdery_mildew_leaf/train_Squash Powdery mildew leaf_74.jpg,7,15,0.9734005331993103
data/shared_subset/Fuzzy/target/Squash_Powdery_mildew_leaf/train_Squash Powdery mildew leaf_100.jpg,7,2,0.8823825716972351
data/shared_subset/Fuzzy/target/Squash_Powdery_mildew_leaf/train_Squash Powdery mildew leaf_21.jpg,7,11,0.3710857629776001
data/shared_subset/Fuzzy/target/Squash_Powdery_mildew_leaf/train_Squash Powdery mildew leaf_85.jpg,7,7,0.9999212026596069
data/shared_subset/Fuzzy/target/Squash_Powdery_mildew_leaf/train_Squash Powdery mildew leaf_112.jpg,7,7,0.5958823561668396
data/shared_subset/Fuzzy/target/Squash_Powdery_mildew_leaf/train_Squash Powdery mildew leaf_56.jpg,7,7,0.9622013568878174
data/shared_subset/Fuzzy/target/Squash_Powdery_mildew_leaf/train_Squash Powdery mildew leaf_55.jpg,7,7,0.5179206132888794
data/shared_subset/Fuzzy/target/Squash_Powdery_mildew_leaf/train_Squash Powdery mildew leaf_91.jpg,7,2,0.8905050158500671
data/shared_subset/Fuzzy/target/Squash_Powdery_mildew_leaf/train_Squash Powdery mildew leaf_117.jpg,7,7,0.9830718636512756
data/shared_subset/Fuzzy/target/Squash_Powdery_mildew_leaf/train_Squash Powdery mildew leaf_44.jpg,7,2,0.9902237057685852
data/shared_subset/Fuzzy/target/Squash_Powdery_mildew_leaf/train_Squash Powdery mildew leaf_16.jpg,7,5,0.9883805513381958
data/shared_subset/Fuzzy/target/Squash_Powdery_mildew_leaf/train_Squash Powdery mildew leaf_95.jpg,7,7,0.9972135424613953
data/shared_subset/Fuzzy/target/Squash_Powdery_mildew_leaf/train_Squash Powdery mildew leaf_75.jpg,7,7,0.8888566493988037
data/shared_subset/Fuzzy/target/Squash_Powdery_mildew_leaf/train_Squash Powdery mildew leaf_97.jpg,7,7,0.8753164410591125
data/shared_subset/Fuzzy/target/Squash_Powdery_mildew_leaf/train_Squash Powdery mildew leaf_87.jpg,7,7,0.8534734845161438
data/shared_subset/Fuzzy/target/Squash_Powdery_mildew_leaf/train_Squash Powdery mildew leaf_120.jpg,7,7,0.8706165552139282
data/shared_subset/Fuzzy/target/Squash_Powdery_mildew_leaf/train_Squash Powdery mildew leaf_9.jpg,7,7,0.9883608818054199
data/shared_subset/Fuzzy/target/Squash_Powdery_mildew_leaf/train_Squash Powdery mildew leaf_109.jpg,7,11,0.676486074924469
data/shared_subset/Fuzzy/target/Squash_Powdery_mildew_leaf/train_Squash Powdery mildew leaf_37.jpg,7,2,0.9581124782562256
data/shared_subset/Fuzzy/target/Squash_Powdery_mildew_leaf/train_Squash Powdery mildew leaf_86.jpg,7,2,0.8897751569747925
data/shared_subset/Fuzzy/target/Squash_Powdery_mildew_leaf/train_Squash Powdery mildew leaf_7.jpg,7,7,0.9986734390258789
data/shared_subset/Fuzzy/target/Squash_Powdery_mildew_leaf/train_Squash Powdery mildew leaf_111.jpg,7,7,0.6161351799964905
data/shared_subset/Fuzzy/target/Squash_Powdery_mildew_leaf/train_Squash Powdery mildew leaf_62.jpg,7,4,0.7674940824508667
data/shared_subset/Fuzzy/target/Squash_Powdery_mildew_leaf/train_Squash Powdery mildew leaf_54.jpg,7,2,0.9257967472076416
data/shared_subset/Fuzzy/target/Squash_Powdery_mildew_leaf/train_Squash Powdery mildew leaf_43.jpg,7,7,0.7296378016471863
data/shared_subset/Fuzzy/target/Squash_Powdery_mildew_leaf/train_Squash Powdery mildew leaf_116.jpg,7,7,0.5043039321899414
data/shared_subset/Fuzzy/target/Squash_Powdery_mildew_leaf/train_Squash Powdery mildew leaf_92.jpg,7,2,0.5456715822219849
data/shared_subset/Fuzzy/target/Squash_Powdery_mildew_leaf/train_Squash Powdery mildew leaf_19.jpg,7,7,0.7290405035018921
data/shared_subset/Fuzzy/target/Squash_Powdery_mildew_leaf/train_Squash Powdery mildew leaf_61.jpg,7,7,0.8025681376457214
data/shared_subset/Fuzzy/target/Squash_Powdery_mildew_leaf/train_Squash Powdery mildew leaf_105.jpg,7,5,0.9047729969024658
data/shared_subset/Fuzzy/target/Squash_Powdery_mildew_leaf/train_Squash Powdery mildew leaf_63.jpg,7,8,0.8855966329574585
data/shared_subset/Fuzzy/target/Squash_Powdery_mildew_leaf/train_Squash Powdery mildew leaf_23.jpg,7,7,0.9295732975006104
data/shared_subset/Fuzzy/target/Squash_Powdery_mildew_leaf/train_Squash Powdery mildew leaf_36.jpg,7,11,0.913111686706543
data/shared_subset/Fuzzy/target/Squash_Powdery_mildew_leaf/train_Squash Powdery mildew leaf_65.jpg,7,7,0.9344837069511414
data/shared_subset/Fuzzy/target/Squash_Powdery_mildew_leaf/train_Squash Powdery mildew leaf_67.jpg,7,2,0.9280073046684265
data/shared_subset/Fuzzy/target/Squash_Powdery_mildew_leaf/train_Squash Powdery mildew leaf_17.jpg,7,2,0.9325457215309143
data/shared_subset/Fuzzy/target/Squash_Powdery_mildew_leaf/train_Squash Powdery mildew leaf_3.jpg,7,2,0.9368698596954346
data/shared_subset/Fuzzy/target/Squash_Powdery_mildew_leaf/train_Squash Powdery mildew leaf_83.jpg,7,2,0.6790568232536316
data/shared_subset/Fuzzy/target/Squash_Powdery_mildew_leaf/train_Squash Powdery mildew leaf_31.jpg,7,7,0.9993799924850464
data/shared_subset/Fuzzy/target/Squash_Powdery_mildew_leaf/train_Squash Powdery mildew leaf_50.jpg,7,4,0.9737771153450012
data/shared_subset/Fuzzy/target/Squash_Powdery_mildew_leaf/train_Squash Powdery mildew leaf_119.jpg,7,7,0.6542782783508301
data/shared_subset/Fuzzy/target/Squash_Powdery_mildew_leaf/train_Squash Powdery mildew leaf_39.jpg,7,7,0.9988252520561218
data/shared_subset/Fuzzy/target/Squash_Powdery_mildew_leaf/train_Squash Powdery mildew leaf_34.jpg,7,7,0.6317005157470703
data/shared_subset/Fuzzy/target/Squash_Powdery_mildew_leaf/train_Squash Powdery mildew leaf_12.jpg,7,2,0.6124994158744812
data/shared_subset/Fuzzy/target/Squash_Powdery_mildew_leaf/train_Squash Powdery mildew leaf_33.jpg,7,2,0.9834833145141602
data/shared_subset/Fuzzy/target/Squash_Powdery_mildew_leaf/train_Squash Powdery mildew leaf_47.jpg,7,7,0.9839528203010559
data/shared_subset/Fuzzy/target/Squash_Powdery_mildew_leaf/train_Squash Powdery mildew leaf_30.jpg,7,7,0.9990677237510681
data/shared_subset/Fuzzy/target/Squash_Powdery_mildew_leaf/train_Squash Powdery mildew leaf_84.jpg,7,7,0.9879974126815796
data/shared_subset/Fuzzy/target/Squash_Powdery_mildew_leaf/train_Squash Powdery mildew leaf_89.jpg,7,7,0.798918604850769
data/shared_subset/Fuzzy/target/Squash_Powdery_mildew_leaf/train_Squash Powdery mildew leaf_42.jpg,7,7,0.9467044472694397
data/shared_subset/Fuzzy/target/Squash_Powdery_mildew_leaf/train_Squash Powdery mildew leaf_70.jpg,7,11,0.3418082892894745
data/shared_subset/Fuzzy/target/Tomato_Early_blight_leaf/train_Tomato Early blight leaf_69.jpg,8,2,0.7558674216270447
data/shared_subset/Fuzzy/target/Tomato_Early_blight_leaf/train_Tomato Early blight leaf_38.jpg,8,8,0.9948457479476929
data/shared_subset/Fuzzy/target/Tomato_Early_blight_leaf/train_Tomato Early blight leaf_6.jpg,8,4,0.9661869406700134
data/shared_subset/Fuzzy/target/Tomato_Early_blight_leaf/train_Tomato Early blight leaf_22.jpg,8,8,0.7425428032875061
data/shared_subset/Fuzzy/target/Tomato_Early_blight_leaf/train_Tomato Early blight leaf_57.jpg,8,11,0.4015585482120514
data/shared_subset/Fuzzy/target/Tomato_Early_blight_leaf/train_Tomato Early blight leaf_74.jpg,8,8,0.534976065158844
data/shared_subset/Fuzzy/target/Tomato_Early_blight_leaf/train_Tomato Early blight leaf_77.jpg,8,2,0.7907615900039673
data/shared_subset/Fuzzy/target/Tomato_Early_blight_leaf/train_Tomato Early blight leaf_43.jpg,8,2,0.9528628587722778
data/shared_subset/Fuzzy/target/Tomato_Early_blight_leaf/train_Tomato Early blight leaf_73.jpg,8,8,0.5758907198905945
data/shared_subset/Fuzzy/target/Tomato_Early_blight_leaf/train_Tomato Early blight leaf_51.jpg,8,8,0.9899225831031799
data/shared_subset/Fuzzy/target/Tomato_Early_blight_leaf/train_Tomato Early blight leaf_19.jpg,8,11,0.974743664264679
data/shared_subset/Fuzzy/target/Tomato_Early_blight_leaf/train_Tomato Early blight leaf_52.jpg,8,11,0.4318637549877167
data/shared_subset/Fuzzy/target/Tomato_Early_blight_leaf/train_Tomato Early blight leaf_35.jpg,8,5,0.9149688482284546
data/shared_subset/Fuzzy/target/Tomato_Early_blight_leaf/train_Tomato Early blight leaf_16.jpg,8,8,0.4357510209083557
data/shared_subset/Fuzzy/target/Tomato_Early_blight_leaf/train_Tomato Early blight leaf_53.jpg,8,8,0.9895748496055603
data/shared_subset/Fuzzy/target/Tomato_Early_blight_leaf/train_Tomato Early blight leaf_14.jpg,8,4,0.9098286032676697
data/shared_subset/Fuzzy/target/Tomato_Early_blight_leaf/train_Tomato Early blight leaf_62.jpg,8,11,0.5747642517089844
data/shared_subset/Fuzzy/target/Tomato_Early_blight_leaf/train_Tomato Early blight leaf_20.jpg,8,0,0.5986855626106262
data/shared_subset/Fuzzy/target/Tomato_Early_blight_leaf/train_Tomato Early blight leaf_42.jpg,8,5,0.9184135794639587
data/shared_subset/Fuzzy/target/Tomato_Early_blight_leaf/train_Tomato Early blight leaf_48.jpg,8,8,0.6726639866828918
data/shared_subset/Fuzzy/target/Tomato_Early_blight_leaf/train_Tomato Early blight leaf_61.jpg,8,8,0.999935507774353
data/shared_subset/Fuzzy/target/Tomato_Early_blight_leaf/train_Tomato Early blight leaf_59.jpg,8,8,0.9983528852462769
data/shared_subset/Fuzzy/target/Tomato_Early_blight_leaf/train_Tomato Early blight leaf_65.jpg,8,8,0.9941406846046448
data/shared_subset/Fuzzy/target/Tomato_Early_blight_leaf/train_Tomato Early blight leaf_70.jpg,8,8,0.9020606279373169
data/shared_subset/Fuzzy/target/Tomato_Early_blight_leaf/train_Tomato Early blight leaf_27.jpg,8,11,0.4326287806034088
data/shared_subset/Fuzzy/target/Tomato_Early_blight_leaf/train_Tomato Early blight leaf_46.jpg,8,5,0.46935388445854187
data/shared_subset/Fuzzy/target/Tomato_Early_blight_leaf/train_Tomato Early blight leaf_10.jpg,8,2,0.8314611315727234
data/shared_subset/Fuzzy/target/Tomato_Early_blight_leaf/train_Tomato Early blight leaf_50.jpg,8,2,0.9471107125282288
data/shared_subset/Fuzzy/target/Tomato_Early_blight_leaf/train_Tomato Early blight leaf_39.jpg,8,11,0.897059977054596
data/shared_subset/Fuzzy/target/Tomato_Early_blight_leaf/train_Tomato Early blight leaf_3.jpg,8,2,0.8577962517738342
data/shared_subset/Fuzzy/target/Tomato_Early_blight_leaf/train_Tomato Early blight leaf_4.jpg,8,2,0.9953789710998535
data/shared_subset/Fuzzy/target/Tomato_Early_blight_leaf/train_Tomato Early blight leaf_28.jpg,8,8,0.9692354798316956
data/shared_subset/Fuzzy/target/Tomato_Early_blight_leaf/train_Tomato Early blight leaf_7.jpg,8,8,0.8345646262168884
data/shared_subset/Fuzzy/target/Tomato_Early_blight_leaf/train_Tomato Early blight leaf_21.jpg,8,2,0.9974573254585266
data/shared_subset/Fuzzy/target/Tomato_Early_blight_leaf/train_Tomato Early blight leaf_71.jpg,8,8,0.9999313354492188
data/shared_subset/Fuzzy/target/Tomato_Early_blight_leaf/train_Tomato Early blight leaf_44.jpg,8,9,0.9325712323188782
data/shared_subset/Fuzzy/target/Tomato_Early_blight_leaf/train_Tomato Early blight leaf_72.jpg,8,8,0.9812288880348206
data/shared_subset/Fuzzy/target/Tomato_Early_blight_leaf/train_Tomato Early blight leaf_58.jpg,8,2,0.8510894179344177
data/shared_subset/Fuzzy/target/Tomato_Early_blight_leaf/train_Tomato Early blight leaf_17.jpg,8,11,0.5951108932495117
data/shared_subset/Fuzzy/target/Tomato_Early_blight_leaf/train_Tomato Early blight leaf_75.jpg,8,8,0.9999071359634399
data/shared_subset/Fuzzy/target/Tomato_Early_blight_leaf/train_Tomato Early blight leaf_26.jpg,8,8,0.9808748960494995
data/shared_subset/Fuzzy/target/Tomato_Early_blight_leaf/train_Tomato Early blight leaf_34.jpg,8,8,0.9757623076438904
data/shared_subset/Fuzzy/target/Tomato_Early_blight_leaf/train_Tomato Early blight leaf_78.jpg,8,8,0.6879488825798035
data/shared_subset/Fuzzy/target/Tomato_Early_blight_leaf/train_Tomato Early blight leaf_5.jpg,8,2,0.9682093262672424
data/shared_subset/Fuzzy/target/Tomato_Early_blight_leaf/train_Tomato Early blight leaf_25.jpg,8,8,0.44443607330322266
data/shared_subset/Fuzzy/target/Tomato_Early_blight_leaf/train_Tomato Early blight leaf_12.jpg,8,8,0.8906159400939941
data/shared_subset/Fuzzy/target/Tomato_Early_blight_leaf/train_Tomato Early blight leaf_13.jpg,8,8,0.991094708442688
data/shared_subset/Fuzzy/target/Tomato_Early_blight_leaf/train_Tomato Early blight leaf_56.jpg,8,8,0.9997633099555969
data/shared_subset/Fuzzy/target/Tomato_Early_blight_leaf/train_Tomato Early blight leaf_49.jpg,8,2,0.9977460503578186
data/shared_subset/Fuzzy/target/Tomato_Early_blight_leaf/train_Tomato Early blight leaf_47.jpg,8,2,0.9808870553970337
data/shared_subset/Fuzzy/target/Tomato_Early_blight_leaf/train_Tomato Early blight leaf_11.jpg,8,8,0.9642611145973206
data/shared_subset/Fuzzy/target/Tomato_Early_blight_leaf/train_Tomato Early blight leaf_9.jpg,8,8,0.9497002363204956
data/shared_subset/Fuzzy/target/Tomato_Early_blight_leaf/train_Tomato Early blight leaf_54.jpg,8,2,0.8704207539558411
data/shared_subset/Fuzzy/target/Tomato_Early_blight_leaf/train_Tomato Early blight leaf_68.jpg,8,8,0.9161284565925598
data/shared_subset/Fuzzy/target/Tomato_Early_blight_leaf/train_Tomato Early blight leaf_31.jpg,8,5,0.745082437992096
data/shared_subset/Fuzzy/target/Tomato_Early_blight_leaf/train_Tomato Early blight leaf_66.jpg,8,2,0.5595559477806091
data/shared_subset/Fuzzy/target/Tomato_Early_blight_leaf/train_Tomato Early blight leaf_32.jpg,8,5,0.8913549184799194
data/shared_subset/Fuzzy/target/Tomato_Early_blight_leaf/train_Tomato Early blight leaf_55.jpg,8,3,0.6919299364089966
data/shared_subset/Fuzzy/target/Tomato_Early_blight_leaf/train_Tomato Early blight leaf_79.jpg,8,2,0.8731586337089539
data/shared_subset/Fuzzy/target/Tomato_Early_blight_leaf/train_Tomato Early blight leaf_67.jpg,8,2,0.9986997842788696
data/shared_subset/Fuzzy/target/Tomato_Early_blight_leaf/train_Tomato Early blight leaf_29.jpg,8,2,0.998288094997406
data/shared_subset/Fuzzy/target/Tomato_Early_blight_leaf/train_Tomato Early blight leaf_15.jpg,8,5,0.999813973903656
data/shared_subset/Fuzzy/target/Tomato_Early_blight_leaf/train_Tomato Early blight leaf_60.jpg,8,8,0.9995831847190857
data/shared_subset/Fuzzy/target/Tomato_Early_blight_leaf/train_Tomato Early blight leaf_8.jpg,8,2,0.9991722106933594
data/shared_subset/Fuzzy/target/Tomato_Early_blight_leaf/train_Tomato Early blight leaf_18.jpg,8,2,0.9355061650276184
data/shared_subset/Fuzzy/target/Tomato_Early_blight_leaf/train_Tomato Early blight leaf_30.jpg,8,3,0.9457525014877319
data/shared_subset/Fuzzy/target/Tomato_Early_blight_leaf/train_Tomato Early blight leaf_45.jpg,8,5,0.7582741379737854
data/shared_subset/Fuzzy/target/Tomato_Early_blight_leaf/train_Tomato Early blight leaf_24.jpg,8,8,0.9604991674423218
data/shared_subset/Fuzzy/target/Tomato_Early_blight_leaf/train_Tomato Early blight leaf_63.jpg,8,8,0.5945401787757874
data/shared_subset/Fuzzy/target/Tomato_Early_blight_leaf/train_Tomato Early blight leaf_64.jpg,8,8,0.9991030693054199
data/shared_subset/Fuzzy/target/Tomato_Early_blight_leaf/train_Tomato Early blight leaf_37.jpg,8,2,0.9706045389175415
data/shared_subset/Fuzzy/target/Tomato_Early_blight_leaf/train_Tomato Early blight leaf_33.jpg,8,8,0.977568507194519
data/shared_subset/Fuzzy/target/Tomato_Early_blight_leaf/train_Tomato Early blight leaf_1.jpg,8,8,0.9945616126060486
data/shared_subset/Fuzzy/target/Tomato_Early_blight_leaf/train_Tomato Early blight leaf_2.jpg,8,2,0.9983785152435303
data/shared_subset/Fuzzy/target/Tomato_Early_blight_leaf/train_Tomato Early blight leaf_23.jpg,8,8,0.6279798150062561
data/shared_subset/Fuzzy/target/Tomato_Early_blight_leaf/train_Tomato Early blight leaf_76.jpg,8,2,0.9184042811393738
data/shared_subset/Fuzzy/target/Tomato_Early_blight_leaf/train_Tomato Early blight leaf_36.jpg,8,8,0.47623175382614136
data/shared_subset/Fuzzy/target/Tomato_Early_blight_leaf/train_Tomato Early blight leaf_41.jpg,8,15,0.6609848141670227
data/shared_subset/Fuzzy/target/Tomato_Early_blight_leaf/train_Tomato Early blight leaf_40.jpg,8,2,0.5871552228927612
data/shared_subset/Fuzzy/target/Tomato_Septoria_leaf_spot/train_Tomato Septoria leaf spot_70.jpg,9,5,0.9742236137390137
data/shared_subset/Fuzzy/target/Tomato_Septoria_leaf_spot/train_Tomato Septoria leaf spot_56.jpg,9,7,0.3734153211116791
data/shared_subset/Fuzzy/target/Tomato_Septoria_leaf_spot/train_Tomato Septoria leaf spot_138_1.jpg,9,10,0.40561947226524353
data/shared_subset/Fuzzy/target/Tomato_Septoria_leaf_spot/train_Tomato Septoria leaf spot_102.jpg,9,4,0.9592638611793518
data/shared_subset/Fuzzy/target/Tomato_Septoria_leaf_spot/train_Tomato Septoria leaf spot_82.jpg,9,8,0.9143589735031128
data/shared_subset/Fuzzy/target/Tomato_Septoria_leaf_spot/train_Tomato Septoria leaf spot_83.jpg,9,2,0.5351133346557617
data/shared_subset/Fuzzy/target/Tomato_Septoria_leaf_spot/train_Tomato Septoria leaf spot_18.jpg,9,7,0.7436094284057617
data/shared_subset/Fuzzy/target/Tomato_Septoria_leaf_spot/train_Tomato Septoria leaf spot_107.jpg,9,8,0.617061197757721
data/shared_subset/Fuzzy/target/Tomato_Septoria_leaf_spot/train_Tomato Septoria leaf spot_5_2.jpg,9,3,0.2805578112602234
data/shared_subset/Fuzzy/target/Tomato_Septoria_leaf_spot/train_Tomato Septoria leaf spot_113.jpg,9,4,0.934985876083374
data/shared_subset/Fuzzy/target/Tomato_Septoria_leaf_spot/train_Tomato Septoria leaf spot_63.jpg,9,9,0.7063063979148865
data/shared_subset/Fuzzy/target/Tomato_Septoria_leaf_spot/train_Tomato Septoria leaf spot_34.jpg,9,8,0.8224694132804871
data/shared_subset/Fuzzy/target/Tomato_Septoria_leaf_spot/train_Tomato Septoria leaf spot_66.jpg,9,2,0.805701494216919
data/shared_subset/Fuzzy/target/Tomato_Septoria_leaf_spot/train_Tomato Septoria leaf spot_69.jpg,9,2,0.6255900263786316
data/shared_subset/Fuzzy/target/Tomato_Septoria_leaf_spot/train_Tomato Septoria leaf spot_129.jpg,9,8,0.7857022285461426
data/shared_subset/Fuzzy/target/Tomato_Septoria_leaf_spot/train_Tomato Septoria leaf spot_84.jpg,9,4,0.764119565486908
data/shared_subset/Fuzzy/target/Tomato_Septoria_leaf_spot/train_Tomato Septoria leaf spot_47.jpg,9,8,0.8408516645431519
data/shared_subset/Fuzzy/target/Tomato_Septoria_leaf_spot/train_Tomato Septoria leaf spot_134_2.jpg,9,2,0.6907042264938354
data/shared_subset/Fuzzy/target/Tomato_Septoria_leaf_spot/train_Tomato Septoria leaf spot_13.jpg,9,8,0.9950937032699585
data/shared_subset/Fuzzy/target/Tomato_Septoria_leaf_spot/train_Tomato Septoria leaf spot_122.jpg,9,8,0.9569722414016724
data/shared_subset/Fuzzy/target/Tomato_Septoria_leaf_spot/train_Tomato Septoria leaf spot_99.jpg,9,8,0.6578260660171509
data/shared_subset/Fuzzy/target/Tomato_Septoria_leaf_spot/train_Tomato Septoria leaf spot_128.jpg,9,5,0.865899384021759
data/shared_subset/Fuzzy/target/Tomato_Septoria_leaf_spot/train_Tomato Septoria leaf spot_2.jpg,9,2,0.9139381647109985
data/shared_subset/Fuzzy/target/Tomato_Septoria_leaf_spot/train_Tomato Septoria leaf spot_101.jpg,9,14,0.9255393147468567
data/shared_subset/Fuzzy/target/Tomato_Septoria_leaf_spot/train_Tomato Septoria leaf spot_28.jpg,9,11,0.9824432134628296
data/shared_subset/Fuzzy/target/Tomato_Septoria_leaf_spot/train_Tomato Septoria leaf spot_33.jpg,9,4,0.9069257378578186
data/shared_subset/Fuzzy/target/Tomato_Septoria_leaf_spot/train_Tomato Septoria leaf spot_35.jpg,9,14,0.8566333055496216
data/shared_subset/Fuzzy/target/Tomato_Septoria_leaf_spot/train_Tomato Septoria leaf spot_97.jpg,9,2,0.8701154589653015
data/shared_subset/Fuzzy/target/Tomato_Septoria_leaf_spot/train_Tomato Septoria leaf spot_93.jpg,9,2,0.9535702466964722
data/shared_subset/Fuzzy/target/Tomato_Septoria_leaf_spot/train_Tomato Septoria leaf spot_103.jpg,9,8,0.987765908241272
data/shared_subset/Fuzzy/target/Tomato_Septoria_leaf_spot/train_Tomato Septoria leaf spot_59.jpg,9,3,0.7200814485549927
data/shared_subset/Fuzzy/target/Tomato_Septoria_leaf_spot/train_Tomato Septoria leaf spot_100.jpg,9,8,0.9606332778930664
data/shared_subset/Fuzzy/target/Tomato_Septoria_leaf_spot/train_Tomato Septoria leaf spot_62.jpg,9,2,0.5680476427078247
data/shared_subset/Fuzzy/target/Tomato_Septoria_leaf_spot/train_Tomato Septoria leaf spot_112.jpg,9,0,0.8656749725341797
data/shared_subset/Fuzzy/target/Tomato_Septoria_leaf_spot/train_Tomato Septoria leaf spot_21.jpg,9,3,0.9669126272201538
data/shared_subset/Fuzzy/target/Tomato_Septoria_leaf_spot/train_Tomato Septoria leaf spot_124_1.jpg,9,14,0.5013490319252014
data/shared_subset/Fuzzy/target/Tomato_Septoria_leaf_spot/train_Tomato Septoria leaf spot_105.jpg,9,5,0.9951781034469604
data/shared_subset/Fuzzy/target/Tomato_Septoria_leaf_spot/train_Tomato Septoria leaf spot_133.jpg,9,5,0.5604206919670105
data/shared_subset/Fuzzy/target/Tomato_Septoria_leaf_spot/train_Tomato Septoria leaf spot_68.jpg,9,4,0.4454703629016876
data/shared_subset/Fuzzy/target/Tomato_Septoria_leaf_spot/train_Tomato Septoria leaf spot_5.jpg,9,3,0.7028493285179138
data/shared_subset/Fuzzy/target/Tomato_Septoria_leaf_spot/train_Tomato Septoria leaf spot_72.jpg,9,5,0.9987473487854004
data/shared_subset/Fuzzy/target/Tomato_Septoria_leaf_spot/train_Tomato Septoria leaf spot_57.jpg,9,8,0.6305378675460815
data/shared_subset/Fuzzy/target/Tomato_Septoria_leaf_spot/train_Tomato Septoria leaf spot_111.jpg,9,3,0.36831018328666687
data/shared_subset/Fuzzy/target/Tomato_Septoria_leaf_spot/train_Tomato Septoria leaf spot_91.jpg,9,8,0.4328300356864929
data/shared_subset/Fuzzy/target/Tomato_Septoria_leaf_spot/train_Tomato Septoria leaf spot_1.jpg,9,3,0.4471029043197632
data/shared_subset/Fuzzy/target/Tomato_Septoria_leaf_spot/train_Tomato Septoria leaf spot_130.jpg,9,2,0.8854712843894958
data/shared_subset/Fuzzy/target/Tomato_Septoria_leaf_spot/train_Tomato Septoria leaf spot_140_2.jpg,9,3,0.36659952998161316
data/shared_subset/Fuzzy/target/Tomato_Septoria_leaf_spot/train_Tomato Septoria leaf spot_86.jpg,9,8,0.9914233088493347
data/shared_subset/Fuzzy/target/Tomato_Septoria_leaf_spot/train_Tomato Septoria leaf spot_118.jpg,9,5,0.9977583885192871
data/shared_subset/Fuzzy/target/Tomato_Septoria_leaf_spot/train_Tomato Septoria leaf spot_53.jpg,9,2,0.9946997165679932
data/shared_subset/Fuzzy/target/Tomato_Septoria_leaf_spot/train_Tomato Septoria leaf spot_39.jpg,9,3,0.9854096174240112
data/shared_subset/Fuzzy/target/Tomato_Septoria_leaf_spot/train_Tomato Septoria leaf spot_134_1.jpg,9,8,0.9855676889419556
data/shared_subset/Fuzzy/target/Tomato_Septoria_leaf_spot/train_Tomato Septoria leaf spot_6.jpg,9,2,0.5212728381156921
data/shared_subset/Fuzzy/target/Tomato_Septoria_leaf_spot/train_Tomato Septoria leaf spot_134_6.jpg,9,8,0.9159851670265198
data/shared_subset/Fuzzy/target/Tomato_Septoria_leaf_spot/train_Tomato Septoria leaf spot_7.jpg,9,5,0.9904403686523438
data/shared_subset/Fuzzy/target/Tomato_Septoria_leaf_spot/train_Tomato Septoria leaf spot_119.jpg,9,8,0.9913485646247864
data/shared_subset/Fuzzy/target/Tomato_Septoria_leaf_spot/train_Tomato Septoria leaf spot_58.jpg,9,15,0.8499027490615845
data/shared_subset/Fuzzy/target/Tomato_Septoria_leaf_spot/train_Tomato Septoria leaf spot_140_3.jpg,9,3,0.66651451587677
data/shared_subset/Fuzzy/target/Tomato_Septoria_leaf_spot/train_Tomato Septoria leaf spot_15.jpg,9,8,0.9696771502494812
data/shared_subset/Fuzzy/target/Tomato_Septoria_leaf_spot/train_Tomato Septoria leaf spot_92.jpg,9,8,0.987078070640564
data/shared_subset/Fuzzy/target/Tomato_Septoria_leaf_spot/train_Tomato Septoria leaf spot_22.jpg,9,4,0.47491517663002014
data/shared_subset/Fuzzy/target/Tomato_Septoria_leaf_spot/train_Tomato Septoria leaf spot_24.jpg,9,3,0.9433724284172058
data/shared_subset/Fuzzy/target/Tomato_Septoria_leaf_spot/train_Tomato Septoria leaf spot_109.jpg,9,4,0.6999172568321228
data/shared_subset/Fuzzy/target/Tomato_Septoria_leaf_spot/train_Tomato Septoria leaf spot_131.jpg,9,15,0.6155880689620972
data/shared_subset/Fuzzy/target/Tomato_Septoria_leaf_spot/train_Tomato Septoria leaf spot_137.jpg,9,9,0.8497125506401062
data/shared_subset/Fuzzy/target/Tomato_Septoria_leaf_spot/train_Tomato Septoria leaf spot_123.jpg,9,2,0.9981562495231628
data/shared_subset/Fuzzy/target/Tomato_Septoria_leaf_spot/train_Tomato Septoria leaf spot_65.jpg,9,7,0.5440118312835693
data/shared_subset/Fuzzy/target/Tomato_Septoria_leaf_spot/train_Tomato Septoria leaf spot_55.jpg,9,2,0.7768065333366394
data/shared_subset/Fuzzy/target/Tomato_Septoria_leaf_spot/train_Tomato Septoria leaf spot_36.jpg,9,8,0.9725687503814697
data/shared_subset/Fuzzy/target/Tomato_Septoria_leaf_spot/train_Tomato Septoria leaf spot_95.jpg,9,7,0.8337485790252686
data/shared_subset/Fuzzy/target/Tomato_Septoria_leaf_spot/train_Tomato Septoria leaf spot_61.jpg,9,8,0.9132026433944702
data/shared_subset/Fuzzy/target/Tomato_Septoria_leaf_spot/train_Tomato Septoria leaf spot_60.jpg,9,4,0.959953784942627
data/shared_subset/Fuzzy/target/Tomato_Septoria_leaf_spot/train_Tomato Septoria leaf spot_17.jpg,9,2,0.8945062160491943
data/shared_subset/Fuzzy/target/Tomato_Septoria_leaf_spot/train_Tomato Septoria leaf spot_114.jpg,9,2,0.6365137696266174
data/shared_subset/Fuzzy/target/Tomato_Septoria_leaf_spot/train_Tomato Septoria leaf spot_64.jpg,9,2,0.9994660019874573
data/shared_subset/Fuzzy/target/Tomato_Septoria_leaf_spot/train_Tomato Septoria leaf spot_134_3.jpg,9,3,0.8113051652908325
data/shared_subset/Fuzzy/target/Tomato_Septoria_leaf_spot/train_Tomato Septoria leaf spot_81.jpg,9,14,0.73773592710495
data/shared_subset/Fuzzy/target/Tomato_Septoria_leaf_spot/train_Tomato Septoria leaf spot_9.jpg,9,9,0.7741785049438477
data/shared_subset/Fuzzy/target/Tomato_Septoria_leaf_spot/train_Tomato Septoria leaf spot_40.jpg,9,2,0.974830687046051
data/shared_subset/Fuzzy/target/Tomato_Septoria_leaf_spot/train_Tomato Septoria leaf spot_77.jpg,9,4,0.9978558421134949
data/shared_subset/Fuzzy/target/Tomato_Septoria_leaf_spot/train_Tomato Septoria leaf spot_41.jpg,9,8,0.9978569149971008
data/shared_subset/Fuzzy/target/Tomato_Septoria_leaf_spot/train_Tomato Septoria leaf spot_90.jpg,9,8,0.9191957712173462
data/shared_subset/Fuzzy/target/Tomato_Septoria_leaf_spot/train_Tomato Septoria leaf spot_104.jpg,9,8,0.9270775318145752
data/shared_subset/Fuzzy/target/Tomato_Septoria_leaf_spot/train_Tomato Septoria leaf spot_127.jpg,9,8,0.7214627861976624
data/shared_subset/Fuzzy/target/Tomato_Septoria_leaf_spot/train_Tomato Septoria leaf spot_88.jpg,9,5,0.7654320001602173
data/shared_subset/Fuzzy/target/Tomato_Septoria_leaf_spot/train_Tomato Septoria leaf spot_29.jpg,9,2,0.8527035713195801
data/shared_subset/Fuzzy/target/Tomato_Septoria_leaf_spot/train_Tomato Septoria leaf spot_106.jpg,9,8,0.8784050941467285
data/shared_subset/Fuzzy/target/Tomato_Septoria_leaf_spot/train_Tomato Septoria leaf spot_30.jpg,9,2,0.9970805048942566
data/shared_subset/Fuzzy/target/Tomato_Septoria_leaf_spot/train_Tomato Septoria leaf spot_80.jpg,9,8,0.6286978125572205
data/shared_subset/Fuzzy/target/Tomato_Septoria_leaf_spot/train_Tomato Septoria leaf spot_125.jpg,9,3,0.6598135232925415
data/shared_subset/Fuzzy/target/Tomato_Septoria_leaf_spot/train_Tomato Septoria leaf spot_44.jpg,9,2,0.5212184190750122
data/shared_subset/Fuzzy/target/Tomato_Septoria_leaf_spot/train_Tomato Septoria leaf spot_25.jpg,9,5,0.996742308139801
data/shared_subset/Fuzzy/target/Tomato_Septoria_leaf_spot/train_Tomato Septoria leaf spot_96.jpg,9,2,0.949489414691925
data/shared_subset/Fuzzy/target/Tomato_Septoria_leaf_spot/train_Tomato Septoria leaf spot_79.jpg,9,2,0.9727794528007507
data/shared_subset/Fuzzy/target/Tomato_Septoria_leaf_spot/train_Tomato Septoria leaf spot_23.jpg,9,2,0.9943992495536804
data/shared_subset/Fuzzy/target/Tomato_Septoria_leaf_spot/train_Tomato Septoria leaf spot_124_2.jpg,9,8,0.9982335567474365
data/shared_subset/Fuzzy/target/Tomato_Septoria_leaf_spot/train_Tomato Septoria leaf spot_89.jpg,9,4,0.546409010887146
data/shared_subset/Fuzzy/target/Tomato_Septoria_leaf_spot/train_Tomato Septoria leaf spot_49.jpg,9,2,0.6275720000267029
data/shared_subset/Fuzzy/target/Tomato_Septoria_leaf_spot/train_Tomato Septoria leaf spot_10.jpg,9,2,0.4301557242870331
data/shared_subset/Fuzzy/target/Tomato_Septoria_leaf_spot/train_Tomato Septoria leaf spot_134_7.jpg,9,9,0.6825873851776123
data/shared_subset/Fuzzy/target/Tomato_Septoria_leaf_spot/train_Tomato Septoria leaf spot_134_4.jpg,9,3,0.7644838690757751
data/shared_subset/Fuzzy/target/Tomato_Septoria_leaf_spot/train_Tomato Septoria leaf spot_38.jpg,9,8,0.5344311594963074
data/shared_subset/Fuzzy/target/Tomato_Septoria_leaf_spot/train_Tomato Septoria leaf spot_14.jpg,9,4,0.9200534820556641
data/shared_subset/Fuzzy/target/Tomato_Septoria_leaf_spot/train_Tomato Septoria leaf spot_27.jpg,9,5,0.4654980003833771
data/shared_subset/Fuzzy/target/Tomato_Septoria_leaf_spot/train_Tomato Septoria leaf spot_54.jpg,9,4,0.7648224830627441
data/shared_subset/Fuzzy/target/Tomato_Septoria_leaf_spot/train_Tomato Septoria leaf spot_121.jpg,9,8,0.9915069937705994
data/shared_subset/Fuzzy/target/Tomato_Septoria_leaf_spot/train_Tomato Septoria leaf spot_37.jpg,9,2,0.9995891451835632
data/shared_subset/Fuzzy/target/Tomato_Septoria_leaf_spot/train_Tomato Septoria leaf spot_138_2.jpg,9,2,0.5889338254928589
data/shared_subset/Fuzzy/target/Tomato_Septoria_leaf_spot/train_Tomato Septoria leaf spot_110.jpg,9,2,0.8620699644088745
data/shared_subset/Fuzzy/target/Tomato_Septoria_leaf_spot/train_Tomato Septoria leaf spot_120.jpg,9,2,0.711049497127533
data/shared_subset/Fuzzy/target/Tomato_Septoria_leaf_spot/train_Tomato Septoria leaf spot_73.jpg,9,7,0.43457427620887756
data/shared_subset/Fuzzy/target/Tomato_Septoria_leaf_spot/train_Tomato Septoria leaf spot_74.jpg,9,7,0.5820909142494202
data/shared_subset/Fuzzy/target/Tomato_Septoria_leaf_spot/train_Tomato Septoria leaf spot_139.jpg,9,5,0.4644879698753357
data/shared_subset/Fuzzy/target/Tomato_Septoria_leaf_spot/train_Tomato Septoria leaf spot_16.jpg,9,4,0.569999098777771
data/shared_subset/Fuzzy/target/Tomato_Septoria_leaf_spot/train_Tomato Septoria leaf spot_87.jpg,9,2,0.6742492914199829
data/shared_subset/Fuzzy/target/Tomato_Septoria_leaf_spot/train_Tomato Septoria leaf spot_78.jpg,9,5,0.9999933242797852
data/shared_subset/Fuzzy/target/Tomato_Septoria_leaf_spot/train_Tomato Septoria leaf spot_50.jpg,9,8,0.2895052433013916
data/shared_subset/Fuzzy/target/Tomato_Septoria_leaf_spot/train_Tomato Septoria leaf spot_5_1.jpg,9,3,0.9832906723022461
data/shared_subset/Fuzzy/target/Tomato_Septoria_leaf_spot/train_Tomato Septoria leaf spot_43.jpg,9,4,0.5647969841957092
data/shared_subset/Fuzzy/target/Tomato_Septoria_leaf_spot/train_Tomato Septoria leaf spot_48.jpg,9,2,0.663131594657898
data/shared_subset/Fuzzy/target/Tomato_Septoria_leaf_spot/train_Tomato Septoria leaf spot_26.jpg,9,2,0.9899992346763611
data/shared_subset/Fuzzy/target/Tomato_Septoria_leaf_spot/train_Tomato Septoria leaf spot_115.jpg,9,8,0.9118604063987732
data/shared_subset/Fuzzy/target/Tomato_Septoria_leaf_spot/train_Tomato Septoria leaf spot_12.jpg,9,2,0.8574018478393555
data/shared_subset/Fuzzy/target/Tomato_Septoria_leaf_spot/train_Tomato Septoria leaf spot_52.jpg,9,2,0.9535768628120422
data/shared_subset/Fuzzy/target/Tomato_Septoria_leaf_spot/train_Tomato Septoria leaf spot_71.jpg,9,14,0.9634613990783691
data/shared_subset/Fuzzy/target/Tomato_Septoria_leaf_spot/train_Tomato Septoria leaf spot_98.jpg,9,2,0.9293649792671204
data/shared_subset/Fuzzy/target/Tomato_Septoria_leaf_spot/train_Tomato Septoria leaf spot_4.jpg,9,2,0.7274315357208252
data/shared_subset/Fuzzy/target/Tomato_Septoria_leaf_spot/train_Tomato Septoria leaf spot_140_1.jpg,9,5,0.8676865696907043
data/shared_subset/Fuzzy/target/Tomato_Septoria_leaf_spot/train_Tomato Septoria leaf spot_108.jpg,9,11,0.6407419443130493
data/shared_subset/Fuzzy/target/Tomato_Septoria_leaf_spot/train_Tomato Septoria leaf spot_32.jpg,9,2,0.9083099961280823
data/shared_subset/Fuzzy/target/Tomato_Septoria_leaf_spot/train_Tomato Septoria leaf spot_31.jpg,9,9,0.9972420930862427
data/shared_subset/Fuzzy/target/Tomato_Septoria_leaf_spot/train_Tomato Septoria leaf spot_75.jpg,9,2,0.9973241090774536
data/shared_subset/Fuzzy/target/Tomato_Septoria_leaf_spot/train_Tomato Septoria leaf spot_132.jpg,9,8,0.9936999082565308
data/shared_subset/Fuzzy/target/Tomato_Septoria_leaf_spot/train_Tomato Septoria leaf spot_46.jpg,9,5,0.9887135028839111
data/shared_subset/Fuzzy/target/Tomato_Septoria_leaf_spot/train_Tomato Septoria leaf spot_116.jpg,9,8,0.9910721182823181
data/shared_subset/Fuzzy/target/Tomato_Septoria_leaf_spot/train_Tomato Septoria leaf spot_20.jpg,9,9,0.6879625916481018
data/shared_subset/Fuzzy/target/Tomato_Septoria_leaf_spot/train_Tomato Septoria leaf spot_67.jpg,9,2,0.5526529550552368
data/shared_subset/Fuzzy/target/Tomato_Septoria_leaf_spot/train_Tomato Septoria leaf spot_3.jpg,9,8,0.999821126461029
data/shared_subset/Fuzzy/target/Tomato_Septoria_leaf_spot/train_Tomato Septoria leaf spot_94.jpg,9,7,0.4545260965824127
data/shared_subset/Fuzzy/target/Tomato_Septoria_leaf_spot/train_Tomato Septoria leaf spot_134_5.jpg,9,8,0.9818514585494995
data/shared_subset/Fuzzy/target/Tomato_Septoria_leaf_spot/train_Tomato Septoria leaf spot_11.jpg,9,3,0.6872477531433105
data/shared_subset/Fuzzy/target/Tomato_Septoria_leaf_spot/train_Tomato Septoria leaf spot_76.jpg,9,5,0.6082474589347839
data/shared_subset/Fuzzy/target/Tomato_Septoria_leaf_spot/train_Tomato Septoria leaf spot_8.jpg,9,9,0.7061771154403687
data/shared_subset/Fuzzy/target/Tomato_Septoria_leaf_spot/train_Tomato Septoria leaf spot_117.jpg,9,15,0.780759871006012
data/shared_subset/Fuzzy/target/Tomato_Septoria_leaf_spot/train_Tomato Septoria leaf spot_85.jpg,9,2,0.7795993685722351
data/shared_subset/Fuzzy/target/Tomato_leaf_bacterial_spot/train_Tomato leaf bacterial spot_48.jpg,10,2,0.9995647072792053
data/shared_subset/Fuzzy/target/Tomato_leaf_bacterial_spot/train_Tomato leaf bacterial spot_30.jpg,10,8,0.7091583013534546
data/shared_subset/Fuzzy/target/Tomato_leaf_bacterial_spot/train_Tomato leaf bacterial spot_17.jpg,10,11,0.5898646712303162
data/shared_subset/Fuzzy/target/Tomato_leaf_bacterial_spot/train_Tomato leaf bacterial spot_64.jpg,10,2,0.9778065085411072
data/shared_subset/Fuzzy/target/Tomato_leaf_bacterial_spot/train_Tomato leaf bacterial spot_19.jpg,10,8,0.9717759490013123
data/shared_subset/Fuzzy/target/Tomato_leaf_bacterial_spot/train_Tomato leaf bacterial spot_73.jpg,10,9,0.9243124723434448
data/shared_subset/Fuzzy/target/Tomato_leaf_bacterial_spot/train_Tomato leaf bacterial spot_3.jpg,10,2,0.9913849830627441
data/shared_subset/Fuzzy/target/Tomato_leaf_bacterial_spot/train_Tomato leaf bacterial spot_32.jpg,10,8,0.5787760019302368
data/shared_subset/Fuzzy/target/Tomato_leaf_bacterial_spot/train_Tomato leaf bacterial spot_74.jpg,10,4,0.46995702385902405
data/shared_subset/Fuzzy/target/Tomato_leaf_bacterial_spot/train_Tomato leaf bacterial spot_24.jpg,10,5,0.5690624117851257
data/shared_subset/Fuzzy/target/Tomato_leaf_bacterial_spot/train_Tomato leaf bacterial spot_71.jpg,10,2,0.6744776368141174
data/shared_subset/Fuzzy/target/Tomato_leaf_bacterial_spot/train_Tomato leaf bacterial spot_49.jpg,10,2,0.3671151399612427
data/shared_subset/Fuzzy/target/Tomato_leaf_bacterial_spot/train_Tomato leaf bacterial spot_94.jpg,10,11,0.5143946409225464
data/shared_subset/Fuzzy/target/Tomato_leaf_bacterial_spot/train_Tomato leaf bacterial spot_39.jpg,10,8,0.5349019765853882
data/shared_subset/Fuzzy/target/Tomato_leaf_bacterial_spot/train_Tomato leaf bacterial spot_44.jpg,10,8,0.8565688133239746
data/shared_subset/Fuzzy/target/Tomato_leaf_bacterial_spot/train_Tomato leaf bacterial spot_31.jpg,10,2,0.8266955018043518
data/shared_subset/Fuzzy/target/Tomato_leaf_bacterial_spot/train_Tomato leaf bacterial spot_15.jpg,10,3,0.9769974946975708
data/shared_subset/Fuzzy/target/Tomato_leaf_bacterial_spot/train_Tomato leaf bacterial spot_22.jpg,10,8,0.4157504141330719
data/shared_subset/Fuzzy/target/Tomato_leaf_bacterial_spot/train_Tomato leaf bacterial spot_42.jpg,10,8,0.9000116586685181
data/shared_subset/Fuzzy/target/Tomato_leaf_bacterial_spot/train_Tomato leaf bacterial spot_1.jpg,10,8,0.8490960001945496
data/shared_subset/Fuzzy/target/Tomato_leaf_bacterial_spot/train_Tomato leaf bacterial spot_99.jpg,10,8,0.9337428212165833
data/shared_subset/Fuzzy/target/Tomato_leaf_bacterial_spot/train_Tomato leaf bacterial spot_72.jpg,10,4,0.5122882723808289
data/shared_subset/Fuzzy/target/Tomato_leaf_bacterial_spot/train_Tomato leaf bacterial spot_35.jpg,10,2,0.9054760336875916
data/shared_subset/Fuzzy/target/Tomato_leaf_bacterial_spot/train_Tomato leaf bacterial spot_43.jpg,10,4,0.951896071434021
data/shared_subset/Fuzzy/target/Tomato_leaf_bacterial_spot/train_Tomato leaf bacterial spot_76.jpg,10,2,0.8938103914260864
data/shared_subset/Fuzzy/target/Tomato_leaf_bacterial_spot/train_Tomato leaf bacterial spot_7.jpg,10,8,0.570164144039154
data/shared_subset/Fuzzy/target/Tomato_leaf_bacterial_spot/train_Tomato leaf bacterial spot_18.jpg,10,11,0.9231902360916138
data/shared_subset/Fuzzy/target/Tomato_leaf_bacterial_spot/train_Tomato leaf bacterial spot_85.jpg,10,8,0.7342165112495422
data/shared_subset/Fuzzy/target/Tomato_leaf_bacterial_spot/train_Tomato leaf bacterial spot_75.jpg,10,3,0.5182249546051025
data/shared_subset/Fuzzy/target/Tomato_leaf_bacterial_spot/train_Tomato leaf bacterial spot_33.jpg,10,2,0.6134300231933594
data/shared_subset/Fuzzy/target/Tomato_leaf_bacterial_spot/train_Tomato leaf bacterial spot_97.jpg,10,11,0.4839783012866974
data/shared_subset/Fuzzy/target/Tomato_leaf_bacterial_spot/train_Tomato leaf bacterial spot_101.jpg,10,8,0.9944937825202942
data/shared_subset/Fuzzy/target/Tomato_leaf_bacterial_spot/train_Tomato leaf bacterial spot_93.jpg,10,2,0.8162469863891602
data/shared_subset/Fuzzy/target/Tomato_leaf_bacterial_spot/train_Tomato leaf bacterial spot_59.jpg,10,8,0.9980787038803101
data/shared_subset/Fuzzy/target/Tomato_leaf_bacterial_spot/train_Tomato leaf bacterial spot_60.jpg,10,8,0.4976293742656708
data/shared_subset/Fuzzy/target/Tomato_leaf_bacterial_spot/train_Tomato leaf bacterial spot_91.jpg,10,8,0.5394380688667297
data/shared_subset/Fuzzy/target/Tomato_leaf_bacterial_spot/train_Tomato leaf bacterial spot_4.jpg,10,2,0.8509567379951477
data/shared_subset/Fuzzy/target/Tomato_leaf_bacterial_spot/train_Tomato leaf bacterial spot_90.jpg,10,7,0.4856801927089691
data/shared_subset/Fuzzy/target/Tomato_leaf_bacterial_spot/train_Tomato leaf bacterial spot_68.jpg,10,7,0.43445003032684326
data/shared_subset/Fuzzy/target/Tomato_leaf_bacterial_spot/train_Tomato leaf bacterial spot_82.jpg,10,2,0.9968296885490417
data/shared_subset/Fuzzy/target/Tomato_leaf_bacterial_spot/train_Tomato leaf bacterial spot_20.jpg,10,2,0.8874507546424866
data/shared_subset/Fuzzy/target/Tomato_leaf_bacterial_spot/train_Tomato leaf bacterial spot_53.jpg,10,8,0.8743369579315186
data/shared_subset/Fuzzy/target/Tomato_leaf_bacterial_spot/train_Tomato leaf bacterial spot_66.jpg,10,5,0.7882717847824097
data/shared_subset/Fuzzy/target/Tomato_leaf_bacterial_spot/train_Tomato leaf bacterial spot_55.jpg,10,2,0.87724369764328
data/shared_subset/Fuzzy/target/Tomato_leaf_bacterial_spot/train_Tomato leaf bacterial spot_10.jpg,10,14,0.9944345355033875
data/shared_subset/Fuzzy/target/Tomato_leaf_bacterial_spot/train_Tomato leaf bacterial spot_61.jpg,10,8,0.7811519503593445
data/shared_subset/Fuzzy/target/Tomato_leaf_bacterial_spot/train_Tomato leaf bacterial spot_27.jpg,10,9,0.8271519541740417
data/shared_subset/Fuzzy/target/Tomato_leaf_bacterial_spot/train_Tomato leaf bacterial spot_86.jpg,10,9,0.8230785131454468
data/shared_subset/Fuzzy/target/Tomato_leaf_bacterial_spot/train_Tomato leaf bacterial spot_5.jpg,10,5,0.9881762266159058
data/shared_subset/Fuzzy/target/Tomato_leaf_bacterial_spot/train_Tomato leaf bacterial spot_11.jpg,10,5,0.4674456715583801
data/shared_subset/Fuzzy/target/Tomato_leaf_bacterial_spot/train_Tomato leaf bacterial spot_54.jpg,10,2,0.9980610013008118
data/shared_subset/Fuzzy/target/Tomato_leaf_bacterial_spot/train_Tomato leaf bacterial spot_16.jpg,10,2,0.42102566361427307
data/shared_subset/Fuzzy/target/Tomato_leaf_bacterial_spot/train_Tomato leaf bacterial spot_25.jpg,10,8,0.6623122096061707
data/shared_subset/Fuzzy/target/Tomato_leaf_bacterial_spot/train_Tomato leaf bacterial spot_89.jpg,10,2,0.9596247673034668
data/shared_subset/Fuzzy/target/Tomato_leaf_bacterial_spot/train_Tomato leaf bacterial spot_47.jpg,10,6,0.5561288595199585
data/shared_subset/Fuzzy/target/Tomato_leaf_bacterial_spot/train_Tomato leaf bacterial spot_50.jpg,10,8,0.994561493396759
data/shared_subset/Fuzzy/target/Tomato_leaf_bacterial_spot/train_Tomato leaf bacterial spot_40.jpg,10,11,0.4124089181423187
data/shared_subset/Fuzzy/target/Tomato_leaf_bacterial_spot/train_Tomato leaf bacterial spot_14.jpg,10,2,0.5441523790359497
data/shared_subset/Fuzzy/target/Tomato_leaf_bacterial_spot/train_Tomato leaf bacterial spot_23.jpg,10,2,0.9070028066635132
data/shared_subset/Fuzzy/target/Tomato_leaf_bacterial_spot/train_Tomato leaf bacterial spot_28.jpg,10,8,0.42018765211105347
data/shared_subset/Fuzzy/target/Tomato_leaf_bacterial_spot/train_Tomato leaf bacterial spot_57.jpg,10,2,0.6497576832771301
data/shared_subset/Fuzzy/target/Tomato_leaf_bacterial_spot/train_Tomato leaf bacterial spot_96.jpg,10,2,0.9519884586334229
data/shared_subset/Fuzzy/target/Tomato_leaf_bacterial_spot/train_Tomato leaf bacterial spot_88.jpg,10,8,0.5475731492042542
data/shared_subset/Fuzzy/target/Tomato_leaf_bacterial_spot/train_Tomato leaf bacterial spot_51.jpg,10,5,0.7113264203071594
data/shared_subset/Fuzzy/target/Tomato_leaf_bacterial_spot/train_Tomato leaf bacterial spot_95.jpg,10,5,0.9498132467269897
data/shared_subset/Fuzzy/target/Tomato_leaf_bacterial_spot/train_Tomato leaf bacterial spot_46.jpg,10,8,0.9847958087921143
data/shared_subset/Fuzzy/target/Tomato_leaf_bacterial_spot/train_Tomato leaf bacterial spot_36.jpg,10,2,0.8406075239181519
data/shared_subset/Fuzzy/target/Tomato_leaf_bacterial_spot/train_Tomato leaf bacterial spot_2.jpg,10,8,0.9025329947471619
data/shared_subset/Fuzzy/target/Tomato_leaf_bacterial_spot/train_Tomato leaf bacterial spot_98.jpg,10,2,0.9584205150604248
data/shared_subset/Fuzzy/target/Tomato_leaf_bacterial_spot/train_Tomato leaf bacterial spot_56.jpg,10,8,0.841756284236908
data/shared_subset/Fuzzy/target/Tomato_leaf_bacterial_spot/train_Tomato leaf bacterial spot_78.jpg,10,2,0.7273961305618286
data/shared_subset/Fuzzy/target/Tomato_leaf_bacterial_spot/train_Tomato leaf bacterial spot_45.jpg,10,8,0.9377385973930359
data/shared_subset/Fuzzy/target/Tomato_leaf_bacterial_spot/train_Tomato leaf bacterial spot_62.jpg,10,2,0.8598637580871582
data/shared_subset/Fuzzy/target/Tomato_leaf_bacterial_spot/train_Tomato leaf bacterial spot_26.jpg,10,7,0.7443305253982544
data/shared_subset/Fuzzy/target/Tomato_leaf_bacterial_spot/train_Tomato leaf bacterial spot_67.jpg,10,2,0.9978971481323242
data/shared_subset/Fuzzy/target/Tomato_leaf_bacterial_spot/train_Tomato leaf bacterial spot_37.jpg,10,0,0.9907642602920532
data/shared_subset/Fuzzy/target/Tomato_leaf_bacterial_spot/train_Tomato leaf bacterial spot_87.jpg,10,2,0.39688682556152344
data/shared_subset/Fuzzy/target/Tomato_leaf_bacterial_spot/train_Tomato leaf bacterial spot_65.jpg,10,2,0.9586712121963501
data/shared_subset/Fuzzy/target/Tomato_leaf_bacterial_spot/train_Tomato leaf bacterial spot_8.jpg,10,2,0.46521416306495667
data/shared_subset/Fuzzy/target/Tomato_leaf_bacterial_spot/train_Tomato leaf bacterial spot_29.jpg,10,8,0.9679480791091919
data/shared_subset/Fuzzy/target/Tomato_leaf_bacterial_spot/train_Tomato leaf bacterial spot_52.jpg,10,8,0.9939371347427368
data/shared_subset/Fuzzy/target/Tomato_leaf_bacterial_spot/train_Tomato leaf bacterial spot_83.jpg,10,4,0.9746204614639282
data/shared_subset/Fuzzy/target/Tomato_leaf_bacterial_spot/train_Tomato leaf bacterial spot_92.jpg,10,15,0.5322788953781128
data/shared_subset/Fuzzy/target/Tomato_leaf_bacterial_spot/train_Tomato leaf bacterial spot_21.jpg,10,2,0.9488233327865601
data/shared_subset/Fuzzy/target/Tomato_leaf_bacterial_spot/train_Tomato leaf bacterial spot_58.jpg,10,7,0.6459324359893799
data/shared_subset/Fuzzy/target/Tomato_leaf_bacterial_spot/train_Tomato leaf bacterial spot_63.jpg,10,8,0.9745926260948181
data/shared_subset/Fuzzy/target/Tomato_leaf_bacterial_spot/train_Tomato leaf bacterial spot_9.jpg,10,2,0.9693000912666321
data/shared_subset/Fuzzy/target/Tomato_leaf_bacterial_spot/train_Tomato leaf bacterial spot_41.jpg,10,2,0.8936442136764526
data/shared_subset/Fuzzy/target/Tomato_leaf_bacterial_spot/train_Tomato leaf bacterial spot_81.jpg,10,2,0.9671608805656433
data/shared_subset/Fuzzy/target/Tomato_leaf_bacterial_spot/train_Tomato leaf bacterial spot_13.jpg,10,14,0.5280749201774597
data/shared_subset/Fuzzy/target/Tomato_leaf_bacterial_spot/train_Tomato leaf bacterial spot_69.jpg,10,8,0.5966877341270447
data/shared_subset/Fuzzy/target/Tomato_leaf_bacterial_spot/train_Tomato leaf bacterial spot_70.jpg,10,2,0.9783576726913452
data/shared_subset/Fuzzy/target/Tomato_leaf_bacterial_spot/train_Tomato leaf bacterial spot_38.jpg,10,11,0.7722154855728149
data/shared_subset/Fuzzy/target/Tomato_leaf_bacterial_spot/train_Tomato leaf bacterial spot_100.jpg,10,14,0.5612512826919556
data/shared_subset/Fuzzy/target/Tomato_leaf_bacterial_spot/train_Tomato leaf bacterial spot_84.jpg,10,2,0.800806999206543
data/shared_subset/Fuzzy/target/Tomato_leaf_bacterial_spot/train_Tomato leaf bacterial spot_77.jpg,10,2,0.7417796850204468
data/shared_subset/Fuzzy/target/Tomato_leaf_bacterial_spot/train_Tomato leaf bacterial spot_12.jpg,10,9,0.759648859500885
data/shared_subset/Fuzzy/target/Tomato_leaf_bacterial_spot/train_Tomato leaf bacterial spot_80.jpg,10,8,0.9895598888397217
data/shared_subset/Fuzzy/target/Tomato_leaf_bacterial_spot/train_Tomato leaf bacterial spot_34.jpg,10,2,0.300309956073761
data/shared_subset/Fuzzy/target/Tomato_leaf_bacterial_spot/train_Tomato leaf bacterial spot_79.jpg,10,11,0.5804222822189331
data/shared_subset/Fuzzy/target/Tomato_leaf_bacterial_spot/train_Tomato leaf bacterial spot_6.jpg,10,8,0.9858993887901306
data/shared_subset/Fuzzy/target/Tomato_leaf_late_blight/train_Tomato leaf late blight_3.jpg,11,11,0.9804770946502686
data/shared_subset/Fuzzy/target/Tomato_leaf_late_blight/train_Tomato leaf late blight_78.jpg,11,11,0.7845644950866699
data/shared_subset/Fuzzy/target/Tomato_leaf_late_blight/train_Tomato leaf late blight_95.jpg,11,8,0.8139863014221191
data/shared_subset/Fuzzy/target/Tomato_leaf_late_blight/train_Tomato leaf late blight_51.jpg,11,15,0.8407588005065918
data/shared_subset/Fuzzy/target/Tomato_leaf_late_blight/train_Tomato leaf late blight_65.jpg,11,11,0.8988640308380127
data/shared_subset/Fuzzy/target/Tomato_leaf_late_blight/train_Tomato leaf late blight_10.jpg,11,5,0.7530955076217651
data/shared_subset/Fuzzy/target/Tomato_leaf_late_blight/train_Tomato leaf late blight_9.jpg,11,8,0.8082244992256165
data/shared_subset/Fuzzy/target/Tomato_leaf_late_blight/train_Tomato leaf late blight_84.jpg,11,11,0.8721116185188293
data/shared_subset/Fuzzy/target/Tomato_leaf_late_blight/train_Tomato leaf late blight_28.jpg,11,11,0.9999521970748901
data/shared_subset/Fuzzy/target/Tomato_leaf_late_blight/train_Tomato leaf late blight_23.jpg,11,8,0.9524215459823608
data/shared_subset/Fuzzy/target/Tomato_leaf_late_blight/train_Tomato leaf late blight_74.jpg,11,8,0.9349294900894165
data/shared_subset/Fuzzy/target/Tomato_leaf_late_blight/train_Tomato leaf late blight_90.jpg,11,11,0.9284220337867737
data/shared_subset/Fuzzy/target/Tomato_leaf_late_blight/train_Tomato leaf late blight_97.jpg,11,11,0.9820459485054016
data/shared_subset/Fuzzy/target/Tomato_leaf_late_blight/train_Tomato leaf late blight_76.jpg,11,8,0.3709665834903717
data/shared_subset/Fuzzy/target/Tomato_leaf_late_blight/train_Tomato leaf late blight_87.jpg,11,7,0.8466784358024597
data/shared_subset/Fuzzy/target/Tomato_leaf_late_blight/train_Tomato leaf late blight_68.jpg,11,3,0.3733917474746704
data/shared_subset/Fuzzy/target/Tomato_leaf_late_blight/train_Tomato leaf late blight_99.jpg,11,11,0.674564778804779
data/shared_subset/Fuzzy/target/Tomato_leaf_late_blight/train_Tomato leaf late blight_77.jpg,11,0,0.9684644937515259
data/shared_subset/Fuzzy/target/Tomato_leaf_late_blight/train_Tomato leaf late blight_34.jpg,11,11,0.9911574125289917
data/shared_subset/Fuzzy/target/Tomato_leaf_late_blight/train_Tomato leaf late blight_6.jpg,11,2,0.5946646928787231
data/shared_subset/Fuzzy/target/Tomato_leaf_late_blight/train_Tomato leaf late blight_86.jpg,11,8,0.740683376789093
data/shared_subset/Fuzzy/target/Tomato_leaf_late_blight/train_Tomato leaf late blight_60.jpg,11,3,0.9999562501907349
data/shared_subset/Fuzzy/target/Tomato_leaf_late_blight/train_Tomato leaf late blight_91.jpg,11,8,0.9849057793617249
data/shared_subset/Fuzzy/target/Tomato_leaf_late_blight/train_Tomato leaf late blight_46.jpg,11,6,0.4975375235080719
data/shared_subset/Fuzzy/target/Tomato_leaf_late_blight/train_Tomato leaf late blight_89.jpg,11,8,0.9915390610694885
data/shared_subset/Fuzzy/target/Tomato_leaf_late_blight/train_Tomato leaf late blight_36.jpg,11,8,0.9964181184768677
data/shared_subset/Fuzzy/target/Tomato_leaf_late_blight/train_Tomato leaf late blight_101.jpg,11,11,0.9993675351142883
data/shared_subset/Fuzzy/target/Tomato_leaf_late_blight/train_Tomato leaf late blight_29.jpg,11,11,0.8287793397903442
data/shared_subset/Fuzzy/target/Tomato_leaf_late_blight/train_Tomato leaf late blight_42.jpg,11,2,0.5388423800468445
data/shared_subset/Fuzzy/target/Tomato_leaf_late_blight/train_Tomato leaf late blight_16.jpg,11,0,0.5312168002128601
data/shared_subset/Fuzzy/target/Tomato_leaf_late_blight/train_Tomato leaf late blight_38.jpg,11,11,0.9402252435684204
data/shared_subset/Fuzzy/target/Tomato_leaf_late_blight/train_Tomato leaf late blight_55.jpg,11,2,0.9966747760772705
data/shared_subset/Fuzzy/target/Tomato_leaf_late_blight/train_Tomato leaf late blight_100.jpg,11,8,0.9102723002433777
data/shared_subset/Fuzzy/target/Tomato_leaf_late_blight/train_Tomato leaf late blight_70.jpg,11,8,0.8602713346481323
data/shared_subset/Fuzzy/target/Tomato_leaf_late_blight/train_Tomato leaf late blight_49.jpg,11,2,0.5022492408752441
data/shared_subset/Fuzzy/target/Tomato_leaf_late_blight/train_Tomato leaf late blight_79.jpg,11,6,0.6502965688705444
data/shared_subset/Fuzzy/target/Tomato_leaf_late_blight/train_Tomato leaf late blight_11.jpg,11,8,0.8792374730110168
data/shared_subset/Fuzzy/target/Tomato_leaf_late_blight/train_Tomato leaf late blight_21.jpg,11,8,0.9702833294868469
data/shared_subset/Fuzzy/target/Tomato_leaf_late_blight/train_Tomato leaf late blight_57.jpg,11,8,0.6234760284423828
data/shared_subset/Fuzzy/target/Tomato_leaf_late_blight/train_Tomato leaf late blight_83.jpg,11,11,0.9582368731498718
data/shared_subset/Fuzzy/target/Tomato_leaf_late_blight/train_Tomato leaf late blight_1.jpg,11,8,0.9908965229988098
data/shared_subset/Fuzzy/target/Tomato_leaf_late_blight/train_Tomato leaf late blight_2.jpg,11,11,0.8281373977661133
data/shared_subset/Fuzzy/target/Tomato_leaf_late_blight/train_Tomato leaf late blight_66.jpg,11,2,0.9989940524101257
data/shared_subset/Fuzzy/target/Tomato_leaf_late_blight/train_Tomato leaf late blight_58.jpg,11,11,0.8176020979881287
data/shared_subset/Fuzzy/target/Tomato_leaf_late_blight/train_Tomato leaf late blight_47.jpg,11,0,0.7263391613960266
data/shared_subset/Fuzzy/target/Tomato_leaf_late_blight/train_Tomato leaf late blight_96.jpg,11,11,0.8554192185401917
data/shared_subset/Fuzzy/target/Tomato_leaf_late_blight/train_Tomato leaf late blight_19.jpg,11,11,0.9983538389205933
data/shared_subset/Fuzzy/target/Tomato_leaf_late_blight/train_Tomato leaf late blight_20.jpg,11,4,0.9573471546173096
data/shared_subset/Fuzzy/target/Tomato_leaf_late_blight/train_Tomato leaf late blight_50.jpg,11,8,0.9999943971633911
data/shared_subset/Fuzzy/target/Tomato_leaf_late_blight/train_Tomato leaf late blight_75.jpg,11,3,0.9343506693840027
data/shared_subset/Fuzzy/target/Tomato_leaf_late_blight/train_Tomato leaf late blight_44.jpg,11,11,0.9092314839363098
data/shared_subset/Fuzzy/target/Tomato_leaf_late_blight/train_Tomato leaf late blight_22.jpg,11,8,0.958444356918335
data/shared_subset/Fuzzy/target/Tomato_leaf_late_blight/train_Tomato leaf late blight_59.jpg,11,11,0.8577898144721985
data/shared_subset/Fuzzy/target/Tomato_leaf_late_blight/train_Tomato leaf late blight_26.jpg,11,3,0.6315588355064392
data/shared_subset/Fuzzy/target/Tomato_leaf_late_blight/train_Tomato leaf late blight_24.jpg,11,2,0.9429541826248169
data/shared_subset/Fuzzy/target/Tomato_leaf_late_blight/train_Tomato leaf late blight_94.jpg,11,11,0.9552574753761292
data/shared_subset/Fuzzy/target/Tomato_leaf_late_blight/train_Tomato leaf late blight_54.jpg,11,11,0.9998028874397278
data/shared_subset/Fuzzy/target/Tomato_leaf_late_blight/train_Tomato leaf late blight_43.jpg,11,2,0.9826352596282959
data/shared_subset/Fuzzy/target/Tomato_leaf_late_blight/train_Tomato leaf late blight_61.jpg,11,2,0.4145926833152771
data/shared_subset/Fuzzy/target/Tomato_leaf_late_blight/train_Tomato leaf late blight_63.jpg,11,8,0.7415086627006531
data/shared_subset/Fuzzy/target/Tomato_leaf_late_blight/train_Tomato leaf late blight_71.jpg,11,11,0.8245051503181458
data/shared_subset/Fuzzy/target/Tomato_leaf_late_blight/train_Tomato leaf late blight_82.jpg,11,2,0.8830254077911377
data/shared_subset/Fuzzy/target/Tomato_leaf_late_blight/train_Tomato leaf late blight_27.jpg,11,11,0.5139093995094299
data/shared_subset/Fuzzy/target/Tomato_leaf_late_blight/train_Tomato leaf late blight_32.jpg,11,11,0.7830349206924438
data/shared_subset/Fuzzy/target/Tomato_leaf_late_blight/train_Tomato leaf late blight_17.jpg,11,11,0.9571966528892517
data/shared_subset/Fuzzy/target/Tomato_leaf_late_blight/train_Tomato leaf late blight_85.jpg,11,11,0.9807478189468384
data/shared_subset/Fuzzy/target/Tomato_leaf_late_blight/train_Tomato leaf late blight_8.jpg,11,8,0.47759073972702026
data/shared_subset/Fuzzy/target/Tomato_leaf_late_blight/train_Tomato leaf late blight_39.jpg,11,5,0.7788981795310974
data/shared_subset/Fuzzy/target/Tomato_leaf_late_blight/train_Tomato leaf late blight_41.jpg,11,11,0.9994845390319824
data/shared_subset/Fuzzy/target/Tomato_leaf_late_blight/train_Tomato leaf late blight_25.jpg,11,4,0.8202672004699707
data/shared_subset/Fuzzy/target/Tomato_leaf_late_blight/train_Tomato leaf late blight_80.jpg,11,2,0.5742724537849426
data/shared_subset/Fuzzy/target/Tomato_leaf_late_blight/train_Tomato leaf late blight_4.jpg,11,3,0.3353966772556305
data/shared_subset/Fuzzy/target/Tomato_leaf_late_blight/train_Tomato leaf late blight_73.jpg,11,7,0.9390174150466919
data/shared_subset/Fuzzy/target/Tomato_leaf_late_blight/train_Tomato leaf late blight_48.jpg,11,11,0.7193120121955872
data/shared_subset/Fuzzy/target/Tomato_leaf_late_blight/train_Tomato leaf late blight_72.jpg,11,8,0.8368887305259705
data/shared_subset/Fuzzy/target/Tomato_leaf_late_blight/train_Tomato leaf late blight_98.jpg,11,8,0.67510586977005
data/shared_subset/Fuzzy/target/Tomato_leaf_late_blight/train_Tomato leaf late blight_14.jpg,11,11,0.6030880212783813
data/shared_subset/Fuzzy/target/Tomato_leaf_late_blight/train_Tomato leaf late blight_52.jpg,11,11,0.9993674159049988
data/shared_subset/Fuzzy/target/Tomato_leaf_late_blight/train_Tomato leaf late blight_15.jpg,11,11,0.9592140316963196
data/shared_subset/Fuzzy/target/Tomato_leaf_late_blight/train_Tomato leaf late blight_62.jpg,11,0,0.9981903433799744
data/shared_subset/Fuzzy/target/Tomato_leaf_late_blight/train_Tomato leaf late blight_33.jpg,11,9,0.525447428226471
data/shared_subset/Fuzzy/target/Tomato_leaf_late_blight/train_Tomato leaf late blight_69.jpg,11,11,0.9995960593223572
data/shared_subset/Fuzzy/target/Tomato_leaf_late_blight/train_Tomato leaf late blight_56.jpg,11,2,0.9994644522666931
data/shared_subset/Fuzzy/target/Tomato_leaf_late_blight/train_Tomato leaf late blight_88.jpg,11,0,0.9938178658485413
data/shared_subset/Fuzzy/target/Tomato_leaf_late_blight/train_Tomato leaf late blight_5.jpg,11,2,0.9819485545158386
data/shared_subset/Fuzzy/target/Tomato_leaf_late_blight/train_Tomato leaf late blight_40.jpg,11,8,0.5554103255271912
data/shared_subset/Fuzzy/target/Tomato_leaf_late_blight/train_Tomato leaf late blight_12.jpg,11,2,0.999270498752594
data/shared_subset/Fuzzy/target/Tomato_leaf_late_blight/train_Tomato leaf late blight_35.jpg,11,7,0.9828434586524963
data/shared_subset/Fuzzy/target/Tomato_leaf_late_blight/train_Tomato leaf late blight_45.jpg,11,6,0.4121709167957306
data/shared_subset/Fuzzy/target/Tomato_leaf_late_blight/train_Tomato leaf late blight_31.jpg,11,11,0.9981182813644409
data/shared_subset/Fuzzy/target/Tomato_leaf_late_blight/train_Tomato leaf late blight_81.jpg,11,3,0.3591341972351074
data/shared_subset/Fuzzy/target/Tomato_leaf_late_blight/train_Tomato leaf late blight_13.jpg,11,11,0.35842594504356384
data/shared_subset/Fuzzy/target/Tomato_leaf_late_blight/train_Tomato leaf late blight_18.jpg,11,11,0.8374162316322327
data/shared_subset/Fuzzy/target/Tomato_leaf_late_blight/train_Tomato leaf late blight_53.jpg,11,0,0.9486188292503357
data/shared_subset/Fuzzy/target/Tomato_leaf_late_blight/train_Tomato leaf late blight_67.jpg,11,5,0.9505689144134521
data/shared_subset/Fuzzy/target/Tomato_leaf_late_blight/train_Tomato leaf late blight_30.jpg,11,11,0.872165322303772
data/shared_subset/Fuzzy/target/Tomato_leaf_late_blight/train_Tomato leaf late blight_64.jpg,11,11,0.525719940662384
data/shared_subset/Fuzzy/target/Tomato_leaf_late_blight/train_Tomato leaf late blight_92.jpg,11,11,0.5436962842941284
data/shared_subset/Fuzzy/target/Tomato_leaf_late_blight/train_Tomato leaf late blight_7.jpg,11,7,0.8179907202720642
data/shared_subset/Fuzzy/target/Tomato_leaf_late_blight/train_Tomato leaf late blight_93.jpg,11,8,0.8546879291534424
data/shared_subset/Fuzzy/target/Tomato_leaf_late_blight/train_Tomato leaf late blight_37.jpg,11,8,0.8597980737686157
data/shared_subset/Fuzzy/target/Tomato_leaf_mosaic_virus/train_Tomato leaf mosaic virus_35.jpg,12,14,0.9971381425857544
data/shared_subset/Fuzzy/target/Tomato_leaf_mosaic_virus/train_Tomato leaf mosaic virus_2.jpg,12,8,0.9992382526397705
data/shared_subset/Fuzzy/target/Tomato_leaf_mosaic_virus/train_Tomato leaf mosaic virus_40.jpg,12,7,0.8589040040969849
data/shared_subset/Fuzzy/target/Tomato_leaf_mosaic_virus/train_Tomato leaf mosaic virus_28.jpg,12,2,0.8007155656814575
data/shared_subset/Fuzzy/target/Tomato_leaf_mosaic_virus/train_Tomato leaf mosaic virus_15.jpg,12,15,0.9427105188369751
data/shared_subset/Fuzzy/target/Tomato_leaf_mosaic_virus/train_Tomato leaf mosaic virus_8.jpg,12,3,0.5690019130706787
data/shared_subset/Fuzzy/target/Tomato_leaf_mosaic_virus/train_Tomato leaf mosaic virus_1.jpg,12,13,0.665186882019043
data/shared_subset/Fuzzy/target/Tomato_leaf_mosaic_virus/train_Tomato leaf mosaic virus_19.jpg,12,8,0.943129301071167
data/shared_subset/Fuzzy/target/Tomato_leaf_mosaic_virus/train_Tomato leaf mosaic virus_20.jpg,12,13,0.9988658428192139
data/shared_subset/Fuzzy/target/Tomato_leaf_mosaic_virus/train_Tomato leaf mosaic virus_41.jpg,12,7,0.9938581585884094
data/shared_subset/Fuzzy/target/Tomato_leaf_mosaic_virus/train_Tomato leaf mosaic virus_34.jpg,12,2,0.9957578778266907
data/shared_subset/Fuzzy/target/Tomato_leaf_mosaic_virus/train_Tomato leaf mosaic virus_27.jpg,12,8,0.599273145198822
data/shared_subset/Fuzzy/target/Tomato_leaf_mosaic_virus/train_Tomato leaf mosaic virus_9.jpg,12,2,0.9596965909004211
data/shared_subset/Fuzzy/target/Tomato_leaf_mosaic_virus/train_Tomato leaf mosaic virus_36.jpg,12,8,0.9833592176437378
data/shared_subset/Fuzzy/target/Tomato_leaf_mosaic_virus/train_Tomato leaf mosaic virus_39.jpg,12,8,0.8501549363136292
data/shared_subset/Fuzzy/target/Tomato_leaf_mosaic_virus/train_Tomato leaf mosaic virus_30.jpg,12,13,0.8550124168395996
data/shared_subset/Fuzzy/target/Tomato_leaf_mosaic_virus/train_Tomato leaf mosaic virus_44.jpg,12,5,0.7475828528404236
data/shared_subset/Fuzzy/target/Tomato_leaf_mosaic_virus/train_Tomato leaf mosaic virus_10.jpg,12,8,0.7011217474937439
data/shared_subset/Fuzzy/target/Tomato_leaf_mosaic_virus/train_Tomato leaf mosaic virus_12.jpg,12,2,0.3117261528968811
data/shared_subset/Fuzzy/target/Tomato_leaf_mosaic_virus/train_Tomato leaf mosaic virus_25.jpg,12,5,0.7974117994308472
data/shared_subset/Fuzzy/target/Tomato_leaf_mosaic_virus/train_Tomato leaf mosaic virus_16.jpg,12,7,0.7101531624794006
data/shared_subset/Fuzzy/target/Tomato_leaf_mosaic_virus/train_Tomato leaf mosaic virus_29.jpg,12,11,0.8223782777786255
data/shared_subset/Fuzzy/target/Tomato_leaf_mosaic_virus/train_Tomato leaf mosaic virus_43.jpg,12,14,0.5739303827285767
data/shared_subset/Fuzzy/target/Tomato_leaf_mosaic_virus/train_Tomato leaf mosaic virus_7.jpg,12,8,0.9955354928970337
data/shared_subset/Fuzzy/target/Tomato_leaf_mosaic_virus/train_Tomato leaf mosaic virus_26.jpg,12,5,0.6722561717033386
data/shared_subset/Fuzzy/target/Tomato_leaf_mosaic_virus/train_Tomato leaf mosaic virus_11.jpg,12,8,0.38667020201683044
data/shared_subset/Fuzzy/target/Tomato_leaf_mosaic_virus/train_Tomato leaf mosaic virus_18.jpg,12,8,0.4863540828227997
data/shared_subset/Fuzzy/target/Tomato_leaf_mosaic_virus/train_Tomato leaf mosaic virus_37.jpg,12,2,0.8689473271369934
data/shared_subset/Fuzzy/target/Tomato_leaf_mosaic_virus/train_Tomato leaf mosaic virus_33.jpg,12,8,0.9988635778427124
data/shared_subset/Fuzzy/target/Tomato_leaf_mosaic_virus/train_Tomato leaf mosaic virus_6.jpg,12,7,0.9142453670501709
data/shared_subset/Fuzzy/target/Tomato_leaf_mosaic_virus/train_Tomato leaf mosaic virus_32.jpg,12,11,0.9986169338226318
data/shared_subset/Fuzzy/target/Tomato_leaf_mosaic_virus/train_Tomato leaf mosaic virus_5.jpg,12,11,0.9903392195701599
data/shared_subset/Fuzzy/target/Tomato_leaf_mosaic_virus/train_Tomato leaf mosaic virus_4.jpg,12,7,0.9679848551750183
data/shared_subset/Fuzzy/target/Tomato_leaf_mosaic_virus/train_Tomato leaf mosaic virus_17.jpg,12,2,0.9351383447647095
data/shared_subset/Fuzzy/target/Tomato_leaf_mosaic_virus/train_Tomato leaf mosaic virus_21.jpg,12,7,0.4474429786205292
data/shared_subset/Fuzzy/target/Tomato_leaf_mosaic_virus/train_Tomato leaf mosaic virus_22.jpg,12,8,0.9746160507202148
data/shared_subset/Fuzzy/target/Tomato_leaf_mosaic_virus/train_Tomato leaf mosaic virus_38.jpg,12,8,0.5797860622406006
data/shared_subset/Fuzzy/target/Tomato_leaf_mosaic_virus/train_Tomato leaf mosaic virus_23.jpg,12,2,0.99847012758255
data/shared_subset/Fuzzy/target/Tomato_leaf_mosaic_virus/train_Tomato leaf mosaic virus_42.jpg,12,13,0.5915029048919678
data/shared_subset/Fuzzy/target/Tomato_leaf_mosaic_virus/train_Tomato leaf mosaic virus_3.jpg,12,8,0.5240493416786194
data/shared_subset/Fuzzy/target/Tomato_leaf_mosaic_virus/train_Tomato leaf mosaic virus_31.jpg,12,7,0.8577927947044373
data/shared_subset/Fuzzy/target/Tomato_leaf_mosaic_virus/train_Tomato leaf mosaic virus_13.jpg,12,8,0.8600592017173767
data/shared_subset/Fuzzy/target/Tomato_leaf_mosaic_virus/train_Tomato leaf mosaic virus_24.jpg,12,11,0.5635620951652527
data/shared_subset/Fuzzy/target/Tomato_leaf_mosaic_virus/train_Tomato leaf mosaic virus_14.jpg,12,2,0.9993888139724731
data/shared_subset/Fuzzy/target/Tomato_leaf_yellow_virus/train_Tomato leaf yellow virus_41_2.jpg,13,13,0.9969629645347595
data/shared_subset/Fuzzy/target/Tomato_leaf_yellow_virus/train_Tomato leaf yellow virus_52.jpg,13,15,0.6303682327270508
data/shared_subset/Fuzzy/target/Tomato_leaf_yellow_virus/train_Tomato leaf yellow virus_19_4.jpg,13,13,0.6466989517211914
data/shared_subset/Fuzzy/target/Tomato_leaf_yellow_virus/train_Tomato leaf yellow virus_68_1.jpg,13,2,0.8707627654075623
data/shared_subset/Fuzzy/target/Tomato_leaf_yellow_virus/train_Tomato leaf yellow virus_35_3.jpg,13,7,0.7042497396469116
data/shared_subset/Fuzzy/target/Tomato_leaf_yellow_virus/train_Tomato leaf yellow virus_24_5.jpg,13,11,0.6091210842132568
data/shared_subset/Fuzzy/target/Tomato_leaf_yellow_virus/train_Tomato leaf yellow virus_13_3.jpg,13,2,0.9430583715438843
data/shared_subset/Fuzzy/target/Tomato_leaf_yellow_virus/train_Tomato leaf yellow virus_23_3.jpg,13,8,0.689740002155304
data/shared_subset/Fuzzy/target/Tomato_leaf_yellow_virus/train_Tomato leaf yellow virus_30_2.jpg,13,8,0.4361838698387146
data/shared_subset/Fuzzy/target/Tomato_leaf_yellow_virus/train_Tomato leaf yellow virus_11_2.jpg,13,7,0.95365309715271
data/shared_subset/Fuzzy/target/Tomato_leaf_yellow_virus/train_Tomato leaf yellow virus_46_9.jpg,13,11,0.4323561191558838
data/shared_subset/Fuzzy/target/Tomato_leaf_yellow_virus/train_Tomato leaf yellow virus_33.jpg,13,8,0.6725865602493286
data/shared_subset/Fuzzy/target/Tomato_leaf_yellow_virus/train_Tomato leaf yellow virus_59_1.jpg,13,7,0.7629793882369995
data/shared_subset/Fuzzy/target/Tomato_leaf_yellow_virus/train_Tomato leaf yellow virus_7.jpg,13,2,0.3394479751586914
data/shared_subset/Fuzzy/target/Tomato_leaf_yellow_virus/train_Tomato leaf yellow virus_65_2.jpg,13,0,0.8061224818229675
data/shared_subset/Fuzzy/target/Tomato_leaf_yellow_virus/train_Tomato leaf yellow virus_8_34.jpg,13,3,0.6509405374526978
data/shared_subset/Fuzzy/target/Tomato_leaf_yellow_virus/train_Tomato leaf yellow virus_69_6.jpg,13,2,0.4616701602935791
data/shared_subset/Fuzzy/target/Tomato_leaf_yellow_virus/train_Tomato leaf yellow virus_13_2.jpg,13,2,0.8556976914405823
data/shared_subset/Fuzzy/target/Tomato_leaf_yellow_virus/train_Tomato leaf yellow virus_3_10.jpg,13,8,0.3791899085044861
data/shared_subset/Fuzzy/target/Tomato_leaf_yellow_virus/train_Tomato leaf yellow virus_12_6.jpg,13,2,0.9641384482383728
data/shared_subset/Fuzzy/target/Tomato_leaf_yellow_virus/train_Tomato leaf yellow virus_48_6.jpg,13,8,0.9616690278053284
data/shared_subset/Fuzzy/target/Tomato_leaf_yellow_virus/train_Tomato leaf yellow virus_66_6.jpg,13,2,0.9871396422386169
data/shared_subset/Fuzzy/target/Tomato_leaf_yellow_virus/train_Tomato leaf yellow virus_8_1.jpg,13,13,0.4951547086238861
data/shared_subset/Fuzzy/target/Tomato_leaf_yellow_virus/train_Tomato leaf yellow virus_24_1.jpg,13,8,0.37730872631073
data/shared_subset/Fuzzy/target/Tomato_leaf_yellow_virus/train_Tomato leaf yellow virus_51_3.jpg,13,2,0.7932043075561523
data/shared_subset/Fuzzy/target/Tomato_leaf_yellow_virus/train_Tomato leaf yellow virus_42.jpg,13,15,0.6238089203834534
data/shared_subset/Fuzzy/target/Tomato_leaf_yellow_virus/train_Tomato leaf yellow virus_8_6.jpg,13,13,0.5202589631080627
data/shared_subset/Fuzzy/target/Tomato_leaf_yellow_virus/train_Tomato leaf yellow virus_11_6.jpg,13,7,0.6647050976753235
data/shared_subset/Fuzzy/target/Tomato_leaf_yellow_virus/train_Tomato leaf yellow virus_1_2.jpg,13,13,0.9729442000389099
data/shared_subset/Fuzzy/target/Tomato_leaf_yellow_virus/train_Tomato leaf yellow virus_19_1.jpg,13,5,0.8232908248901367
data/shared_subset/Fuzzy/target/Tomato_leaf_yellow_virus/train_Tomato leaf yellow virus_62.jpg,13,7,0.46831029653549194
data/shared_subset/Fuzzy/target/Tomato_leaf_yellow_virus/train_Tomato leaf yellow virus_66_1.jpg,13,7,0.9976454377174377
data/shared_subset/Fuzzy/target/Tomato_leaf_yellow_virus/train_Tomato leaf yellow virus_8_15.jpg,13,13,0.9996381998062134
data/shared_subset/Fuzzy/target/Tomato_leaf_yellow_virus/train_Tomato leaf yellow virus_65_3.jpg,13,13,0.9374499917030334
data/shared_subset/Fuzzy/target/Tomato_leaf_yellow_virus/train_Tomato leaf yellow virus_46_10.jpg,13,11,0.879022479057312
data/shared_subset/Fuzzy/target/Tomato_leaf_yellow_virus/train_Tomato leaf yellow virus_27_2.jpg,13,11,0.8464757800102234
data/shared_subset/Fuzzy/target/Tomato_leaf_yellow_virus/train_Tomato leaf yellow virus_69_7.jpg,13,3,0.6334591507911682
data/shared_subset/Fuzzy/target/Tomato_leaf_yellow_virus/train_Tomato leaf yellow virus_28.jpg,13,7,0.9993708729743958
data/shared_subset/Fuzzy/target/Tomato_leaf_yellow_virus/train_Tomato leaf yellow virus_39_1.jpg,13,8,0.554966390132904
data/shared_subset/Fuzzy/target/Tomato_leaf_yellow_virus/train_Tomato leaf yellow virus_41_3.jpg,13,7,0.8353631496429443
data/shared_subset/Fuzzy/target/Tomato_leaf_yellow_virus/train_Tomato leaf yellow virus_8_35.jpg,13,8,0.8726083040237427
data/shared_subset/Fuzzy/target/Tomato_leaf_yellow_virus/train_Tomato leaf yellow virus_8_27.jpg,13,13,0.9215383529663086
data/shared_subset/Fuzzy/target/Tomato_leaf_yellow_virus/train_Tomato leaf yellow virus_69_1.jpg,13,2,0.5408705472946167
data/shared_subset/Fuzzy/target/Tomato_leaf_yellow_virus/train_Tomato leaf yellow virus_40_4.jpg,13,2,0.4390183985233307
data/shared_subset/Fuzzy/target/Tomato_leaf_yellow_virus/train_Tomato leaf yellow virus_3_3.jpg,13,8,0.9980459213256836
data/shared_subset/Fuzzy/target/Tomato_leaf_yellow_virus/train_Tomato leaf yellow virus_34.jpg,13,2,0.606208860874176
data/shared_subset/Fuzzy/target/Tomato_leaf_yellow_virus/train_Tomato leaf yellow virus_8_13.jpg,13,13,0.9293992519378662
data/shared_subset/Fuzzy/target/Tomato_leaf_yellow_virus/train_Tomato leaf yellow virus_35_1.jpg,13,7,0.9986949563026428
data/shared_subset/Fuzzy/target/Tomato_leaf_yellow_virus/train_Tomato leaf yellow virus_8_31.jpg,13,13,0.42534881830215454
data/shared_subset/Fuzzy/target/Tomato_leaf_yellow_virus/train_Tomato leaf yellow virus_3_7.jpg,13,8,0.7643702030181885
data/shared_subset/Fuzzy/target/Tomato_leaf_yellow_virus/train_Tomato leaf yellow virus_8_8.jpg,13,13,0.9995823502540588
data/shared_subset/Fuzzy/target/Tomato_leaf_yellow_virus/train_Tomato leaf yellow virus_48_1.jpg,13,2,0.7992116212844849
data/shared_subset/Fuzzy/target/Tomato_leaf_yellow_virus/train_Tomato leaf yellow virus_3_4.jpg,13,8,0.8953431844711304
data/shared_subset/Fuzzy/target/Tomato_leaf_yellow_virus/train_Tomato leaf yellow virus_8_28.jpg,13,13,0.9996719360351562
data/shared_subset/Fuzzy/target/Tomato_leaf_yellow_virus/train_Tomato leaf yellow virus_57_2.jpg,13,7,0.7581444978713989
data/shared_subset/Fuzzy/target/Tomato_leaf_yellow_virus/train_Tomato leaf yellow virus_12_7.jpg,13,7,0.9958782196044922
data/shared_subset/Fuzzy/target/Tomato_leaf_yellow_virus/train_Tomato leaf yellow virus_47.jpg,13,5,0.6268108487129211
data/shared_subset/Fuzzy/target/Tomato_leaf_yellow_virus/train_Tomato leaf yellow virus_14.jpg,13,2,0.9661098122596741
data/shared_subset/Fuzzy/target/Tomato_leaf_yellow_virus/train_Tomato leaf yellow virus_8_36.jpg,13,0,0.5957024693489075
data/shared_subset/Fuzzy/target/Tomato_leaf_yellow_virus/train_Tomato leaf yellow virus_8_19.jpg,13,13,0.5394563674926758
data/shared_subset/Fuzzy/target/Tomato_leaf_yellow_virus/train_Tomato leaf yellow virus_60.jpg,13,2,0.9339860677719116
data/shared_subset/Fuzzy/target/Tomato_leaf_yellow_virus/train_Tomato leaf yellow virus_39_2.jpg,13,5,0.616202712059021
data/shared_subset/Fuzzy/target/Tomato_leaf_yellow_virus/train_Tomato leaf yellow virus_17_1.jpg,13,11,0.6383941173553467
data/shared_subset/Fuzzy/target/Tomato_leaf_yellow_virus/train_Tomato leaf yellow virus_58_1.jpg,13,13,0.7003693580627441
data/shared_subset/Fuzzy/target/Tomato_leaf_yellow_virus/train_Tomato leaf yellow virus_8_33.jpg,13,3,0.9782289862632751
data/shared_subset/Fuzzy/target/Tomato_leaf_yellow_virus/train_Tomato leaf yellow virus_38_3.jpg,13,2,0.5600151419639587
data/shared_subset/Fuzzy/target/Tomato_leaf_yellow_virus/train_Tomato leaf yellow virus_12_2.jpg,13,2,0.9954713582992554
data/shared_subset/Fuzzy/target/Tomato_leaf_yellow_virus/train_Tomato leaf yellow virus_41_1.jpg,13,13,0.9997766613960266
data/shared_subset/Fuzzy/target/Tomato_leaf_yellow_virus/train_Tomato leaf yellow virus_67.jpg,13,15,0.4143342077732086
data/shared_subset/Fuzzy/target/Tomato_leaf_yellow_virus/train_Tomato leaf yellow virus_2.jpg,13,7,0.8687883615493774
data/shared_subset/Fuzzy/target/Tomato_leaf_yellow_virus/train_Tomato leaf yellow virus_19_2.jpg,13,13,0.7001709938049316
data/shared_subset/Fuzzy/target/Tomato_leaf_yellow_virus/train_Tomato leaf yellow virus_46_6.jpg,13,11,0.6095776557922363
data/shared_subset/Fuzzy/target/Tomato_leaf_yellow_virus/train_Tomato leaf yellow virus_27_4.jpg,13,8,0.6503155827522278
data/shared_subset/Fuzzy/target/Tomato_leaf_yellow_virus/train_Tomato leaf yellow virus_66_2.jpg,13,7,0.9903676509857178
data/shared_subset/Fuzzy/target/Tomato_leaf_yellow_virus/train_Tomato leaf yellow virus_66_5.jpg,13,2,0.9440255165100098
data/shared_subset/Fuzzy/target/Tomato_leaf_yellow_virus/train_Tomato leaf yellow virus_3_1.jpg,13,7,0.6203813552856445
data/shared_subset/Fuzzy/target/Tomato_leaf_yellow_virus/train_Tomato leaf yellow virus_8_23.jpg,13,0,0.9394514560699463
data/shared_subset/Fuzzy/target/Tomato_leaf_yellow_virus/train_Tomato leaf yellow virus_48_4.jpg,13,8,0.5008161067962646
data/shared_subset/Fuzzy/target/Tomato_leaf_yellow_virus/train_Tomato leaf yellow virus_65_1.jpg,13,0,0.9817740321159363
data/shared_subset/Fuzzy/target/Tomato_leaf_yellow_virus/train_Tomato leaf yellow virus_1_5.jpg,13,13,0.999383807182312
data/shared_subset/Fuzzy/target/Tomato_leaf_yellow_virus/train_Tomato leaf yellow virus_27_1.jpg,13,8,0.46782806515693665
data/shared_subset/Fuzzy/target/Tomato_leaf_yellow_virus/train_Tomato leaf yellow virus_46_4.jpg,13,8,0.9535037875175476
data/shared_subset/Fuzzy/target/Tomato_leaf_yellow_virus/train_Tomato leaf yellow virus_8_24.jpg,13,13,0.9983260035514832
data/shared_subset/Fuzzy/target/Tomato_leaf_yellow_virus/train_Tomato leaf yellow virus_21_1.jpg,13,13,0.9715259671211243
data/shared_subset/Fuzzy/target/Tomato_leaf_yellow_virus/train_Tomato leaf yellow virus_35_6.jpg,13,7,0.7117146849632263
data/shared_subset/Fuzzy/target/Tomato_leaf_yellow_virus/train_Tomato leaf yellow virus_25_2.jpg,13,8,0.9950271248817444
data/shared_subset/Fuzzy/target/Tomato_leaf_yellow_virus/train_Tomato leaf yellow virus_38_2.jpg,13,8,0.7487890124320984
data/shared_subset/Fuzzy/target/Tomato_leaf_yellow_virus/train_Tomato leaf yellow virus_69_4.jpg,13,2,0.5354909300804138
data/shared_subset/Fuzzy/target/Tomato_leaf_yellow_virus/train_Tomato leaf yellow virus_19_5.jpg,13,13,0.9877508282661438
data/shared_subset/Fuzzy/target/Tomato_leaf_yellow_virus/train_Tomato leaf yellow virus_46_7.jpg,13,8,0.9999228715896606
data/shared_subset/Fuzzy/target/Tomato_leaf_yellow_virus/train_Tomato leaf yellow virus_31.jpg,13,5,0.45030415058135986
data/shared_subset/Fuzzy/target/Tomato_leaf_yellow_virus/train_Tomato leaf yellow virus_32.jpg,13,7,0.4596090018749237
data/shared_subset/Fuzzy/target/Tomato_leaf_yellow_virus/train_Tomato leaf yellow virus_57_1.jpg,13,8,0.9552255272865295
data/shared_subset/Fuzzy/target/Tomato_leaf_yellow_virus/train_Tomato leaf yellow virus_1_3.jpg,13,13,0.8973719477653503
data/shared_subset/Fuzzy/target/Tomato_leaf_yellow_virus/train_Tomato leaf yellow virus_40_3.jpg,13,2,0.5252371430397034
data/shared_subset/Fuzzy/target/Tomato_leaf_yellow_virus/train_Tomato leaf yellow virus_21_4.jpg,13,2,0.3632667660713196
data/shared_subset/Fuzzy/target/Tomato_leaf_yellow_virus/train_Tomato leaf yellow virus_23_4.jpg,13,8,0.9996455907821655
data/shared_subset/Fuzzy/target/Tomato_leaf_yellow_virus/train_Tomato leaf yellow virus_61.jpg,13,7,0.9701748490333557
data/shared_subset/Fuzzy/target/Tomato_leaf_yellow_virus/train_Tomato leaf yellow virus_3_8.jpg,13,7,0.993261992931366
data/shared_subset/Fuzzy/target/Tomato_leaf_yellow_virus/train_Tomato leaf yellow virus_48_3.jpg,13,8,0.5592345595359802
data/shared_subset/Fuzzy/target/Tomato_leaf_yellow_virus/train_Tomato leaf yellow virus_48_5.jpg,13,8,0.8376160264015198
data/shared_subset/Fuzzy/target/Tomato_leaf_yellow_virus/train_Tomato leaf yellow virus_35_5.jpg,13,5,0.9884963035583496
data/shared_subset/Fuzzy/target/Tomato_leaf_yellow_virus/train_Tomato leaf yellow virus_55_2.jpg,13,8,0.5131751894950867
data/shared_subset/Fuzzy/target/Tomato_leaf_yellow_virus/train_Tomato leaf yellow virus_22.jpg,13,13,0.6616042852401733
data/shared_subset/Fuzzy/target/Tomato_leaf_yellow_virus/train_Tomato leaf yellow virus_40_1.jpg,13,2,0.6444600820541382
data/shared_subset/Fuzzy/target/Tomato_leaf_yellow_virus/train_Tomato leaf yellow virus_5_2.jpg,13,7,0.9318251013755798
data/shared_subset/Fuzzy/target/Tomato_leaf_yellow_virus/train_Tomato leaf yellow virus_27_3.jpg,13,13,0.8993009328842163
data/shared_subset/Fuzzy/target/Tomato_leaf_yellow_virus/train_Tomato leaf yellow virus_17_2.jpg,13,8,0.8349472284317017
data/shared_subset/Fuzzy/target/Tomato_leaf_yellow_virus/train_Tomato leaf yellow virus_66_3.jpg,13,5,0.6464982032775879
data/shared_subset/Fuzzy/target/Tomato_leaf_yellow_virus/train_Tomato leaf yellow virus_8_3.jpg,13,8,0.9736929535865784
data/shared_subset/Fuzzy/target/Tomato_leaf_yellow_virus/train_Tomato leaf yellow virus_8_29.jpg,13,13,0.9674273729324341
data/shared_subset/Fuzzy/target/Tomato_leaf_yellow_virus/train_Tomato leaf yellow virus_8_7.jpg,13,13,0.9999939203262329
data/shared_subset/Fuzzy/target/Tomato_leaf_yellow_virus/train_Tomato leaf yellow virus_59_2.jpg,13,7,0.5221814513206482
data/shared_subset/Fuzzy/target/Tomato_leaf_yellow_virus/train_Tomato leaf yellow virus_24_4.jpg,13,7,0.37854838371276855
data/shared_subset/Fuzzy/target/Tomato_leaf_yellow_virus/train_Tomato leaf yellow virus_12_4.jpg,13,2,0.7238942384719849
data/shared_subset/Fuzzy/target/Tomato_leaf_yellow_virus/train_Tomato leaf yellow virus_21_3.jpg,13,11,0.481863409280777
data/shared_subset/Fuzzy/target/Tomato_leaf_yellow_virus/train_Tomato leaf yellow virus_65_4.jpg,13,13,0.9789389371871948
data/shared_subset/Fuzzy/target/Tomato_leaf_yellow_virus/train_Tomato leaf yellow virus_41_4.jpg,13,7,0.9758394956588745
data/shared_subset/Fuzzy/target/Tomato_leaf_yellow_virus/train_Tomato leaf yellow virus_8_14.jpg,13,0,0.720422625541687
data/shared_subset/Fuzzy/target/Tomato_leaf_yellow_virus/train_Tomato leaf yellow virus_8_16.jpg,13,8,0.4095921218395233
data/shared_subset/Fuzzy/target/Tomato_leaf_yellow_virus/train_Tomato leaf yellow virus_1_4.jpg,13,13,0.7278856039047241
data/shared_subset/Fuzzy/target/Tomato_leaf_yellow_virus/train_Tomato leaf yellow virus_8_20.jpg,13,13,0.5097488164901733
data/shared_subset/Fuzzy/target/Tomato_leaf_yellow_virus/train_Tomato leaf yellow virus_39_4.jpg,13,8,0.6894245147705078
data/shared_subset/Fuzzy/target/Tomato_leaf_yellow_virus/train_Tomato leaf yellow virus_8_2.jpg,13,13,0.9991129040718079
data/shared_subset/Fuzzy/target/Tomato_leaf_yellow_virus/train_Tomato leaf yellow virus_38_1.jpg,13,13,0.41986092925071716
data/shared_subset/Fuzzy/target/Tomato_leaf_yellow_virus/train_Tomato leaf yellow virus_13_1.jpg,13,2,0.7674236297607422
data/shared_subset/Fuzzy/target/Tomato_leaf_yellow_virus/train_Tomato leaf yellow virus_56.jpg,13,2,0.9969950914382935
data/shared_subset/Fuzzy/target/Tomato_leaf_yellow_virus/train_Tomato leaf yellow virus_51_2.jpg,13,11,0.9971137046813965
data/shared_subset/Fuzzy/target/Tomato_leaf_yellow_virus/train_Tomato leaf yellow virus_46_3.jpg,13,11,0.5928347110748291
data/shared_subset/Fuzzy/target/Tomato_leaf_yellow_virus/train_Tomato leaf yellow virus_6_3.jpg,13,2,0.9858835339546204
data/shared_subset/Fuzzy/target/Tomato_leaf_yellow_virus/train_Tomato leaf yellow virus_23_1.jpg,13,8,0.9970778226852417
data/shared_subset/Fuzzy/target/Tomato_leaf_yellow_virus/train_Tomato leaf yellow virus_58_3.jpg,13,13,0.871876060962677
data/shared_subset/Fuzzy/target/Tomato_leaf_yellow_virus/train_Tomato leaf yellow virus_30_1.jpg,13,7,0.6446617841720581
data/shared_subset/Fuzzy/target/Tomato_leaf_yellow_virus/train_Tomato leaf yellow virus_11_4.jpg,13,7,0.9829918742179871
data/shared_subset/Fuzzy/target/Tomato_leaf_yellow_virus/train_Tomato leaf yellow virus_8_4.jpg,13,8,0.6005374193191528
data/shared_subset/Fuzzy/target/Tomato_leaf_yellow_virus/train_Tomato leaf yellow virus_10.jpg,13,13,0.7828967571258545
data/shared_subset/Fuzzy/target/Tomato_leaf_yellow_virus/train_Tomato leaf yellow virus_11_7.jpg,13,7,0.8813781142234802
data/shared_subset/Fuzzy/target/Tomato_leaf_yellow_virus/train_Tomato leaf yellow virus_11_1.jpg,13,7,0.859072208404541
data/shared_subset/Fuzzy/target/Tomato_leaf_yellow_virus/train_Tomato leaf yellow virus_5.jpg,13,7,0.7487528920173645
data/shared_subset/Fuzzy/target/Tomato_leaf_yellow_virus/train_Tomato leaf yellow virus_3_6.jpg,13,7,0.8204179406166077
data/shared_subset/Fuzzy/target/Tomato_leaf_yellow_virus/train_Tomato leaf yellow virus_26.jpg,13,8,0.9467500448226929
data/shared_subset/Fuzzy/target/Tomato_leaf_yellow_virus/train_Tomato leaf yellow virus_25_1.jpg,13,7,0.9311330318450928
data/shared_subset/Fuzzy/target/Tomato_leaf_yellow_virus/train_Tomato leaf yellow virus_36.jpg,13,8,0.9996203184127808
data/shared_subset/Fuzzy/target/Tomato_leaf_yellow_virus/train_Tomato leaf yellow virus_63_2.jpg,13,7,0.999779999256134
data/shared_subset/Fuzzy/target/Tomato_leaf_yellow_virus/train_Tomato leaf yellow virus_11_10.jpg,13,7,0.43608996272087097
data/shared_subset/Fuzzy/target/Tomato_leaf_yellow_virus/train_Tomato leaf yellow virus_6_2.jpg,13,8,0.5844641923904419
data/shared_subset/Fuzzy/target/Tomato_leaf_yellow_virus/train_Tomato leaf yellow virus_66_7.jpg,13,2,0.9661307334899902
data/shared_subset/Fuzzy/target/Tomato_leaf_yellow_virus/train_Tomato leaf yellow virus_1_1.jpg,13,8,0.9129765033721924
data/shared_subset/Fuzzy/target/Tomato_leaf_yellow_virus/train_Tomato leaf yellow virus_11_9.jpg,13,11,0.423044890165329
data/shared_subset/Fuzzy/target/Tomato_leaf_yellow_virus/train_Tomato leaf yellow virus_46_5.jpg,13,8,0.9999463558197021
data/shared_subset/Fuzzy/target/Tomato_leaf_yellow_virus/train_Tomato leaf yellow virus_8_21.jpg,13,13,0.9898083806037903
data/shared_subset/Fuzzy/target/Tomato_leaf_yellow_virus/train_Tomato leaf yellow virus_40_2.jpg,13,13,0.5687843561172485
data/shared_subset/Fuzzy/target/Tomato_leaf_yellow_virus/train_Tomato leaf yellow virus_3_9.jpg,13,7,0.8717333674430847
data/shared_subset/Fuzzy/target/Tomato_leaf_yellow_virus/train_Tomato leaf yellow virus_45.jpg,13,7,0.9975733160972595
data/shared_subset/Fuzzy/target/Tomato_leaf_yellow_virus/train_Tomato leaf yellow virus_23_2.jpg,13,8,0.9707623720169067
data/shared_subset/Fuzzy/target/Tomato_leaf_yellow_virus/train_Tomato leaf yellow virus_58_2.jpg,13,11,0.9494322538375854
data/shared_subset/Fuzzy/target/Tomato_leaf_yellow_virus/train_Tomato leaf yellow virus_21_2.jpg,13,3,0.3622058033943176
data/shared_subset/Fuzzy/target/Tomato_leaf_yellow_virus/train_Tomato leaf yellow virus_48_8.jpg,13,8,0.7545197010040283
data/shared_subset/Fuzzy/target/Tomato_leaf_yellow_virus/train_Tomato leaf yellow virus_8_18.jpg,13,13,0.9783192276954651
data/shared_subset/Fuzzy/target/Tomato_leaf_yellow_virus/train_Tomato leaf yellow virus_51_1.jpg,13,2,0.7219030857086182
data/shared_subset/Fuzzy/target/Tomato_leaf_yellow_virus/train_Tomato leaf yellow virus_54.jpg,13,7,0.9946355223655701
data/shared_subset/Fuzzy/target/Tomato_leaf_yellow_virus/train_Tomato leaf yellow virus_68_2.jpg,13,2,0.9566752910614014
data/shared_subset/Fuzzy/target/Tomato_leaf_yellow_virus/train_Tomato leaf yellow virus_35_4.jpg,13,7,0.9924577474594116
data/shared_subset/Fuzzy/target/Tomato_leaf_yellow_virus/train_Tomato leaf yellow virus_46_2.jpg,13,11,0.9990606904029846
data/shared_subset/Fuzzy/target/Tomato_leaf_yellow_virus/train_Tomato leaf yellow virus_8_11.jpg,13,13,0.9999008178710938
data/shared_subset/Fuzzy/target/Tomato_leaf_yellow_virus/train_Tomato leaf yellow virus_3_5.jpg,13,7,0.610816240310669
data/shared_subset/Fuzzy/target/Tomato_leaf_yellow_virus/train_Tomato leaf yellow virus_35_2.jpg,13,2,0.8638461828231812
data/shared_subset/Fuzzy/target/Tomato_leaf_yellow_virus/train_Tomato leaf yellow virus_6_1.jpg,13,2,0.8614199161529541
data/shared_subset/Fuzzy/target/Tomato_leaf_yellow_virus/train_Tomato leaf yellow virus_8_10.jpg,13,13,0.9915838241577148
data/shared_subset/Fuzzy/target/Tomato_leaf_yellow_virus/train_Tomato leaf yellow virus_20.jpg,13,8,0.9999998807907104
data/shared_subset/Fuzzy/target/Tomato_leaf_yellow_virus/train_Tomato leaf yellow virus_35_8.jpg,13,7,0.6592718958854675
data/shared_subset/Fuzzy/target/Tomato_leaf_yellow_virus/train_Tomato leaf yellow virus_8_26.jpg,13,13,0.9982288479804993
data/shared_subset/Fuzzy/target/Tomato_leaf_yellow_virus/train_Tomato leaf yellow virus_69_5.jpg,13,8,0.9926089644432068
data/shared_subset/Fuzzy/target/Tomato_leaf_yellow_virus/train_Tomato leaf yellow virus_5_1.jpg,13,7,0.9918779134750366
data/shared_subset/Fuzzy/target/Tomato_leaf_yellow_virus/train_Tomato leaf yellow virus_69_3.jpg,13,3,0.6751510500907898
data/shared_subset/Fuzzy/target/Tomato_leaf_yellow_virus/train_Tomato leaf yellow virus_8_32.jpg,13,13,0.6320738792419434
data/shared_subset/Fuzzy/target/Tomato_leaf_yellow_virus/train_Tomato leaf yellow virus_11_3.jpg,13,7,0.9417871236801147
data/shared_subset/Fuzzy/target/Tomato_leaf_yellow_virus/train_Tomato leaf yellow virus_48_2.jpg,13,2,0.9720565676689148
data/shared_subset/Fuzzy/target/Tomato_leaf_yellow_virus/train_Tomato leaf yellow virus_12_1.jpg,13,7,0.8952343463897705
data/shared_subset/Fuzzy/target/Tomato_leaf_yellow_virus/train_Tomato leaf yellow virus_63_1.jpg,13,7,0.8744319677352905
data/shared_subset/Fuzzy/target/Tomato_leaf_yellow_virus/train_Tomato leaf yellow virus_8_22.jpg,13,13,0.5905819535255432
data/shared_subset/Fuzzy/target/Tomato_leaf_yellow_virus/train_Tomato leaf yellow virus_66_4.jpg,13,7,0.8446796536445618
data/shared_subset/Fuzzy/target/Tomato_leaf_yellow_virus/train_Tomato leaf yellow virus_46_1.jpg,13,8,0.5285875201225281
data/shared_subset/Fuzzy/target/Tomato_leaf_yellow_virus/train_Tomato leaf yellow virus_35_7.jpg,13,8,0.9009307622909546
data/shared_subset/Fuzzy/target/Tomato_leaf_yellow_virus/train_Tomato leaf yellow virus_4.jpg,13,7,0.8555459976196289
data/shared_subset/Fuzzy/target/Tomato_leaf_yellow_virus/train_Tomato leaf yellow virus_30_3.jpg,13,2,0.9191804528236389
data/shared_subset/Fuzzy/target/Tomato_leaf_yellow_virus/train_Tomato leaf yellow virus_21_5.jpg,13,11,0.3175525665283203
data/shared_subset/Fuzzy/target/Tomato_leaf_yellow_virus/train_Tomato leaf yellow virus_39_3.jpg,13,7,0.7179365158081055
data/shared_subset/Fuzzy/target/Tomato_leaf_yellow_virus/train_Tomato leaf yellow virus_44.jpg,13,13,0.9999995231628418
data/shared_subset/Fuzzy/target/Tomato_leaf_yellow_virus/train_Tomato leaf yellow virus_8_12.jpg,13,13,0.8398475646972656
data/shared_subset/Fuzzy/target/Tomato_leaf_yellow_virus/train_Tomato leaf yellow virus_8_30.jpg,13,13,0.673076868057251
data/shared_subset/Fuzzy/target/Tomato_leaf_yellow_virus/train_Tomato leaf yellow virus_68_3.jpg,13,2,0.934695303440094
data/shared_subset/Fuzzy/target/Tomato_leaf_yellow_virus/train_Tomato leaf yellow virus_8_17.jpg,13,13,0.6212629079818726
data/shared_subset/Fuzzy/target/Tomato_leaf_yellow_virus/train_Tomato leaf yellow virus_55_1.jpg,13,8,0.7899503707885742
data/shared_subset/Fuzzy/target/Tomato_leaf_yellow_virus/train_Tomato leaf yellow virus_48_7.jpg,13,8,0.8205742835998535
data/shared_subset/Fuzzy/target/Tomato_leaf_yellow_virus/train_Tomato leaf yellow virus_11_5.jpg,13,5,0.6016330718994141
data/shared_subset/Fuzzy/target/Tomato_leaf_yellow_virus/train_Tomato leaf yellow virus_29.jpg,13,2,0.9940634369850159
data/shared_subset/Fuzzy/target/Tomato_leaf_yellow_virus/train_Tomato leaf yellow virus_6_5.jpg,13,2,0.38190311193466187
data/shared_subset/Fuzzy/target/Tomato_leaf_yellow_virus/train_Tomato leaf yellow virus_53_2.jpg,13,8,0.6032437682151794
data/shared_subset/Fuzzy/target/Tomato_leaf_yellow_virus/train_Tomato leaf yellow virus_16.jpg,13,2,0.9745498299598694
data/shared_subset/Fuzzy/target/Tomato_leaf_yellow_virus/train_Tomato leaf yellow virus_70.jpg,13,7,0.9994582533836365
data/shared_subset/Fuzzy/target/Tomato_leaf_yellow_virus/train_Tomato leaf yellow virus_24_3.jpg,13,0,0.7662310600280762
data/shared_subset/Fuzzy/target/Tomato_leaf_yellow_virus/train_Tomato leaf yellow virus_43.jpg,13,2,0.9838129281997681
data/shared_subset/Fuzzy/target/Tomato_leaf_yellow_virus/train_Tomato leaf yellow virus_53_1.jpg,13,8,0.6062026023864746
data/shared_subset/Fuzzy/target/Tomato_leaf_yellow_virus/train_Tomato leaf yellow virus_64.jpg,13,5,0.7821381092071533
data/shared_subset/Fuzzy/target/Tomato_leaf_yellow_virus/train_Tomato leaf yellow virus_69_2.jpg,13,11,0.5781872868537903
data/shared_subset/Fuzzy/target/Tomato_leaf_yellow_virus/train_Tomato leaf yellow virus_6_4.jpg,13,2,0.9925104379653931
data/shared_subset/Fuzzy/target/Tomato_leaf_yellow_virus/train_Tomato leaf yellow virus_8_25.jpg,13,3,0.9917337894439697
data/shared_subset/Fuzzy/target/Tomato_leaf_yellow_virus/train_Tomato leaf yellow virus_8_9.jpg,13,0,0.713370680809021
data/shared_subset/Fuzzy/target/Tomato_leaf_yellow_virus/train_Tomato leaf yellow virus_12_3.jpg,13,7,0.9970989227294922
data/shared_subset/Fuzzy/target/Tomato_leaf_yellow_virus/train_Tomato leaf yellow virus_12_5.jpg,13,7,0.9898632764816284
data/shared_subset/Fuzzy/target/Tomato_leaf_yellow_virus/train_Tomato leaf yellow virus_24_2.jpg,13,8,0.584948718547821
data/shared_subset/Fuzzy/target/Tomato_leaf_yellow_virus/train_Tomato leaf yellow virus_8_5.jpg,13,3,0.9854046702384949
data/shared_subset/Fuzzy/target/Tomato_leaf_yellow_virus/train_Tomato leaf yellow virus_3_2.jpg,13,7,0.9343500733375549
data/shared_subset/Fuzzy/target/Tomato_leaf_yellow_virus/train_Tomato leaf yellow virus_66_8.jpg,13,2,0.9055247902870178
data/shared_subset/Fuzzy/target/Tomato_leaf_yellow_virus/train_Tomato leaf yellow virus_19_3.jpg,13,8,0.8859533667564392
data/shared_subset/Fuzzy/target/Tomato_leaf_yellow_virus/train_Tomato leaf yellow virus_68_4.jpg,13,2,0.9088037014007568
data/shared_subset/Fuzzy/target/Tomato_leaf_yellow_virus/train_Tomato leaf yellow virus_46_8.jpg,13,8,0.9937491416931152
data/shared_subset/Fuzzy/target/Tomato_leaf_yellow_virus/train_Tomato leaf yellow virus_15.jpg,13,13,0.6088142991065979
data/shared_subset/Fuzzy/target/Tomato_leaf_yellow_virus/train_Tomato leaf yellow virus_63_3.jpg,13,7,0.9813576340675354
data/shared_subset/Fuzzy/target/Tomato_leaf_yellow_virus/train_Tomato leaf yellow virus_50.jpg,13,2,0.855995774269104
data/shared_subset/Fuzzy/target/Tomato_leaf_yellow_virus/train_Tomato leaf yellow virus_49.jpg,13,13,0.9631028771400452
data/shared_subset/Fuzzy/target/Tomato_leaf_yellow_virus/train_Tomato leaf yellow virus_11_8.jpg,13,7,0.9595094323158264
data/shared_subset/Fuzzy/target/Tomato_mold_leaf/train_Tomato mold leaf_8.jpg,14,2,0.9943660497665405
data/shared_subset/Fuzzy/target/Tomato_mold_leaf/train_Tomato mold leaf_9.jpg,14,11,0.6871849298477173
data/shared_subset/Fuzzy/target/Tomato_mold_leaf/train_Tomato mold leaf_81.jpg,14,5,0.5175707936286926
data/shared_subset/Fuzzy/target/Tomato_mold_leaf/train_Tomato mold leaf_47.jpg,14,0,0.9995577931404114
data/shared_subset/Fuzzy/target/Tomato_mold_leaf/train_Tomato mold leaf_44.jpg,14,5,0.33949097990989685
data/shared_subset/Fuzzy/target/Tomato_mold_leaf/train_Tomato mold leaf_19.jpg,14,2,0.9169431924819946
data/shared_subset/Fuzzy/target/Tomato_mold_leaf/train_Tomato mold leaf_38.jpg,14,8,0.8604231476783752
data/shared_subset/Fuzzy/target/Tomato_mold_leaf/train_Tomato mold leaf_26.jpg,14,13,0.3306716978549957
data/shared_subset/Fuzzy/target/Tomato_mold_leaf/train_Tomato mold leaf_39.jpg,14,8,0.9241176843643188
data/shared_subset/Fuzzy/target/Tomato_mold_leaf/train_Tomato mold leaf_79.jpg,14,2,0.5907415747642517
data/shared_subset/Fuzzy/target/Tomato_mold_leaf/train_Tomato mold leaf_75.jpg,14,8,0.5166735649108887
data/shared_subset/Fuzzy/target/Tomato_mold_leaf/train_Tomato mold leaf_78.jpg,14,14,0.7433859705924988
data/shared_subset/Fuzzy/target/Tomato_mold_leaf/train_Tomato mold leaf_49.jpg,14,14,0.9980705380439758
data/shared_subset/Fuzzy/target/Tomato_mold_leaf/train_Tomato mold leaf_77.jpg,14,14,0.9764517545700073
data/shared_subset/Fuzzy/target/Tomato_mold_leaf/train_Tomato mold leaf_71.jpg,14,8,0.9222303032875061
data/shared_subset/Fuzzy/target/Tomato_mold_leaf/train_Tomato mold leaf_31.jpg,14,0,0.9982216954231262
data/shared_subset/Fuzzy/target/Tomato_mold_leaf/train_Tomato mold leaf_36.jpg,14,8,0.7850786447525024
data/shared_subset/Fuzzy/target/Tomato_mold_leaf/train_Tomato mold leaf_52.jpg,14,0,0.5475694537162781
data/shared_subset/Fuzzy/target/Tomato_mold_leaf/train_Tomato mold leaf_12.jpg,14,8,0.7709264755249023
data/shared_subset/Fuzzy/target/Tomato_mold_leaf/train_Tomato mold leaf_24.jpg,14,8,0.981957197189331
data/shared_subset/Fuzzy/target/Tomato_mold_leaf/train_Tomato mold leaf_54.jpg,14,8,0.9506836533546448
data/shared_subset/Fuzzy/target/Tomato_mold_leaf/train_Tomato mold leaf_65.jpg,14,4,0.5046704411506653
data/shared_subset/Fuzzy/target/Tomato_mold_leaf/train_Tomato mold leaf_21.jpg,14,2,0.9741649031639099
data/shared_subset/Fuzzy/target/Tomato_mold_leaf/train_Tomato mold leaf_18.jpg,14,11,0.6676377058029175
data/shared_subset/Fuzzy/target/Tomato_mold_leaf/train_Tomato mold leaf_59.jpg,14,2,0.9984064698219299
data/shared_subset/Fuzzy/target/Tomato_mold_leaf/train_Tomato mold leaf_27.jpg,14,5,0.2646224796772003
data/shared_subset/Fuzzy/target/Tomato_mold_leaf/train_Tomato mold leaf_6.jpg,14,7,0.8856942057609558
data/shared_subset/Fuzzy/target/Tomato_mold_leaf/train_Tomato mold leaf_2.jpg,14,9,0.7430683374404907
data/shared_subset/Fuzzy/target/Tomato_mold_leaf/train_Tomato mold leaf_29.jpg,14,5,0.47281724214553833
data/shared_subset/Fuzzy/target/Tomato_mold_leaf/train_Tomato mold leaf_68.jpg,14,2,0.6435879468917847
data/shared_subset/Fuzzy/target/Tomato_mold_leaf/train_Tomato mold leaf_35.jpg,14,14,0.9988783001899719
data/shared_subset/Fuzzy/target/Tomato_mold_leaf/train_Tomato mold leaf_43.jpg,14,14,0.978708803653717
data/shared_subset/Fuzzy/target/Tomato_mold_leaf/train_Tomato mold leaf_51.jpg,14,2,0.9940687417984009
data/shared_subset/Fuzzy/target/Tomato_mold_leaf/train_Tomato mold leaf_69.jpg,14,2,0.8298102021217346
data/shared_subset/Fuzzy/target/Tomato_mold_leaf/train_Tomato mold leaf_60.jpg,14,8,0.9866787791252136
data/shared_subset/Fuzzy/target/Tomato_mold_leaf/train_Tomato mold leaf_15.jpg,14,8,0.5909709930419922
data/shared_subset/Fuzzy/target/Tomato_mold_leaf/train_Tomato mold leaf_40.jpg,14,8,0.9985401630401611
data/shared_subset/Fuzzy/target/Tomato_mold_leaf/train_Tomato mold leaf_22.jpg,14,8,0.999869704246521
data/shared_subset/Fuzzy/target/Tomato_mold_leaf/train_Tomato mold leaf_63.jpg,14,2,0.9889996647834778
data/shared_subset/Fuzzy/target/Tomato_mold_leaf/train_Tomato mold leaf_72.jpg,14,2,0.9847971796989441
data/shared_subset/Fuzzy/target/Tomato_mold_leaf/train_Tomato mold leaf_23.jpg,14,11,0.9998835325241089
data/shared_subset/Fuzzy/target/Tomato_mold_leaf/train_Tomato mold leaf_56.jpg,14,14,0.6625745892524719
data/shared_subset/Fuzzy/target/Tomato_mold_leaf/train_Tomato mold leaf_14.jpg,14,8,0.8765124678611755
data/shared_subset/Fuzzy/target/Tomato_mold_leaf/train_Tomato mold leaf_33.jpg,14,8,0.882876992225647
data/shared_subset/Fuzzy/target/Tomato_mold_leaf/train_Tomato mold leaf_62.jpg,14,14,0.6043394804000854
data/shared_subset/Fuzzy/target/Tomato_mold_leaf/train_Tomato mold leaf_1.jpg,14,8,0.8188391327857971
data/shared_subset/Fuzzy/target/Tomato_mold_leaf/train_Tomato mold leaf_30.jpg,14,11,0.9933187961578369
data/shared_subset/Fuzzy/target/Tomato_mold_leaf/train_Tomato mold leaf_11.jpg,14,2,0.8457744121551514
data/shared_subset/Fuzzy/target/Tomato_mold_leaf/train_Tomato mold leaf_4.jpg,14,8,0.4524622857570648
data/shared_subset/Fuzzy/target/Tomato_mold_leaf/train_Tomato mold leaf_64.jpg,14,2,0.9666607975959778
data/shared_subset/Fuzzy/target/Tomato_mold_leaf/train_Tomato mold leaf_76.jpg,14,3,0.744817852973938
data/shared_subset/Fuzzy/target/Tomato_mold_leaf/train_Tomato mold leaf_58.jpg,14,11,0.7435723543167114
data/shared_subset/Fuzzy/target/Tomato_mold_leaf/train_Tomato mold leaf_66.jpg,14,8,0.9999539852142334
data/shared_subset/Fuzzy/target/Tomato_mold_leaf/train_Tomato mold leaf_7.jpg,14,2,0.880622386932373
data/shared_subset/Fuzzy/target/Tomato_mold_leaf/train_Tomato mold leaf_37.jpg,14,14,0.6351364850997925
data/shared_subset/Fuzzy/target/Tomato_mold_leaf/train_Tomato mold leaf_3.jpg,14,2,0.6688620448112488
data/shared_subset/Fuzzy/target/Tomato_mold_leaf/train_Tomato mold leaf_41.jpg,14,11,0.392106831073761
data/shared_subset/Fuzzy/target/Tomato_mold_leaf/train_Tomato mold leaf_83.jpg,14,11,0.8057283759117126
data/shared_subset/Fuzzy/target/Tomato_mold_leaf/train_Tomato mold leaf_45.jpg,14,4,0.9176911115646362
data/shared_subset/Fuzzy/target/Tomato_mold_leaf/train_Tomato mold leaf_13.jpg,14,8,0.9423735737800598
data/shared_subset/Fuzzy/target/Tomato_mold_leaf/train_Tomato mold leaf_25.jpg,14,8,0.9738962650299072
data/shared_subset/Fuzzy/target/Tomato_mold_leaf/train_Tomato mold leaf_73.jpg,14,14,0.9019440412521362
data/shared_subset/Fuzzy/target/Tomato_mold_leaf/train_Tomato mold leaf_61.jpg,14,2,0.9699483513832092
data/shared_subset/Fuzzy/target/Tomato_mold_leaf/train_Tomato mold leaf_16.jpg,14,2,0.7812193036079407
data/shared_subset/Fuzzy/target/Tomato_mold_leaf/train_Tomato mold leaf_46.jpg,14,8,0.9060999155044556
data/shared_subset/Fuzzy/target/Tomato_mold_leaf/train_Tomato mold leaf_28.jpg,14,2,0.775151252746582
data/shared_subset/Fuzzy/target/Tomato_mold_leaf/train_Tomato mold leaf_67.jpg,14,3,0.49585863947868347
data/shared_subset/Fuzzy/target/Tomato_mold_leaf/train_Tomato mold leaf_5.jpg,14,11,0.8511196374893188
data/shared_subset/Fuzzy/target/Tomato_mold_leaf/train_Tomato mold leaf_42.jpg,14,8,0.6514711380004883
data/shared_subset/Fuzzy/target/Tomato_mold_leaf/train_Tomato mold leaf_70.jpg,14,4,0.46983659267425537
data/shared_subset/Fuzzy/target/Tomato_mold_leaf/train_Tomato mold leaf_34.jpg,14,11,0.9034122228622437
data/shared_subset/Fuzzy/target/Tomato_mold_leaf/train_Tomato mold leaf_32.jpg,14,2,0.7915362119674683
data/shared_subset/Fuzzy/target/Tomato_mold_leaf/train_Tomato mold leaf_85.jpg,14,2,0.8402876257896423
data/shared_subset/Fuzzy/target/Tomato_mold_leaf/train_Tomato mold leaf_17.jpg,14,6,0.5165609121322632
data/shared_subset/Fuzzy/target/Tomato_mold_leaf/train_Tomato mold leaf_53.jpg,14,2,0.9546797871589661
data/shared_subset/Fuzzy/target/Tomato_mold_leaf/train_Tomato mold leaf_10.jpg,14,8,0.9166734218597412
data/shared_subset/Fuzzy/target/Tomato_mold_leaf/train_Tomato mold leaf_48.jpg,14,7,0.7736802697181702
data/shared_subset/Fuzzy/target/Tomato_mold_leaf/train_Tomato mold leaf_57.jpg,14,0,0.9121625423431396
data/shared_subset/Fuzzy/target/Tomato_mold_leaf/train_Tomato mold leaf_82.jpg,14,3,0.9889828562736511
data/shared_subset/Fuzzy/target/Tomato_mold_leaf/train_Tomato mold leaf_80.jpg,14,2,0.9980295300483704
data/shared_subset/Fuzzy/target/Tomato_mold_leaf/train_Tomato mold leaf_50.jpg,14,7,0.8807730674743652
data/shared_subset/Fuzzy/target/Tomato_mold_leaf/train_Tomato mold leaf_20.jpg,14,7,0.4850611090660095
data/shared_subset/Fuzzy/target/Tomato_mold_leaf/train_Tomato mold leaf_74.jpg,14,11,0.9520819187164307
data/shared_subset/Fuzzy/target/Tomato_mold_leaf/train_Tomato mold leaf_55.jpg,14,3,0.8088260889053345
data/shared_subset/Fuzzy/target/Tomato_mold_leaf/train_Tomato mold leaf_84.jpg,14,8,0.9879641532897949
data/shared_subset/Fuzzy/target/grape_leaf_black_rot/train_grape leaf black rot_19.jpg,15,15,0.9827830791473389
data/shared_subset/Fuzzy/target/grape_leaf_black_rot/train_grape leaf black rot_9.jpg,15,4,0.7233332991600037
data/shared_subset/Fuzzy/target/grape_leaf_black_rot/train_grape leaf black rot_48_5.jpg,15,2,0.9488821625709534
data/shared_subset/Fuzzy/target/grape_leaf_black_rot/train_grape leaf black rot_52_3.jpg,15,2,0.7342983484268188
data/shared_subset/Fuzzy/target/grape_leaf_black_rot/train_grape leaf black rot_25.jpg,15,15,0.6242955327033997
data/shared_subset/Fuzzy/target/grape_leaf_black_rot/train_grape leaf black rot_47.jpg,15,15,0.49324536323547363
data/shared_subset/Fuzzy/target/grape_leaf_black_rot/train_grape leaf black rot_10.jpg,15,2,0.6085451245307922
data/shared_subset/Fuzzy/target/grape_leaf_black_rot/train_grape leaf black rot_54.jpg,15,11,0.2952156364917755
data/shared_subset/Fuzzy/target/grape_leaf_black_rot/train_grape leaf black rot_2_1.jpg,15,5,0.998753547668457
data/shared_subset/Fuzzy/target/grape_leaf_black_rot/train_grape leaf black rot_52_2.jpg,15,4,0.6776250600814819
data/shared_subset/Fuzzy/target/grape_leaf_black_rot/train_grape leaf black rot_53.jpg,15,2,0.6686276197433472
data/shared_subset/Fuzzy/target/grape_leaf_black_rot/train_grape leaf black rot_37.jpg,15,5,0.5910803079605103
data/shared_subset/Fuzzy/target/grape_leaf_black_rot/train_grape leaf black rot_52_1.jpg,15,15,0.43036797642707825
data/shared_subset/Fuzzy/target/grape_leaf_black_rot/train_grape leaf black rot_38_3.jpg,15,8,0.6239045262336731
data/shared_subset/Fuzzy/target/grape_leaf_black_rot/train_grape leaf black rot_45_2.jpg,15,4,0.9999932050704956
data/shared_subset/Fuzzy/target/grape_leaf_black_rot/train_grape leaf black rot_6.jpg,15,2,0.9455946087837219
data/shared_subset/Fuzzy/target/grape_leaf_black_rot/train_grape leaf black rot_29_1.jpg,15,2,0.4351225197315216
data/shared_subset/Fuzzy/target/grape_leaf_black_rot/train_grape leaf black rot_41.jpg,15,4,0.8862882256507874
data/shared_subset/Fuzzy/target/grape_leaf_black_rot/train_grape leaf black rot_12_2.jpg,15,4,0.8590188026428223
data/shared_subset/Fuzzy/target/grape_leaf_black_rot/train_grape leaf black rot_3.jpg,15,2,0.8494631052017212
data/shared_subset/Fuzzy/target/grape_leaf_black_rot/train_grape leaf black rot_56.jpg,15,2,0.9504935145378113
data/shared_subset/Fuzzy/target/grape_leaf_black_rot/train_grape leaf black rot_55_1.jpg,15,4,0.9980050921440125
data/shared_subset/Fuzzy/target/grape_leaf_black_rot/train_grape leaf black rot_29_3.jpg,15,2,0.9336058497428894
data/shared_subset/Fuzzy/target/grape_leaf_black_rot/train_grape leaf black rot_49.jpg,15,6,0.7755520939826965
data/shared_subset/Fuzzy/target/grape_leaf_black_rot/train_grape leaf black rot_32.jpg,15,9,0.686855673789978
data/shared_subset/Fuzzy/target/grape_leaf_black_rot/train_grape leaf black rot_5.jpg,15,4,0.6801825165748596
data/shared_subset/Fuzzy/target/grape_leaf_black_rot/train_grape leaf black rot_23.jpg,15,7,0.3266085088253021
data/shared_subset/Fuzzy/target/grape_leaf_black_rot/train_grape leaf black rot_40.jpg,15,2,0.9971612691879272
data/shared_subset/Fuzzy/target/grape_leaf_black_rot/train_grape leaf black rot_11.jpg,15,2,0.5314807891845703
data/shared_subset/Fuzzy/target/grape_leaf_black_rot/train_grape leaf black rot_16.jpg,15,2,0.980117917060852
data/shared_subset/Fuzzy/target/grape_leaf_black_rot/train_grape leaf black rot_39.jpg,15,14,0.838520884513855
data/shared_subset/Fuzzy/target/grape_leaf_black_rot/train_grape leaf black rot_45_1.jpg,15,15,0.9952001571655273
data/shared_subset/Fuzzy/target/grape_leaf_black_rot/train_grape leaf black rot_4.jpg,15,15,0.9999948740005493
data/shared_subset/Fuzzy/target/grape_leaf_black_rot/train_grape leaf black rot_48_2.jpg,15,5,0.6935203075408936
data/shared_subset/Fuzzy/target/grape_leaf_black_rot/train_grape leaf black rot_33.jpg,15,15,0.9995511174201965
data/shared_subset/Fuzzy/target/grape_leaf_black_rot/train_grape leaf black rot_17_3.jpg,15,5,0.9210608601570129
data/shared_subset/Fuzzy/target/grape_leaf_black_rot/train_grape leaf black rot_22.jpg,15,7,0.989190936088562
data/shared_subset/Fuzzy/target/grape_leaf_black_rot/train_grape leaf black rot_17_2.jpg,15,5,0.8692960739135742
data/shared_subset/Fuzzy/target/grape_leaf_black_rot/train_grape leaf black rot_13.jpg,15,9,0.5238515734672546
data/shared_subset/Fuzzy/target/grape_leaf_black_rot/train_grape leaf black rot_34.jpg,15,3,0.455490380525589
data/shared_subset/Fuzzy/target/grape_leaf_black_rot/train_grape leaf black rot_44.jpg,15,3,0.4897739887237549
data/shared_subset/Fuzzy/target/grape_leaf_black_rot/train_grape leaf black rot_20.jpg,15,3,0.9946084022521973
data/shared_subset/Fuzzy/target/grape_leaf_black_rot/train_grape leaf black rot_50.jpg,15,2,0.9389885067939758
data/shared_subset/Fuzzy/target/grape_leaf_black_rot/train_grape leaf black rot_14.jpg,15,2,0.5653895735740662
data/shared_subset/Fuzzy/target/grape_leaf_black_rot/train_grape leaf black rot_7.jpg,15,15,0.9460480213165283
data/shared_subset/Fuzzy/target/grape_leaf_black_rot/train_grape leaf black rot_29_2.jpg,15,2,0.7969700694084167
data/shared_subset/Fuzzy/target/grape_leaf_black_rot/train_grape leaf black rot_35.jpg,15,2,0.71150141954422
data/shared_subset/Fuzzy/target/grape_leaf_black_rot/train_grape leaf black rot_21.jpg,15,15,0.7850027084350586
data/shared_subset/Fuzzy/target/grape_leaf_black_rot/train_grape leaf black rot_42.jpg,15,4,0.676557183265686
data/shared_subset/Fuzzy/target/grape_leaf_black_rot/train_grape leaf black rot_17_1.jpg,15,5,0.5581878423690796
data/shared_subset/Fuzzy/target/grape_leaf_black_rot/train_grape leaf black rot_38_1.jpg,15,1,0.7175265550613403
data/shared_subset/Fuzzy/target/grape_leaf_black_rot/train_grape leaf black rot_24_2.jpg,15,3,0.7482201457023621
data/shared_subset/Fuzzy/target/grape_leaf_black_rot/train_grape leaf black rot_30.jpg,15,15,0.922775387763977
data/shared_subset/Fuzzy/target/grape_leaf_black_rot/train_grape leaf black rot_27.jpg,15,7,0.9433401823043823
data/shared_subset/Fuzzy/target/grape_leaf_black_rot/train_grape leaf black rot_36.jpg,15,2,0.6422749161720276
data/shared_subset/Fuzzy/target/grape_leaf_black_rot/train_grape leaf black rot_12_1.jpg,15,1,0.9328984618186951
data/shared_subset/Fuzzy/target/grape_leaf_black_rot/train_grape leaf black rot_18.jpg,15,1,0.5610507130622864
data/shared_subset/Fuzzy/target/grape_leaf_black_rot/train_grape leaf black rot_46.jpg,15,2,0.7069823145866394
data/shared_subset/Fuzzy/target/grape_leaf_black_rot/train_grape leaf black rot_48_3.jpg,15,2,0.8205772638320923
data/shared_subset/Fuzzy/target/grape_leaf_black_rot/train_grape leaf black rot_1.jpg,15,2,0.9317308068275452
data/shared_subset/Fuzzy/target/grape_leaf_black_rot/train_grape leaf black rot_28.jpg,15,2,0.942833662033081
data/shared_subset/Fuzzy/target/grape_leaf_black_rot/train_grape leaf black rot_24_1.jpg,15,4,0.7792732119560242
data/shared_subset/Fuzzy/target/grape_leaf_black_rot/train_grape leaf black rot_31.jpg,15,2,0.9735875129699707
data/shared_subset/Fuzzy/target/grape_leaf_black_rot/train_grape leaf black rot_48_1.jpg,15,2,0.9550051689147949
data/shared_subset/Fuzzy/target/grape_leaf_black_rot/train_grape leaf black rot_15.jpg,15,9,0.5508010983467102
data/shared_subset/Fuzzy/target/grape_leaf_black_rot/train_grape leaf black rot_26.jpg,15,9,0.9627697467803955
data/shared_subset/Fuzzy/target/grape_leaf_black_rot/train_grape leaf black rot_8.jpg,15,2,0.9971097111701965
data/shared_subset/Fuzzy/target/grape_leaf_black_rot/train_grape leaf black rot_43.jpg,15,4,0.9506272077560425
data/shared_subset/Fuzzy/target/grape_leaf_black_rot/train_grape leaf black rot_48_4.jpg,15,2,0.965183675289154
data/shared_subset/Fuzzy/target/grape_leaf_black_rot/train_grape leaf black rot_51.jpg,15,3,0.6567341089248657
data/shared_subset/Fuzzy/target/grape_leaf_black_rot/train_grape leaf black rot_38_2.jpg,15,1,0.5655186772346497
