path,y_true,y_pred,prob_top1
data/shared_subset/hybrid/target/Apple_Scab_Leaf/train_Apple Scab Leaf_8.jpg,0,6,0.9652194976806641
data/shared_subset/hybrid/target/Apple_Scab_Leaf/train_Apple Scab Leaf_53.jpg,0,6,0.4405739903450012
data/shared_subset/hybrid/target/Apple_Scab_Leaf/train_Apple Scab Leaf_37.jpg,0,7,0.40174320340156555
data/shared_subset/hybrid/target/Apple_Scab_Leaf/train_Apple Scab Leaf_83.jpg,0,3,0.9974557757377625
data/shared_subset/hybrid/target/Apple_Scab_Leaf/train_Apple Scab Leaf_76.jpg,0,5,0.6619234085083008
data/shared_subset/hybrid/target/Apple_Scab_Leaf/train_Apple Scab Leaf_35.jpg,0,4,0.5201226472854614
data/shared_subset/hybrid/target/Apple_Scab_Leaf/train_Apple Scab Leaf_7.jpg,0,17,0.9595910906791687
data/shared_subset/hybrid/target/Apple_Scab_Leaf/train_Apple Scab Leaf_11.jpg,0,4,0.6472204327583313
data/shared_subset/hybrid/target/Apple_Scab_Leaf/train_Apple Scab Leaf_16.jpg,0,5,0.5741093754768372
data/shared_subset/hybrid/target/Apple_Scab_Leaf/train_Apple Scab Leaf_52.jpg,0,9,0.9418498277664185
data/shared_subset/hybrid/target/Apple_Scab_Leaf/train_Apple Scab Leaf_24.jpg,0,5,0.5005213022232056
data/shared_subset/hybrid/target/Apple_Scab_Leaf/train_Apple Scab Leaf_62.jpg,0,5,0.62258380651474
data/shared_subset/hybrid/target/Apple_Scab_Leaf/train_Apple Scab Leaf_81.jpg,0,6,0.4516003429889679
data/shared_subset/hybrid/target/Apple_Scab_Leaf/train_Apple Scab Leaf_26.jpg,0,5,0.4977658987045288
data/shared_subset/hybrid/target/Apple_Scab_Leaf/train_Apple Scab Leaf_79.jpg,0,4,0.6387031078338623
data/shared_subset/hybrid/target/Apple_Scab_Leaf/train_Apple Scab Leaf_59.jpg,0,5,0.5576857924461365
data/shared_subset/hybrid/target/Apple_Scab_Leaf/train_Apple Scab Leaf_77.jpg,0,17,0.7239106297492981
data/shared_subset/hybrid/target/Apple_Scab_Leaf/train_Apple Scab Leaf_45.jpg,0,6,0.7247289419174194
data/shared_subset/hybrid/target/Apple_Scab_Leaf/train_Apple Scab Leaf_50.jpg,0,9,0.550539493560791
data/shared_subset/hybrid/target/Apple_Scab_Leaf/train_Apple Scab Leaf_41.jpg,0,6,0.3334886431694031
data/shared_subset/hybrid/target/Apple_Scab_Leaf/train_Apple Scab Leaf_82.jpg,0,5,0.4893897473812103
data/shared_subset/hybrid/target/Apple_Scab_Leaf/train_Apple Scab Leaf_17.jpg,0,5,0.4975578188896179
data/shared_subset/hybrid/target/Apple_Scab_Leaf/train_Apple Scab Leaf_30.jpg,0,5,0.5051049590110779
data/shared_subset/hybrid/target/Apple_Scab_Leaf/train_Apple Scab Leaf_67.jpg,0,8,0.9981406927108765
data/shared_subset/hybrid/target/Apple_Scab_Leaf/train_Apple Scab Leaf_66.jpg,0,4,0.5194854736328125
data/shared_subset/hybrid/target/Apple_Scab_Leaf/train_Apple Scab Leaf_65.jpg,0,11,0.39492177963256836
data/shared_subset/hybrid/target/Apple_Scab_Leaf/train_Apple Scab Leaf_63.jpg,0,4,0.6392586827278137
data/shared_subset/hybrid/target/Apple_Scab_Leaf/train_Apple Scab Leaf_40.jpg,0,5,0.6340962648391724
data/shared_subset/hybrid/target/Apple_Scab_Leaf/train_Apple Scab Leaf_80.jpg,0,5,0.5024139881134033
data/shared_subset/hybrid/target/Apple_Scab_Leaf/train_Apple Scab Leaf_57.jpg,0,6,0.9578494429588318
data/shared_subset/hybrid/target/Apple_Scab_Leaf/train_Apple Scab Leaf_22.jpg,0,9,0.7287164926528931
data/shared_subset/hybrid/target/Apple_Scab_Leaf/train_Apple Scab Leaf_23.jpg,0,6,0.9861910343170166
data/shared_subset/hybrid/target/Apple_Scab_Leaf/train_Apple Scab Leaf_69.jpg,0,3,0.8364549875259399
data/shared_subset/hybrid/target/Apple_Scab_Leaf/train_Apple Scab Leaf_38.jpg,0,2,0.8959236145019531
data/shared_subset/hybrid/target/Apple_Scab_Leaf/train_Apple Scab Leaf_1.jpg,0,9,0.49363836646080017
data/shared_subset/hybrid/target/Apple_Scab_Leaf/train_Apple Scab Leaf_73.jpg,0,4,0.6703673005104065
data/shared_subset/hybrid/target/Apple_Scab_Leaf/train_Apple Scab Leaf_74.jpg,0,5,0.6611099243164062
data/shared_subset/hybrid/target/Apple_Scab_Leaf/train_Apple Scab Leaf_19.jpg,0,4,0.6674718856811523
data/shared_subset/hybrid/target/Apple_Scab_Leaf/train_Apple Scab Leaf_25.jpg,0,5,0.3538205325603485
data/shared_subset/hybrid/target/Apple_Scab_Leaf/train_Apple Scab Leaf_9.jpg,0,9,0.48292699456214905
data/shared_subset/hybrid/target/Apple_Scab_Leaf/train_Apple Scab Leaf_78.jpg,0,4,0.5741680264472961
data/shared_subset/hybrid/target/Apple_Scab_Leaf/train_Apple Scab Leaf_47.jpg,0,9,0.9954538345336914
data/shared_subset/hybrid/target/Apple_Scab_Leaf/train_Apple Scab Leaf_31.jpg,0,0,0.7610263824462891
data/shared_subset/hybrid/target/Apple_Scab_Leaf/train_Apple Scab Leaf_3.jpg,0,0,0.2656790018081665
data/shared_subset/hybrid/target/Apple_Scab_Leaf/train_Apple Scab Leaf_68.jpg,0,0,0.8050234317779541
data/shared_subset/hybrid/target/Apple_Scab_Leaf/train_Apple Scab Leaf_61.jpg,0,10,0.44333574175834656
data/shared_subset/hybrid/target/Apple_Scab_Leaf/train_Apple Scab Leaf_5.jpg,0,6,0.984794557094574
data/shared_subset/hybrid/target/Apple_Scab_Leaf/train_Apple Scab Leaf_56.jpg,0,9,0.7935914993286133
data/shared_subset/hybrid/target/Apple_Scab_Leaf/train_Apple Scab Leaf_55.jpg,0,5,0.7252484560012817
data/shared_subset/hybrid/target/Apple_Scab_Leaf/train_Apple Scab Leaf_32.jpg,0,6,0.676056981086731
data/shared_subset/hybrid/target/Apple_Scab_Leaf/train_Apple Scab Leaf_18.jpg,0,9,0.6974742412567139
data/shared_subset/hybrid/target/Apple_Scab_Leaf/train_Apple Scab Leaf_44.jpg,0,5,0.8394483327865601
data/shared_subset/hybrid/target/Apple_Scab_Leaf/train_Apple Scab Leaf_42.jpg,0,4,0.7319859266281128
data/shared_subset/hybrid/target/Apple_Scab_Leaf/train_Apple Scab Leaf_34.jpg,0,15,0.7227951884269714
data/shared_subset/hybrid/target/Apple_Scab_Leaf/train_Apple Scab Leaf_43.jpg,0,4,0.5453481674194336
data/shared_subset/hybrid/target/Apple_Scab_Leaf/train_Apple Scab Leaf_49.jpg,0,5,0.3722730278968811
data/shared_subset/hybrid/target/Apple_Scab_Leaf/train_Apple Scab Leaf_14.jpg,0,4,0.6540074348449707
data/shared_subset/hybrid/target/Apple_Scab_Leaf/train_Apple Scab Leaf_12.jpg,0,9,0.9382203221321106
data/shared_subset/hybrid/target/Apple_Scab_Leaf/train_Apple Scab Leaf_6.jpg,0,7,0.7770495414733887
data/shared_subset/hybrid/target/Apple_Scab_Leaf/train_Apple Scab Leaf_51.jpg,0,5,0.6419485807418823
data/shared_subset/hybrid/target/Apple_Scab_Leaf/train_Apple Scab Leaf_2.jpg,0,9,0.5690239667892456
data/shared_subset/hybrid/target/Apple_Scab_Leaf/train_Apple Scab Leaf_54.jpg,0,5,0.9425722360610962
data/shared_subset/hybrid/target/Apple_Scab_Leaf/train_Apple Scab Leaf_36.jpg,0,9,0.6415624022483826
data/shared_subset/hybrid/target/Apple_Scab_Leaf/train_Apple Scab Leaf_20.jpg,0,4,0.6533143520355225
data/shared_subset/hybrid/target/Apple_Scab_Leaf/train_Apple Scab Leaf_28.jpg,0,9,0.9677317142486572
data/shared_subset/hybrid/target/Apple_Scab_Leaf/train_Apple Scab Leaf_72.jpg,0,6,0.5604597330093384
data/shared_subset/hybrid/target/Apple_Scab_Leaf/train_Apple Scab Leaf_10.jpg,0,5,0.7421613335609436
data/shared_subset/hybrid/target/Apple_Scab_Leaf/train_Apple Scab Leaf_71.jpg,0,3,0.8684260845184326
data/shared_subset/hybrid/target/Apple_Scab_Leaf/train_Apple Scab Leaf_64.jpg,0,5,0.5103661417961121
data/shared_subset/hybrid/target/Apple_Scab_Leaf/train_Apple Scab Leaf_4.jpg,0,4,0.6292893290519714
data/shared_subset/hybrid/target/Apple_Scab_Leaf/train_Apple Scab Leaf_70.jpg,0,8,0.7667794227600098
data/shared_subset/hybrid/target/Apple_Scab_Leaf/train_Apple Scab Leaf_48.jpg,0,5,0.798512876033783
data/shared_subset/hybrid/target/Apple_Scab_Leaf/train_Apple Scab Leaf_27.jpg,0,6,0.9976199269294739
data/shared_subset/hybrid/target/Apple_Scab_Leaf/train_Apple Scab Leaf_13.jpg,0,2,0.8682379722595215
data/shared_subset/hybrid/target/Apple_Scab_Leaf/train_Apple Scab Leaf_33.jpg,0,5,0.5571393966674805
data/shared_subset/hybrid/target/Apple_Scab_Leaf/train_Apple Scab Leaf_60.jpg,0,4,0.836277186870575
data/shared_subset/hybrid/target/Apple_Scab_Leaf/train_Apple Scab Leaf_58.jpg,0,5,0.5297850370407104
data/shared_subset/hybrid/target/Apple_Scab_Leaf/train_Apple Scab Leaf_21.jpg,0,6,0.8761914372444153
data/shared_subset/hybrid/target/Apple_Scab_Leaf/train_Apple Scab Leaf_15.jpg,0,5,0.526633620262146
data/shared_subset/hybrid/target/Apple_Scab_Leaf/train_Apple Scab Leaf_46.jpg,0,4,0.4859231412410736
data/shared_subset/hybrid/target/Apple_Scab_Leaf/train_Apple Scab Leaf_29.jpg,0,5,0.5184728503227234
data/shared_subset/hybrid/target/Apple_Scab_Leaf/train_Apple Scab Leaf_75.jpg,0,3,0.8491716980934143
data/shared_subset/hybrid/target/Apple_Scab_Leaf/train_Apple Scab Leaf_39.jpg,0,3,0.9995360374450684
data/shared_subset/hybrid/target/Apple_rust_leaf/train_Apple rust leaf_34.jpg,1,6,0.4259883165359497
data/shared_subset/hybrid/target/Apple_rust_leaf/train_Apple rust leaf_73.jpg,1,5,0.5877317190170288
data/shared_subset/hybrid/target/Apple_rust_leaf/train_Apple rust leaf_43.jpg,1,6,0.3920186161994934
data/shared_subset/hybrid/target/Apple_rust_leaf/train_Apple rust leaf_12.jpg,1,5,0.8715254068374634
data/shared_subset/hybrid/target/Apple_rust_leaf/train_Apple rust leaf_70.jpg,1,6,0.49861761927604675
data/shared_subset/hybrid/target/Apple_rust_leaf/train_Apple rust leaf_47_3.jpg,1,5,0.6182302832603455
data/shared_subset/hybrid/target/Apple_rust_leaf/train_Apple rust leaf_48.jpg,1,5,0.9432939887046814
data/shared_subset/hybrid/target/Apple_rust_leaf/train_Apple rust leaf_50.jpg,1,4,0.5031543970108032
data/shared_subset/hybrid/target/Apple_rust_leaf/train_Apple rust leaf_75.jpg,1,6,0.9482579231262207
data/shared_subset/hybrid/target/Apple_rust_leaf/train_Apple rust leaf_17.jpg,1,5,0.76751708984375
data/shared_subset/hybrid/target/Apple_rust_leaf/train_Apple rust leaf_58_1.jpg,1,6,0.9182637333869934
data/shared_subset/hybrid/target/Apple_rust_leaf/train_Apple rust leaf_47_5.jpg,1,5,0.9934770464897156
data/shared_subset/hybrid/target/Apple_rust_leaf/train_Apple rust leaf_63.jpg,1,5,0.7691247463226318
data/shared_subset/hybrid/target/Apple_rust_leaf/train_Apple rust leaf_8.jpg,1,5,0.8363215327262878
data/shared_subset/hybrid/target/Apple_rust_leaf/train_Apple rust leaf_78.jpg,1,4,0.3530591130256653
data/shared_subset/hybrid/target/Apple_rust_leaf/train_Apple rust leaf_49.jpg,1,10,0.9999535083770752
data/shared_subset/hybrid/target/Apple_rust_leaf/train_Apple rust leaf_11.jpg,1,5,0.547630250453949
data/shared_subset/hybrid/target/Apple_rust_leaf/train_Apple rust leaf_29.jpg,1,8,0.4828965663909912
data/shared_subset/hybrid/target/Apple_rust_leaf/train_Apple rust leaf_60.jpg,1,4,0.8181024193763733
data/shared_subset/hybrid/target/Apple_rust_leaf/train_Apple rust leaf_36_2.jpg,1,5,0.4999176859855652
data/shared_subset/hybrid/target/Apple_rust_leaf/train_Apple rust leaf_18.jpg,1,5,0.6780796051025391
data/shared_subset/hybrid/target/Apple_rust_leaf/train_Apple rust leaf_59.jpg,1,3,0.4988839626312256
data/shared_subset/hybrid/target/Apple_rust_leaf/train_Apple rust leaf_40.jpg,1,6,0.535805344581604
data/shared_subset/hybrid/target/Apple_rust_leaf/train_Apple rust leaf_62.jpg,1,4,0.3566588759422302
data/shared_subset/hybrid/target/Apple_rust_leaf/train_Apple rust leaf_66_4.jpg,1,5,0.5160173773765564
data/shared_subset/hybrid/target/Apple_rust_leaf/train_Apple rust leaf_28.jpg,1,9,0.8689462542533875
data/shared_subset/hybrid/target/Apple_rust_leaf/train_Apple rust leaf_21.jpg,1,5,0.6290965676307678
data/shared_subset/hybrid/target/Apple_rust_leaf/train_Apple rust leaf_1.jpg,1,5,0.5466652512550354
data/shared_subset/hybrid/target/Apple_rust_leaf/train_Apple rust leaf_69.jpg,1,9,0.39580342173576355
data/shared_subset/hybrid/target/Apple_rust_leaf/train_Apple rust leaf_47_4.jpg,1,5,0.9120436310768127
data/shared_subset/hybrid/target/Apple_rust_leaf/train_Apple rust leaf_39_2.jpg,1,6,0.49314793944358826
data/shared_subset/hybrid/target/Apple_rust_leaf/train_Apple rust leaf_66_3.jpg,1,4,0.7005466818809509
data/shared_subset/hybrid/target/Apple_rust_leaf/train_Apple rust leaf_16.jpg,1,4,0.7092310190200806
data/shared_subset/hybrid/target/Apple_rust_leaf/train_Apple rust leaf_26.jpg,1,10,0.5755405426025391
data/shared_subset/hybrid/target/Apple_rust_leaf/train_Apple rust leaf_41.jpg,1,7,0.9393502473831177
data/shared_subset/hybrid/target/Apple_rust_leaf/train_Apple rust leaf_61.jpg,1,5,0.47034209966659546
data/shared_subset/hybrid/target/Apple_rust_leaf/train_Apple rust leaf_32.jpg,1,6,0.886589527130127
data/shared_subset/hybrid/target/Apple_rust_leaf/train_Apple rust leaf_64.jpg,1,4,0.4659605324268341
data/shared_subset/hybrid/target/Apple_rust_leaf/train_Apple rust leaf_13.jpg,1,6,0.9418913722038269
data/shared_subset/hybrid/target/Apple_rust_leaf/train_Apple rust leaf_65.jpg,1,9,0.8666096329689026
data/shared_subset/hybrid/target/Apple_rust_leaf/train_Apple rust leaf_42_4.jpg,1,5,0.9525552988052368
data/shared_subset/hybrid/target/Apple_rust_leaf/train_Apple rust leaf_47_2.jpg,1,5,0.5444859266281128
data/shared_subset/hybrid/target/Apple_rust_leaf/train_Apple rust leaf_14.jpg,1,7,0.6663767695426941
data/shared_subset/hybrid/target/Apple_rust_leaf/train_Apple rust leaf_52.jpg,1,5,0.23100928962230682
data/shared_subset/hybrid/target/Apple_rust_leaf/train_Apple rust leaf_27.jpg,1,5,0.49062380194664
data/shared_subset/hybrid/target/Apple_rust_leaf/train_Apple rust leaf_44.jpg,1,6,0.999850869178772
data/shared_subset/hybrid/target/Apple_rust_leaf/train_Apple rust leaf_45.jpg,1,6,0.8528953790664673
data/shared_subset/hybrid/target/Apple_rust_leaf/train_Apple rust leaf_6.jpg,1,5,0.8898125290870667
data/shared_subset/hybrid/target/Apple_rust_leaf/train_Apple rust leaf_71_1.jpg,1,6,0.9813354015350342
data/shared_subset/hybrid/target/Apple_rust_leaf/train_Apple rust leaf_15.jpg,1,5,0.5917786955833435
data/shared_subset/hybrid/target/Apple_rust_leaf/train_Apple rust leaf_31.jpg,1,6,0.7254701852798462
data/shared_subset/hybrid/target/Apple_rust_leaf/train_Apple rust leaf_22.jpg,1,6,0.48328423500061035
data/shared_subset/hybrid/target/Apple_rust_leaf/train_Apple rust leaf_76.jpg,1,6,0.8288546800613403
data/shared_subset/hybrid/target/Apple_rust_leaf/train_Apple rust leaf_25.jpg,1,6,0.9582908749580383
data/shared_subset/hybrid/target/Apple_rust_leaf/train_Apple rust leaf_79.jpg,1,5,0.7847008109092712
data/shared_subset/hybrid/target/Apple_rust_leaf/train_Apple rust leaf_71_2.jpg,1,6,0.5736374855041504
data/shared_subset/hybrid/target/Apple_rust_leaf/train_Apple rust leaf_58_2.jpg,1,6,0.593668520450592
data/shared_subset/hybrid/target/Apple_rust_leaf/train_Apple rust leaf_38.jpg,1,7,0.7467954158782959
data/shared_subset/hybrid/target/Apple_rust_leaf/train_Apple rust leaf_42_1.jpg,1,4,0.5157850980758667
data/shared_subset/hybrid/target/Apple_rust_leaf/train_Apple rust leaf_24.jpg,1,6,0.9357209205627441
data/shared_subset/hybrid/target/Apple_rust_leaf/train_Apple rust leaf_66_1.jpg,1,6,0.7519755959510803
data/shared_subset/hybrid/target/Apple_rust_leaf/train_Apple rust leaf_7.jpg,1,5,0.5816264748573303
data/shared_subset/hybrid/target/Apple_rust_leaf/train_Apple rust leaf_30.jpg,1,5,0.5627457499504089
data/shared_subset/hybrid/target/Apple_rust_leaf/train_Apple rust leaf_3.jpg,1,5,0.41314148902893066
data/shared_subset/hybrid/target/Apple_rust_leaf/train_Apple rust leaf_42_3.jpg,1,6,0.5670966506004333
data/shared_subset/hybrid/target/Apple_rust_leaf/train_Apple rust leaf_5.jpg,1,6,0.5556021332740784
data/shared_subset/hybrid/target/Apple_rust_leaf/train_Apple rust leaf_33.jpg,1,6,0.7428695559501648
data/shared_subset/hybrid/target/Apple_rust_leaf/train_Apple rust leaf_55_1.jpg,1,6,0.9055340886116028
data/shared_subset/hybrid/target/Apple_rust_leaf/train_Apple rust leaf_51.jpg,1,3,0.4048791229724884
data/shared_subset/hybrid/target/Apple_rust_leaf/train_Apple rust leaf_9.jpg,1,9,0.7524775862693787
data/shared_subset/hybrid/target/Apple_rust_leaf/train_Apple rust leaf_47_1.jpg,1,4,0.43023377656936646
data/shared_subset/hybrid/target/Apple_rust_leaf/train_Apple rust leaf_36_1.jpg,1,6,0.7542511820793152
data/shared_subset/hybrid/target/Apple_rust_leaf/train_Apple rust leaf_55_2.jpg,1,6,0.4927707612514496
data/shared_subset/hybrid/target/Apple_rust_leaf/train_Apple rust leaf_46.jpg,1,3,0.9999822378158569
data/shared_subset/hybrid/target/Apple_rust_leaf/train_Apple rust leaf_23.jpg,1,6,0.9629614949226379
data/shared_subset/hybrid/target/Apple_rust_leaf/train_Apple rust leaf_68.jpg,1,11,0.43207448720932007
data/shared_subset/hybrid/target/Apple_rust_leaf/train_Apple rust leaf_37.jpg,1,3,0.8698582053184509
data/shared_subset/hybrid/target/Apple_rust_leaf/train_Apple rust leaf_10.jpg,1,6,0.47882384061813354
data/shared_subset/hybrid/target/Apple_rust_leaf/train_Apple rust leaf_72.jpg,1,4,0.7600437998771667
data/shared_subset/hybrid/target/Apple_rust_leaf/train_Apple rust leaf_39_1.jpg,1,5,0.4937582015991211
data/shared_subset/hybrid/target/Apple_rust_leaf/train_Apple rust leaf_19.jpg,1,0,0.5570539832115173
data/shared_subset/hybrid/target/Apple_rust_leaf/train_Apple rust leaf_42_2.jpg,1,5,0.3161635100841522
data/shared_subset/hybrid/target/Apple_rust_leaf/train_Apple rust leaf_53.jpg,1,5,0.3909163475036621
data/shared_subset/hybrid/target/Apple_rust_leaf/train_Apple rust leaf_56.jpg,1,17,0.5550527572631836
data/shared_subset/hybrid/target/Apple_rust_leaf/train_Apple rust leaf_66_2.jpg,1,5,0.46629178524017334
data/shared_subset/hybrid/target/Apple_rust_leaf/train_Apple rust leaf_57_1.jpg,1,5,0.5717336535453796
data/shared_subset/hybrid/target/Apple_rust_leaf/train_Apple rust leaf_2.jpg,1,3,0.7154046297073364
data/shared_subset/hybrid/target/Apple_rust_leaf/train_Apple rust leaf_57_2.jpg,1,5,0.6453681588172913
data/shared_subset/hybrid/target/Apple_rust_leaf/train_Apple rust leaf_77.jpg,1,5,0.6654906868934631
data/shared_subset/hybrid/target/Apple_rust_leaf/train_Apple rust leaf_54.jpg,1,9,0.4499954879283905
data/shared_subset/hybrid/target/Apple_rust_leaf/train_Apple rust leaf_20.jpg,1,6,0.7336740493774414
data/shared_subset/hybrid/target/Apple_rust_leaf/train_Apple rust leaf_67.jpg,1,6,0.4163587987422943
data/shared_subset/hybrid/target/Apple_rust_leaf/train_Apple rust leaf_4.jpg,1,1,0.808297872543335
data/shared_subset/hybrid/target/Apple_rust_leaf/train_Apple rust leaf_35.jpg,1,5,0.8284884691238403
data/shared_subset/hybrid/target/Apple_rust_leaf/train_Apple rust leaf_74.jpg,1,5,0.3867017924785614
data/shared_subset/hybrid/target/Apple_rust_leaf/train_Apple rust leaf_36_3.jpg,1,5,0.7865041494369507
data/shared_subset/hybrid/target/Bell_pepper_leaf/train_Bell_pepper leaf_32_1.jpg,2,6,0.5166047215461731
data/shared_subset/hybrid/target/Bell_pepper_leaf/train_Bell_pepper leaf_9_5.jpg,2,5,0.406069815158844
data/shared_subset/hybrid/target/Bell_pepper_leaf/train_Bell_pepper leaf_6.jpg,2,5,0.5697036981582642
data/shared_subset/hybrid/target/Bell_pepper_leaf/train_Bell_pepper leaf_50_3.jpg,2,3,0.29676252603530884
data/shared_subset/hybrid/target/Bell_pepper_leaf/train_Bell_pepper leaf_32_2.jpg,2,6,0.9470587372779846
data/shared_subset/hybrid/target/Bell_pepper_leaf/train_Bell_pepper leaf_8.jpg,2,2,0.7448036670684814
data/shared_subset/hybrid/target/Bell_pepper_leaf/train_Bell_pepper leaf_36_1.jpg,2,3,0.6500964760780334
data/shared_subset/hybrid/target/Bell_pepper_leaf/train_Bell_pepper leaf_49.jpg,2,5,0.4036391079425812
data/shared_subset/hybrid/target/Bell_pepper_leaf/train_Bell_pepper leaf_30_2.jpg,2,2,0.9255099296569824
data/shared_subset/hybrid/target/Bell_pepper_leaf/train_Bell_pepper leaf_47_1.jpg,2,5,0.5960058569908142
data/shared_subset/hybrid/target/Bell_pepper_leaf/train_Bell_pepper leaf_30_1.jpg,2,2,0.8026974201202393
data/shared_subset/hybrid/target/Bell_pepper_leaf/train_Bell_pepper leaf_34_2.jpg,2,2,0.7001404762268066
data/shared_subset/hybrid/target/Bell_pepper_leaf/train_Bell_pepper leaf_29.jpg,2,5,0.4108654260635376
data/shared_subset/hybrid/target/Bell_pepper_leaf/train_Bell_pepper leaf_47_3.jpg,2,9,0.3874259889125824
data/shared_subset/hybrid/target/Bell_pepper_leaf/train_Bell_pepper leaf_45.jpg,2,6,0.4403994381427765
data/shared_subset/hybrid/target/Bell_pepper_leaf/train_Bell_pepper leaf_4.jpg,2,9,0.9044431447982788
data/shared_subset/hybrid/target/Bell_pepper_leaf/train_Bell_pepper leaf_9_4.jpg,2,5,0.5637732744216919
data/shared_subset/hybrid/target/Bell_pepper_leaf/train_Bell_pepper leaf_24_2.jpg,2,3,0.5650641322135925
data/shared_subset/hybrid/target/Bell_pepper_leaf/train_Bell_pepper leaf_5.jpg,2,2,0.46547943353652954
data/shared_subset/hybrid/target/Bell_pepper_leaf/train_Bell_pepper leaf_26.jpg,2,4,0.4613769054412842
data/shared_subset/hybrid/target/Bell_pepper_leaf/train_Bell_pepper leaf_34_1.jpg,2,2,0.6593262553215027
data/shared_subset/hybrid/target/Bell_pepper_leaf/train_Bell_pepper leaf_50_2.jpg,2,6,0.47221529483795166
data/shared_subset/hybrid/target/Bell_pepper_leaf/train_Bell_pepper leaf_47_2.jpg,2,5,0.6685670614242554
data/shared_subset/hybrid/target/Bell_pepper_leaf/train_Bell_pepper leaf_50_1.jpg,2,6,0.3949756324291229
data/shared_subset/hybrid/target/Bell_pepper_leaf/train_Bell_pepper leaf_14.jpg,2,7,0.7580040097236633
data/shared_subset/hybrid/target/Bell_pepper_leaf/train_Bell_pepper leaf_36_2.jpg,2,5,0.5554975271224976
data/shared_subset/hybrid/target/Bell_pepper_leaf/train_Bell_pepper leaf_42.jpg,2,5,0.8612826466560364
data/shared_subset/hybrid/target/Bell_pepper_leaf/train_Bell_pepper leaf_9_6.jpg,2,5,0.25627827644348145
data/shared_subset/hybrid/target/Bell_pepper_leaf/train_Bell_pepper leaf_9_3.jpg,2,4,0.6047316193580627
data/shared_subset/hybrid/target/Bell_pepper_leaf/train_Bell_pepper leaf_52.jpg,2,3,0.8988543152809143
data/shared_subset/hybrid/target/Bell_pepper_leaf/train_Bell_pepper leaf_9_2.jpg,2,5,0.5085299015045166
data/shared_subset/hybrid/target/Bell_pepper_leaf/train_Bell_pepper leaf_24_1.jpg,2,3,0.7577125430107117
data/shared_subset/hybrid/target/Bell_pepper_leaf/train_Bell_pepper leaf_9_1.jpg,2,5,0.5864203572273254
data/shared_subset/hybrid/target/Bell_pepper_leaf/train_Bell_pepper leaf_3.jpg,2,13,0.507113516330719
data/shared_subset/hybrid/target/Bell_pepper_leaf_spot/train_Bell_pepper leaf spot_26.jpg,3,5,0.694266140460968
data/shared_subset/hybrid/target/Bell_pepper_leaf_spot/train_Bell_pepper leaf spot_27.jpg,3,6,0.9202028512954712
data/shared_subset/hybrid/target/Bell_pepper_leaf_spot/train_Bell_pepper leaf spot_9.jpg,3,3,0.5139651298522949
data/shared_subset/hybrid/target/Bell_pepper_leaf_spot/train_Bell_pepper leaf spot_41.jpg,3,5,0.9329346418380737
data/shared_subset/hybrid/target/Bell_pepper_leaf_spot/train_Bell_pepper leaf spot_8.jpg,3,10,0.3881836235523224
data/shared_subset/hybrid/target/Bell_pepper_leaf_spot/train_Bell_pepper leaf spot_58.jpg,3,5,0.8137940168380737
data/shared_subset/hybrid/target/Bell_pepper_leaf_spot/train_Bell_pepper leaf spot_38.jpg,3,5,0.43244117498397827
data/shared_subset/hybrid/target/Bell_pepper_leaf_spot/train_Bell_pepper leaf spot_17_2.jpg,3,4,0.9164595603942871
data/shared_subset/hybrid/target/Bell_pepper_leaf_spot/train_Bell_pepper leaf spot_10.jpg,3,3,0.23396006226539612
data/shared_subset/hybrid/target/Bell_pepper_leaf_spot/train_Bell_pepper leaf spot_17_1.jpg,3,5,0.7373636364936829
data/shared_subset/hybrid/target/Bell_pepper_leaf_spot/train_Bell_pepper leaf spot_42_2.jpg,3,4,0.4563840329647064
data/shared_subset/hybrid/target/Bell_pepper_leaf_spot/train_Bell_pepper leaf spot_53.jpg,3,5,0.742236316204071
data/shared_subset/hybrid/target/Bell_pepper_leaf_spot/train_Bell_pepper leaf spot_13_2.jpg,3,4,0.8732704520225525
data/shared_subset/hybrid/target/Bell_pepper_leaf_spot/train_Bell_pepper leaf spot_32.jpg,3,3,0.6619598269462585
data/shared_subset/hybrid/target/Bell_pepper_leaf_spot/train_Bell_pepper leaf spot_42_3.jpg,3,6,0.38994160294532776
data/shared_subset/hybrid/target/Bell_pepper_leaf_spot/train_Bell_pepper leaf spot_39.jpg,3,5,0.7191286087036133
data/shared_subset/hybrid/target/Bell_pepper_leaf_spot/train_Bell_pepper leaf spot_4.jpg,3,3,0.45614194869995117
data/shared_subset/hybrid/target/Bell_pepper_leaf_spot/train_Bell_pepper leaf spot_25_1.jpg,3,3,0.40416863560676575
data/shared_subset/hybrid/target/Bell_pepper_leaf_spot/train_Bell_pepper leaf spot_15.jpg,3,6,0.6768354177474976
data/shared_subset/hybrid/target/Bell_pepper_leaf_spot/train_Bell_pepper leaf spot_61.jpg,3,3,0.6013503074645996
data/shared_subset/hybrid/target/Bell_pepper_leaf_spot/train_Bell_pepper leaf spot_2_1.jpg,3,4,0.6036567091941833
data/shared_subset/hybrid/target/Bell_pepper_leaf_spot/train_Bell_pepper leaf spot_48.jpg,3,5,0.5990291833877563
data/shared_subset/hybrid/target/Bell_pepper_leaf_spot/train_Bell_pepper leaf spot_20_1.jpg,3,5,0.5355147123336792
data/shared_subset/hybrid/target/Bell_pepper_leaf_spot/train_Bell_pepper leaf spot_19.jpg,3,5,0.5364436507225037
data/shared_subset/hybrid/target/Bell_pepper_leaf_spot/train_Bell_pepper leaf spot_31.jpg,3,5,0.6208526492118835
data/shared_subset/hybrid/target/Bell_pepper_leaf_spot/train_Bell_pepper leaf spot_16.jpg,3,6,0.8812944889068604
data/shared_subset/hybrid/target/Bell_pepper_leaf_spot/train_Bell_pepper leaf spot_3.jpg,3,5,0.39338767528533936
data/shared_subset/hybrid/target/Bell_pepper_leaf_spot/train_Bell_pepper leaf spot_33.jpg,3,6,0.8057947158813477
data/shared_subset/hybrid/target/Bell_pepper_leaf_spot/train_Bell_pepper leaf spot_57.jpg,3,5,0.889839231967926
data/shared_subset/hybrid/target/Bell_pepper_leaf_spot/train_Bell_pepper leaf spot_52.jpg,3,10,0.6186579465866089
data/shared_subset/hybrid/target/Bell_pepper_leaf_spot/train_Bell_pepper leaf spot_34.jpg,3,11,0.3139421045780182
data/shared_subset/hybrid/target/Bell_pepper_leaf_spot/train_Bell_pepper leaf spot_24.jpg,3,3,0.7416654825210571
data/shared_subset/hybrid/target/Bell_pepper_leaf_spot/train_Bell_pepper leaf spot_56.jpg,3,5,0.6757469773292542
data/shared_subset/hybrid/target/Bell_pepper_leaf_spot/train_Bell_pepper leaf spot_28.jpg,3,5,0.3840346336364746
data/shared_subset/hybrid/target/Bell_pepper_leaf_spot/train_Bell_pepper leaf spot_6.jpg,3,9,0.48286738991737366
data/shared_subset/hybrid/target/Bell_pepper_leaf_spot/train_Bell_pepper leaf spot_13_1.jpg,3,5,0.4120437800884247
data/shared_subset/hybrid/target/Bell_pepper_leaf_spot/train_Bell_pepper leaf spot_43_2.jpg,3,4,0.8687881231307983
data/shared_subset/hybrid/target/Bell_pepper_leaf_spot/train_Bell_pepper leaf spot_11.jpg,3,17,0.5303796529769897
data/shared_subset/hybrid/target/Bell_pepper_leaf_spot/train_Bell_pepper leaf spot_21.jpg,3,5,0.5620138049125671
data/shared_subset/hybrid/target/Bell_pepper_leaf_spot/train_Bell_pepper leaf spot_25_2.jpg,3,5,0.8884963989257812
data/shared_subset/hybrid/target/Bell_pepper_leaf_spot/train_Bell_pepper leaf spot_22.jpg,3,9,0.40279337763786316
data/shared_subset/hybrid/target/Bell_pepper_leaf_spot/train_Bell_pepper leaf spot_42_1.jpg,3,5,0.4666300415992737
data/shared_subset/hybrid/target/Bell_pepper_leaf_spot/train_Bell_pepper leaf spot_17_3.jpg,3,4,0.7858030796051025
data/shared_subset/hybrid/target/Bell_pepper_leaf_spot/train_Bell_pepper leaf spot_45.jpg,3,5,0.6101067066192627
data/shared_subset/hybrid/target/Bell_pepper_leaf_spot/train_Bell_pepper leaf spot_55.jpg,3,6,0.9984415173530579
data/shared_subset/hybrid/target/Bell_pepper_leaf_spot/train_Bell_pepper leaf spot_18.jpg,3,5,0.6634528040885925
data/shared_subset/hybrid/target/Bell_pepper_leaf_spot/train_Bell_pepper leaf spot_14.jpg,3,5,0.40062040090560913
data/shared_subset/hybrid/target/Bell_pepper_leaf_spot/train_Bell_pepper leaf spot_44.jpg,3,4,0.5770298838615417
data/shared_subset/hybrid/target/Bell_pepper_leaf_spot/train_Bell_pepper leaf spot_7.jpg,3,5,0.38311710953712463
data/shared_subset/hybrid/target/Bell_pepper_leaf_spot/train_Bell_pepper leaf spot_29_2.jpg,3,5,0.8606886267662048
data/shared_subset/hybrid/target/Bell_pepper_leaf_spot/train_Bell_pepper leaf spot_30_1.jpg,3,9,0.7483786344528198
data/shared_subset/hybrid/target/Bell_pepper_leaf_spot/train_Bell_pepper leaf spot_40.jpg,3,9,0.9719926118850708
data/shared_subset/hybrid/target/Bell_pepper_leaf_spot/train_Bell_pepper leaf spot_23.jpg,3,8,0.8368188738822937
data/shared_subset/hybrid/target/Bell_pepper_leaf_spot/train_Bell_pepper leaf spot_42_5.jpg,3,3,0.5427684783935547
data/shared_subset/hybrid/target/Bell_pepper_leaf_spot/train_Bell_pepper leaf spot_42_4.jpg,3,6,0.3837054669857025
data/shared_subset/hybrid/target/Bell_pepper_leaf_spot/train_Bell_pepper leaf spot_30_2.jpg,3,9,0.9455129504203796
data/shared_subset/hybrid/target/Bell_pepper_leaf_spot/train_Bell_pepper leaf spot_49.jpg,3,5,0.5322820544242859
data/shared_subset/hybrid/target/Bell_pepper_leaf_spot/train_Bell_pepper leaf spot_29_1.jpg,3,4,0.5032666325569153
data/shared_subset/hybrid/target/Bell_pepper_leaf_spot/train_Bell_pepper leaf spot_1.jpg,3,5,0.46626028418540955
data/shared_subset/hybrid/target/Bell_pepper_leaf_spot/train_Bell_pepper leaf spot_36.jpg,3,6,0.5846448540687561
data/shared_subset/hybrid/target/Bell_pepper_leaf_spot/train_Bell_pepper leaf spot_37.jpg,3,5,0.4653981328010559
data/shared_subset/hybrid/target/Bell_pepper_leaf_spot/train_Bell_pepper leaf spot_60.jpg,3,6,0.6094681620597839
data/shared_subset/hybrid/target/Bell_pepper_leaf_spot/train_Bell_pepper leaf spot_46.jpg,3,9,0.6346006989479065
data/shared_subset/hybrid/target/Bell_pepper_leaf_spot/train_Bell_pepper leaf spot_35.jpg,3,5,0.5590000748634338
data/shared_subset/hybrid/target/Bell_pepper_leaf_spot/train_Bell_pepper leaf spot_20_2.jpg,3,5,0.6397389769554138
data/shared_subset/hybrid/target/Bell_pepper_leaf_spot/train_Bell_pepper leaf spot_50.jpg,3,6,0.9192413091659546
data/shared_subset/hybrid/target/Bell_pepper_leaf_spot/train_Bell_pepper leaf spot_5.jpg,3,5,0.7588681578636169
data/shared_subset/hybrid/target/Bell_pepper_leaf_spot/train_Bell_pepper leaf spot_51.jpg,3,2,0.5933470129966736
data/shared_subset/hybrid/target/Bell_pepper_leaf_spot/train_Bell_pepper leaf spot_62_1.jpg,3,9,0.560601532459259
data/shared_subset/hybrid/target/Bell_pepper_leaf_spot/train_Bell_pepper leaf spot_2_2.jpg,3,5,0.48962241411209106
data/shared_subset/hybrid/target/Bell_pepper_leaf_spot/train_Bell_pepper leaf spot_59.jpg,3,3,0.5463677644729614
data/shared_subset/hybrid/target/Bell_pepper_leaf_spot/train_Bell_pepper leaf spot_12.jpg,3,6,0.3783297538757324
data/shared_subset/hybrid/target/Bell_pepper_leaf_spot/train_Bell_pepper leaf spot_47.jpg,3,13,0.9899784326553345
data/shared_subset/hybrid/target/Bell_pepper_leaf_spot/train_Bell_pepper leaf spot_43_1.jpg,3,5,0.4710760712623596
data/shared_subset/hybrid/target/Corn_Gray_leaf_spot/train_Corn Gray leaf spot_28.jpg,4,4,0.8969963192939758
data/shared_subset/hybrid/target/Corn_Gray_leaf_spot/train_Corn Gray leaf spot_51.jpg,4,4,0.9976680874824524
data/shared_subset/hybrid/target/Corn_Gray_leaf_spot/train_Corn Gray leaf spot_43.jpg,4,5,0.9191973805427551
data/shared_subset/hybrid/target/Corn_Gray_leaf_spot/train_Corn Gray leaf spot_41.jpg,4,6,0.9992662072181702
data/shared_subset/hybrid/target/Corn_Gray_leaf_spot/train_Corn Gray leaf spot_45.jpg,4,4,0.5615702271461487
data/shared_subset/hybrid/target/Corn_Gray_leaf_spot/train_Corn Gray leaf spot_49.jpg,4,5,0.525395929813385
data/shared_subset/hybrid/target/Corn_Gray_leaf_spot/train_Corn Gray leaf spot_3.jpg,4,5,0.7020553350448608
data/shared_subset/hybrid/target/Corn_Gray_leaf_spot/train_Corn Gray leaf spot_6.jpg,4,4,0.9685853719711304
data/shared_subset/hybrid/target/Corn_Gray_leaf_spot/train_Corn Gray leaf spot_19.jpg,4,4,0.8769804239273071
data/shared_subset/hybrid/target/Corn_Gray_leaf_spot/train_Corn Gray leaf spot_8.jpg,4,5,0.7694435715675354
data/shared_subset/hybrid/target/Corn_Gray_leaf_spot/train_Corn Gray leaf spot_37.jpg,4,6,0.9964588284492493
data/shared_subset/hybrid/target/Corn_Gray_leaf_spot/train_Corn Gray leaf spot_39.jpg,4,6,0.9967151880264282
data/shared_subset/hybrid/target/Corn_Gray_leaf_spot/train_Corn Gray leaf spot_40.jpg,4,5,0.9087792634963989
data/shared_subset/hybrid/target/Corn_Gray_leaf_spot/train_Corn Gray leaf spot_18.jpg,4,5,0.48887312412261963
data/shared_subset/hybrid/target/Corn_Gray_leaf_spot/train_Corn Gray leaf spot_10.jpg,4,6,0.6377066969871521
data/shared_subset/hybrid/target/Corn_Gray_leaf_spot/train_Corn Gray leaf spot_34.jpg,4,4,0.8356661200523376
data/shared_subset/hybrid/target/Corn_Gray_leaf_spot/train_Corn Gray leaf spot_54.jpg,4,6,0.3823518455028534
data/shared_subset/hybrid/target/Corn_Gray_leaf_spot/train_Corn Gray leaf spot_2.jpg,4,6,0.7271068692207336
data/shared_subset/hybrid/target/Corn_Gray_leaf_spot/train_Corn Gray leaf spot_32.jpg,4,4,0.9971394538879395
data/shared_subset/hybrid/target/Corn_Gray_leaf_spot/train_Corn Gray leaf spot_57.jpg,4,5,0.7958322167396545
data/shared_subset/hybrid/target/Corn_Gray_leaf_spot/train_Corn Gray leaf spot_59.jpg,4,6,0.7568525075912476
data/shared_subset/hybrid/target/Corn_Gray_leaf_spot/train_Corn Gray leaf spot_25.jpg,4,6,0.838001012802124
data/shared_subset/hybrid/target/Corn_Gray_leaf_spot/train_Corn Gray leaf spot_60.jpg,4,5,0.9440605044364929
data/shared_subset/hybrid/target/Corn_Gray_leaf_spot/train_Corn Gray leaf spot_52.jpg,4,4,0.9809120893478394
data/shared_subset/hybrid/target/Corn_Gray_leaf_spot/train_Corn Gray leaf spot_22.jpg,4,4,0.808472752571106
data/shared_subset/hybrid/target/Corn_Gray_leaf_spot/train_Corn Gray leaf spot_47_1.jpg,4,5,0.9330339431762695
data/shared_subset/hybrid/target/Corn_Gray_leaf_spot/train_Corn Gray leaf spot_5.jpg,4,4,0.838077962398529
data/shared_subset/hybrid/target/Corn_Gray_leaf_spot/train_Corn Gray leaf spot_55.jpg,4,5,0.6240225434303284
data/shared_subset/hybrid/target/Corn_Gray_leaf_spot/train_Corn Gray leaf spot_11.jpg,4,4,0.6183305978775024
data/shared_subset/hybrid/target/Corn_Gray_leaf_spot/train_Corn Gray leaf spot_56.jpg,4,6,0.6888283491134644
data/shared_subset/hybrid/target/Corn_Gray_leaf_spot/train_Corn Gray leaf spot_46.jpg,4,6,0.9945928454399109
data/shared_subset/hybrid/target/Corn_Gray_leaf_spot/train_Corn Gray leaf spot_50.jpg,4,6,0.6618757843971252
data/shared_subset/hybrid/target/Corn_Gray_leaf_spot/train_Corn Gray leaf spot_26.jpg,4,4,0.6754517555236816
data/shared_subset/hybrid/target/Corn_Gray_leaf_spot/train_Corn Gray leaf spot_58.jpg,4,4,0.9873888492584229
data/shared_subset/hybrid/target/Corn_Gray_leaf_spot/train_Corn Gray leaf spot_44.jpg,4,4,0.694797933101654
data/shared_subset/hybrid/target/Corn_Gray_leaf_spot/train_Corn Gray leaf spot_61.jpg,4,6,0.48800694942474365
data/shared_subset/hybrid/target/Corn_Gray_leaf_spot/train_Corn Gray leaf spot_4.jpg,4,4,0.4155835807323456
data/shared_subset/hybrid/target/Corn_Gray_leaf_spot/train_Corn Gray leaf spot_53.jpg,4,6,0.9970133304595947
data/shared_subset/hybrid/target/Corn_Gray_leaf_spot/train_Corn Gray leaf spot_33.jpg,4,4,0.9870039820671082
data/shared_subset/hybrid/target/Corn_Gray_leaf_spot/train_Corn Gray leaf spot_63.jpg,4,5,0.4510160982608795
data/shared_subset/hybrid/target/Corn_Gray_leaf_spot/train_Corn Gray leaf spot_12.jpg,4,5,0.5293165445327759
data/shared_subset/hybrid/target/Corn_Gray_leaf_spot/train_Corn Gray leaf spot_48.jpg,4,6,0.9869086146354675
data/shared_subset/hybrid/target/Corn_Gray_leaf_spot/train_Corn Gray leaf spot_20.jpg,4,6,0.925578236579895
data/shared_subset/hybrid/target/Corn_Gray_leaf_spot/train_Corn Gray leaf spot_13.jpg,4,4,0.9163753390312195
data/shared_subset/hybrid/target/Corn_Gray_leaf_spot/train_Corn Gray leaf spot_31.jpg,4,4,0.9273025393486023
data/shared_subset/hybrid/target/Corn_Gray_leaf_spot/train_Corn Gray leaf spot_29.jpg,4,6,0.8883177042007446
data/shared_subset/hybrid/target/Corn_Gray_leaf_spot/train_Corn Gray leaf spot_9.jpg,4,4,0.9983323216438293
data/shared_subset/hybrid/target/Corn_Gray_leaf_spot/train_Corn Gray leaf spot_17.jpg,4,4,0.700031042098999
data/shared_subset/hybrid/target/Corn_Gray_leaf_spot/train_Corn Gray leaf spot_35.jpg,4,5,0.6577081084251404
data/shared_subset/hybrid/target/Corn_Gray_leaf_spot/train_Corn Gray leaf spot_21.jpg,4,4,0.627421498298645
data/shared_subset/hybrid/target/Corn_Gray_leaf_spot/train_Corn Gray leaf spot_16.jpg,4,4,0.5468413233757019
data/shared_subset/hybrid/target/Corn_Gray_leaf_spot/train_Corn Gray leaf spot_23.jpg,4,4,0.5746141672134399
data/shared_subset/hybrid/target/Corn_Gray_leaf_spot/train_Corn Gray leaf spot_30.jpg,4,4,0.623633086681366
data/shared_subset/hybrid/target/Corn_Gray_leaf_spot/train_Corn Gray leaf spot_36.jpg,4,4,0.9753997921943665
data/shared_subset/hybrid/target/Corn_Gray_leaf_spot/train_Corn Gray leaf spot_38.jpg,4,6,0.9819344282150269
data/shared_subset/hybrid/target/Corn_Gray_leaf_spot/train_Corn Gray leaf spot_24.jpg,4,4,0.6858225464820862
data/shared_subset/hybrid/target/Corn_Gray_leaf_spot/train_Corn Gray leaf spot_1.jpg,4,9,0.9005762934684753
data/shared_subset/hybrid/target/Corn_Gray_leaf_spot/train_Corn Gray leaf spot_42_1.jpg,4,4,0.9744874238967896
data/shared_subset/hybrid/target/Corn_Gray_leaf_spot/train_Corn Gray leaf spot_7.jpg,4,6,0.38018926978111267
data/shared_subset/hybrid/target/Corn_Gray_leaf_spot/train_Corn Gray leaf spot_14.jpg,4,4,0.6140329837799072
data/shared_subset/hybrid/target/Corn_Gray_leaf_spot/train_Corn Gray leaf spot_64.jpg,4,5,0.8524044752120972
data/shared_subset/hybrid/target/Corn_Gray_leaf_spot/train_Corn Gray leaf spot_62.jpg,4,4,0.979171097278595
data/shared_subset/hybrid/target/Corn_Gray_leaf_spot/train_Corn Gray leaf spot_15.jpg,4,5,0.7168105840682983
data/shared_subset/hybrid/target/Corn_leaf_blight/train_Corn leaf blight_136.jpg,5,4,0.989104151725769
data/shared_subset/hybrid/target/Corn_leaf_blight/train_Corn leaf blight_73.jpg,5,4,0.7282595634460449
data/shared_subset/hybrid/target/Corn_leaf_blight/train_Corn leaf blight_118.jpg,5,4,0.5991494059562683
data/shared_subset/hybrid/target/Corn_leaf_blight/train_Corn leaf blight_162.jpg,5,4,0.9616858959197998
data/shared_subset/hybrid/target/Corn_leaf_blight/train_Corn leaf blight_65.jpg,5,4,0.5759559273719788
data/shared_subset/hybrid/target/Corn_leaf_blight/train_Corn leaf blight_145.jpg,5,5,0.5188078284263611
data/shared_subset/hybrid/target/Corn_leaf_blight/train_Corn leaf blight_133.jpg,5,5,0.9354640245437622
data/shared_subset/hybrid/target/Corn_leaf_blight/train_Corn leaf blight_134.jpg,5,4,0.9665775895118713
data/shared_subset/hybrid/target/Corn_leaf_blight/train_Corn leaf blight_156.jpg,5,4,0.9943937063217163
data/shared_subset/hybrid/target/Corn_leaf_blight/train_Corn leaf blight_39.jpg,5,5,0.8246605396270752
data/shared_subset/hybrid/target/Corn_leaf_blight/train_Corn leaf blight_126.jpg,5,4,0.9936498999595642
data/shared_subset/hybrid/target/Corn_leaf_blight/train_Corn leaf blight_161.jpg,5,4,0.8931005001068115
data/shared_subset/hybrid/target/Corn_leaf_blight/train_Corn leaf blight_91.jpg,5,6,0.8065170645713806
data/shared_subset/hybrid/target/Corn_leaf_blight/train_Corn leaf blight_62.jpg,5,4,0.6359910368919373
data/shared_subset/hybrid/target/Corn_leaf_blight/train_Corn leaf blight_43.jpg,5,5,0.9662742018699646
data/shared_subset/hybrid/target/Corn_leaf_blight/train_Corn leaf blight_35.jpg,5,4,0.8939813375473022
data/shared_subset/hybrid/target/Corn_leaf_blight/train_Corn leaf blight_167.jpg,5,4,0.7716727256774902
data/shared_subset/hybrid/target/Corn_leaf_blight/train_Corn leaf blight_106.jpg,5,9,0.7484297156333923
data/shared_subset/hybrid/target/Corn_leaf_blight/train_Corn leaf blight_32.jpg,5,5,0.7669782638549805
data/shared_subset/hybrid/target/Corn_leaf_blight/train_Corn leaf blight_90.jpg,5,5,0.5980975031852722
data/shared_subset/hybrid/target/Corn_leaf_blight/train_Corn leaf blight_174.jpg,5,6,0.5789178609848022
data/shared_subset/hybrid/target/Corn_leaf_blight/train_Corn leaf blight_110.jpg,5,5,0.6332156658172607
data/shared_subset/hybrid/target/Corn_leaf_blight/train_Corn leaf blight_152.jpg,5,5,0.5200886130332947
data/shared_subset/hybrid/target/Corn_leaf_blight/train_Corn leaf blight_114.jpg,5,4,0.5125412344932556
data/shared_subset/hybrid/target/Corn_leaf_blight/train_Corn leaf blight_153.jpg,5,5,0.9894359111785889
data/shared_subset/hybrid/target/Corn_leaf_blight/train_Corn leaf blight_100.jpg,5,5,0.8470057845115662
data/shared_subset/hybrid/target/Corn_leaf_blight/train_Corn leaf blight_112.jpg,5,5,0.976139485836029
data/shared_subset/hybrid/target/Corn_leaf_blight/train_Corn leaf blight_57.jpg,5,4,0.9296615123748779
data/shared_subset/hybrid/target/Corn_leaf_blight/train_Corn leaf blight_51.jpg,5,3,0.9852752685546875
data/shared_subset/hybrid/target/Corn_leaf_blight/train_Corn leaf blight_74.jpg,5,5,0.9998267292976379
data/shared_subset/hybrid/target/Corn_leaf_blight/train_Corn leaf blight_14.jpg,5,5,0.9999773502349854
data/shared_subset/hybrid/target/Corn_leaf_blight/train_Corn leaf blight_50.jpg,5,4,0.7877057194709778
data/shared_subset/hybrid/target/Corn_leaf_blight/train_Corn leaf blight_63.jpg,5,4,0.9332163333892822
data/shared_subset/hybrid/target/Corn_leaf_blight/train_Corn leaf blight_160.jpg,5,5,0.6997825503349304
data/shared_subset/hybrid/target/Corn_leaf_blight/train_Corn leaf blight_82.jpg,5,5,0.39132028818130493
data/shared_subset/hybrid/target/Corn_leaf_blight/train_Corn leaf blight_27.jpg,5,5,0.6577140092849731
data/shared_subset/hybrid/target/Corn_leaf_blight/train_Corn leaf blight_144.jpg,5,6,0.6234652400016785
data/shared_subset/hybrid/target/Corn_leaf_blight/train_Corn leaf blight_175.jpg,5,4,0.8056801557540894
data/shared_subset/hybrid/target/Corn_leaf_blight/train_Corn leaf blight_168.jpg,5,4,0.9970128536224365
data/shared_subset/hybrid/target/Corn_leaf_blight/train_Corn leaf blight_59.jpg,5,5,0.9858084917068481
data/shared_subset/hybrid/target/Corn_leaf_blight/train_Corn leaf blight_119.jpg,5,5,0.5723207592964172
data/shared_subset/hybrid/target/Corn_leaf_blight/train_Corn leaf blight_142.jpg,5,5,0.7199793457984924
data/shared_subset/hybrid/target/Corn_leaf_blight/train_Corn leaf blight_26.jpg,5,6,0.7050507068634033
data/shared_subset/hybrid/target/Corn_leaf_blight/train_Corn leaf blight_123.jpg,5,3,0.31212735176086426
data/shared_subset/hybrid/target/Corn_leaf_blight/train_Corn leaf blight_87.jpg,5,6,0.8989464044570923
data/shared_subset/hybrid/target/Corn_leaf_blight/train_Corn leaf blight_107.jpg,5,4,0.9720335602760315
data/shared_subset/hybrid/target/Corn_leaf_blight/train_Corn leaf blight_99.jpg,5,5,0.8748040199279785
data/shared_subset/hybrid/target/Corn_leaf_blight/train_Corn leaf blight_149.jpg,5,6,0.8895689845085144
data/shared_subset/hybrid/target/Corn_leaf_blight/train_Corn leaf blight_97.jpg,5,5,0.7447444796562195
data/shared_subset/hybrid/target/Corn_leaf_blight/train_Corn leaf blight_94.jpg,5,5,0.5898749828338623
data/shared_subset/hybrid/target/Corn_leaf_blight/train_Corn leaf blight_148.jpg,5,5,0.5369914770126343
data/shared_subset/hybrid/target/Corn_leaf_blight/train_Corn leaf blight_77.jpg,5,6,0.9647546410560608
data/shared_subset/hybrid/target/Corn_leaf_blight/train_Corn leaf blight_116.jpg,5,6,0.9933106899261475
data/shared_subset/hybrid/target/Corn_leaf_blight/train_Corn leaf blight_40.jpg,5,4,0.9239196181297302
data/shared_subset/hybrid/target/Corn_leaf_blight/train_Corn leaf blight_16.jpg,5,4,0.7253839373588562
data/shared_subset/hybrid/target/Corn_leaf_blight/train_Corn leaf blight_3.jpg,5,5,0.5669068694114685
data/shared_subset/hybrid/target/Corn_leaf_blight/train_Corn leaf blight_150.jpg,5,4,0.9049862623214722
data/shared_subset/hybrid/target/Corn_leaf_blight/train_Corn leaf blight_137.jpg,5,4,0.770942211151123
data/shared_subset/hybrid/target/Corn_leaf_blight/train_Corn leaf blight_1.jpg,5,5,0.8320342898368835
data/shared_subset/hybrid/target/Corn_leaf_blight/train_Corn leaf blight_164.jpg,5,4,0.6109153628349304
data/shared_subset/hybrid/target/Corn_leaf_blight/train_Corn leaf blight_33.jpg,5,6,0.51540207862854
data/shared_subset/hybrid/target/Corn_leaf_blight/train_Corn leaf blight_122.jpg,5,5,0.6198249459266663
data/shared_subset/hybrid/target/Corn_leaf_blight/train_Corn leaf blight_8.jpg,5,6,0.3928578197956085
data/shared_subset/hybrid/target/Corn_leaf_blight/train_Corn leaf blight_159.jpg,5,4,0.9115694761276245
data/shared_subset/hybrid/target/Corn_leaf_blight/train_Corn leaf blight_19.jpg,5,4,0.9155100584030151
data/shared_subset/hybrid/target/Corn_leaf_blight/train_Corn leaf blight_109.jpg,5,5,0.9707395434379578
data/shared_subset/hybrid/target/Corn_leaf_blight/train_Corn leaf blight_163.jpg,5,5,0.8497441411018372
data/shared_subset/hybrid/target/Corn_leaf_blight/train_Corn leaf blight_165.jpg,5,4,0.8909921050071716
data/shared_subset/hybrid/target/Corn_leaf_blight/train_Corn leaf blight_178.jpg,5,4,0.4877123236656189
data/shared_subset/hybrid/target/Corn_leaf_blight/train_Corn leaf blight_42.jpg,5,5,0.703854501247406
data/shared_subset/hybrid/target/Corn_leaf_blight/train_Corn leaf blight_169.jpg,5,4,0.8883180618286133
data/shared_subset/hybrid/target/Corn_leaf_blight/train_Corn leaf blight_45.jpg,5,4,0.8843587636947632
data/shared_subset/hybrid/target/Corn_leaf_blight/train_Corn leaf blight_115.jpg,5,5,0.5315955877304077
data/shared_subset/hybrid/target/Corn_leaf_blight/train_Corn leaf blight_131.jpg,5,4,0.9327841401100159
data/shared_subset/hybrid/target/Corn_leaf_blight/train_Corn Gray leaf spot_47_1.jpg,5,5,0.8117384314537048
data/shared_subset/hybrid/target/Corn_leaf_blight/train_Corn leaf blight_20.jpg,5,6,0.760083794593811
data/shared_subset/hybrid/target/Corn_leaf_blight/train_Corn leaf blight_135.jpg,5,6,0.8805009126663208
data/shared_subset/hybrid/target/Corn_leaf_blight/train_Corn leaf blight_49.jpg,5,4,0.5642523169517517
data/shared_subset/hybrid/target/Corn_leaf_blight/train_Corn leaf blight_173.jpg,5,4,0.918191134929657
data/shared_subset/hybrid/target/Corn_leaf_blight/train_Corn leaf blight_84.jpg,5,5,0.49417373538017273
data/shared_subset/hybrid/target/Corn_leaf_blight/train_Corn leaf blight_69.jpg,5,4,0.9490266442298889
data/shared_subset/hybrid/target/Corn_leaf_blight/train_Corn leaf blight_22.jpg,5,4,0.45153212547302246
data/shared_subset/hybrid/target/Corn_leaf_blight/train_Corn leaf blight_79.jpg,5,4,0.7202543616294861
data/shared_subset/hybrid/target/Corn_leaf_blight/train_Corn leaf blight_61.jpg,5,5,0.9965509176254272
data/shared_subset/hybrid/target/Corn_leaf_blight/train_Corn leaf blight_158.jpg,5,5,0.5243633389472961
data/shared_subset/hybrid/target/Corn_leaf_blight/train_Corn leaf blight_30.jpg,5,4,0.9499757885932922
data/shared_subset/hybrid/target/Corn_leaf_blight/train_Corn leaf blight_58.jpg,5,5,0.5148051977157593
data/shared_subset/hybrid/target/Corn_leaf_blight/train_Corn leaf blight_41.jpg,5,5,0.7137210965156555
data/shared_subset/hybrid/target/Corn_leaf_blight/train_Corn leaf blight_7.jpg,5,5,0.9979481101036072
data/shared_subset/hybrid/target/Corn_leaf_blight/train_Corn leaf blight_48.jpg,5,6,0.8166525363922119
data/shared_subset/hybrid/target/Corn_leaf_blight/train_Corn leaf blight_92.jpg,5,4,0.958480179309845
data/shared_subset/hybrid/target/Corn_leaf_blight/train_Corn leaf blight_151.jpg,5,5,0.6910949349403381
data/shared_subset/hybrid/target/Corn_leaf_blight/train_Corn leaf blight_86.jpg,5,5,0.9902037382125854
data/shared_subset/hybrid/target/Corn_leaf_blight/train_Corn leaf blight_46.jpg,5,5,0.8536001443862915
data/shared_subset/hybrid/target/Corn_leaf_blight/train_Corn leaf blight_75.jpg,5,4,0.5008774399757385
data/shared_subset/hybrid/target/Corn_leaf_blight/train_Corn leaf blight_64.jpg,5,5,0.7069103717803955
data/shared_subset/hybrid/target/Corn_leaf_blight/train_Corn leaf blight_129.jpg,5,5,0.4666336476802826
data/shared_subset/hybrid/target/Corn_leaf_blight/train_Corn leaf blight_172.jpg,5,5,0.739700436592102
data/shared_subset/hybrid/target/Corn_leaf_blight/train_Corn leaf blight_31.jpg,5,6,0.9998087286949158
data/shared_subset/hybrid/target/Corn_leaf_blight/train_Corn leaf blight_29.jpg,5,4,0.9686343669891357
data/shared_subset/hybrid/target/Corn_leaf_blight/train_Corn leaf blight_12.jpg,5,6,0.8242653012275696
data/shared_subset/hybrid/target/Corn_leaf_blight/train_Corn leaf blight_121.jpg,5,6,0.9992491602897644
data/shared_subset/hybrid/target/Corn_leaf_blight/train_Corn leaf blight_66.jpg,5,5,0.929157555103302
data/shared_subset/hybrid/target/Corn_leaf_blight/train_Corn leaf blight_34.jpg,5,4,0.6732884645462036
data/shared_subset/hybrid/target/Corn_leaf_blight/train_Corn leaf blight_127.jpg,5,4,0.6669672727584839
data/shared_subset/hybrid/target/Corn_leaf_blight/train_Corn leaf blight_81.jpg,5,5,0.7421509623527527
data/shared_subset/hybrid/target/Corn_leaf_blight/train_Corn leaf blight_108.jpg,5,6,0.9954642653465271
data/shared_subset/hybrid/target/Corn_leaf_blight/train_Corn leaf blight_147.jpg,5,4,0.5578033924102783
data/shared_subset/hybrid/target/Corn_leaf_blight/train_Corn leaf blight_125.jpg,5,4,0.6170387864112854
data/shared_subset/hybrid/target/Corn_leaf_blight/train_Corn leaf blight_171.jpg,5,5,0.9266769886016846
data/shared_subset/hybrid/target/Corn_leaf_blight/train_Corn leaf blight_154.jpg,5,4,0.6686016321182251
data/shared_subset/hybrid/target/Corn_leaf_blight/train_Corn leaf blight_140.jpg,5,4,0.9923227429389954
data/shared_subset/hybrid/target/Corn_leaf_blight/train_Corn leaf blight_67.jpg,5,4,0.6543834209442139
data/shared_subset/hybrid/target/Corn_leaf_blight/train_Corn leaf blight_6.jpg,5,5,0.5064330697059631
data/shared_subset/hybrid/target/Corn_leaf_blight/train_Corn leaf blight_71.jpg,5,4,0.5536978244781494
data/shared_subset/hybrid/target/Corn_leaf_blight/train_Corn leaf blight_23.jpg,5,4,0.5806935429573059
data/shared_subset/hybrid/target/Corn_leaf_blight/train_Corn leaf blight_11.jpg,5,5,0.5942507982254028
data/shared_subset/hybrid/target/Corn_leaf_blight/train_Corn leaf blight_101.jpg,5,4,0.9316516518592834
data/shared_subset/hybrid/target/Corn_leaf_blight/train_Corn leaf blight_132.jpg,5,5,0.9610210657119751
data/shared_subset/hybrid/target/Corn_leaf_blight/train_Corn leaf blight_15.jpg,5,5,0.8420114517211914
data/shared_subset/hybrid/target/Corn_leaf_blight/train_Corn leaf blight_54.jpg,5,4,0.5808064937591553
data/shared_subset/hybrid/target/Corn_leaf_blight/train_Corn leaf blight_143.jpg,5,6,0.994195282459259
data/shared_subset/hybrid/target/Corn_leaf_blight/train_Corn leaf blight_139.jpg,5,4,0.9793213605880737
data/shared_subset/hybrid/target/Corn_leaf_blight/train_Corn leaf blight_4.jpg,5,4,0.8642547726631165
data/shared_subset/hybrid/target/Corn_leaf_blight/train_Corn leaf blight_37.jpg,5,4,0.8403018116950989
data/shared_subset/hybrid/target/Corn_leaf_blight/train_Corn leaf blight_93.jpg,5,4,0.5056762099266052
data/shared_subset/hybrid/target/Corn_leaf_blight/train_Corn leaf blight_104.jpg,5,4,0.9779372811317444
data/shared_subset/hybrid/target/Corn_leaf_blight/train_Corn leaf blight_98.jpg,5,5,0.597710907459259
data/shared_subset/hybrid/target/Corn_leaf_blight/train_Corn leaf blight_177.jpg,5,4,0.5873573422431946
data/shared_subset/hybrid/target/Corn_leaf_blight/train_Corn leaf blight_96.jpg,5,6,0.9998910427093506
data/shared_subset/hybrid/target/Corn_leaf_blight/train_Corn leaf blight_138.jpg,5,5,0.8267539143562317
data/shared_subset/hybrid/target/Corn_leaf_blight/train_Corn leaf blight_88.jpg,5,5,0.9774249792098999
data/shared_subset/hybrid/target/Corn_leaf_blight/train_Corn leaf blight_113.jpg,5,5,0.9220024347305298
data/shared_subset/hybrid/target/Corn_leaf_blight/train_Corn leaf blight_28.jpg,5,4,0.940626323223114
data/shared_subset/hybrid/target/Corn_leaf_blight/train_Corn leaf blight_2.jpg,5,4,0.7945319414138794
data/shared_subset/hybrid/target/Corn_leaf_blight/train_Corn leaf blight_21.jpg,5,4,0.6728852391242981
data/shared_subset/hybrid/target/Corn_leaf_blight/train_Corn leaf blight_95.jpg,5,4,0.6988734602928162
data/shared_subset/hybrid/target/Corn_leaf_blight/train_Corn leaf blight_105.jpg,5,4,0.4780482053756714
data/shared_subset/hybrid/target/Corn_leaf_blight/train_Corn leaf blight_18.jpg,5,4,0.9863198399543762
data/shared_subset/hybrid/target/Corn_leaf_blight/train_Corn leaf blight_170.jpg,5,6,0.5852435827255249
data/shared_subset/hybrid/target/Corn_leaf_blight/train_Corn leaf blight_180.jpg,5,6,0.3476627767086029
data/shared_subset/hybrid/target/Corn_leaf_blight/train_Corn leaf blight_56.jpg,5,5,0.5626871585845947
data/shared_subset/hybrid/target/Corn_leaf_blight/train_Corn leaf blight_179.jpg,5,4,0.9807904958724976
data/shared_subset/hybrid/target/Corn_leaf_blight/train_Corn leaf blight_83.jpg,5,4,0.7412697076797485
data/shared_subset/hybrid/target/Corn_leaf_blight/train_Corn leaf blight_89.jpg,5,1,0.8717100620269775
data/shared_subset/hybrid/target/Corn_leaf_blight/train_Corn leaf blight_155.jpg,5,4,0.9391946792602539
data/shared_subset/hybrid/target/Corn_leaf_blight/train_Corn leaf blight_102.jpg,5,4,0.8927420973777771
data/shared_subset/hybrid/target/Corn_leaf_blight/train_Corn leaf blight_141.jpg,5,6,0.697536826133728
data/shared_subset/hybrid/target/Corn_leaf_blight/train_Corn leaf blight_70.jpg,5,5,0.8000593781471252
data/shared_subset/hybrid/target/Corn_leaf_blight/train_Corn leaf blight_38.jpg,5,5,0.607002854347229
data/shared_subset/hybrid/target/Corn_leaf_blight/train_Corn leaf blight_103.jpg,5,6,0.9590835571289062
data/shared_subset/hybrid/target/Corn_leaf_blight/train_Corn leaf blight_5.jpg,5,4,0.8552284240722656
data/shared_subset/hybrid/target/Corn_leaf_blight/train_Corn leaf blight_128.jpg,5,4,0.7134751677513123
data/shared_subset/hybrid/target/Corn_leaf_blight/train_Corn leaf blight_68.jpg,5,5,0.8694544434547424
data/shared_subset/hybrid/target/Corn_leaf_blight/train_Corn leaf blight_24.jpg,5,4,0.8715000748634338
data/shared_subset/hybrid/target/Corn_leaf_blight/train_Corn leaf blight_9.jpg,5,9,0.9390472769737244
data/shared_subset/hybrid/target/Corn_leaf_blight/train_Corn leaf blight_78.jpg,5,5,0.9996041655540466
data/shared_subset/hybrid/target/Corn_leaf_blight/train_Corn Gray leaf spot_42_1.jpg,5,4,0.8669223189353943
data/shared_subset/hybrid/target/Corn_leaf_blight/train_Corn leaf blight_124.jpg,5,4,0.4992310404777527
data/shared_subset/hybrid/target/Corn_leaf_blight/train_Corn leaf blight_166.jpg,5,4,0.858269453048706
data/shared_subset/hybrid/target/Corn_leaf_blight/train_Corn leaf blight_157.jpg,5,6,0.6530293226242065
data/shared_subset/hybrid/target/Corn_leaf_blight/train_Corn leaf blight_55.jpg,5,4,0.9436619281768799
data/shared_subset/hybrid/target/Corn_leaf_blight/train_Corn leaf blight_53.jpg,5,5,0.40040940046310425
data/shared_subset/hybrid/target/Corn_leaf_blight/train_Corn leaf blight_13.jpg,5,5,0.9962975382804871
data/shared_subset/hybrid/target/Corn_leaf_blight/train_Corn leaf blight_17.jpg,5,4,0.9966990351676941
data/shared_subset/hybrid/target/Corn_leaf_blight/train_Corn leaf blight_60.jpg,5,5,0.9278347492218018
data/shared_subset/hybrid/target/Corn_leaf_blight/train_Corn leaf blight_76.jpg,5,4,0.9891707301139832
data/shared_subset/hybrid/target/Corn_leaf_blight/train_Corn leaf blight_25.jpg,5,5,0.4923687279224396
data/shared_subset/hybrid/target/Corn_leaf_blight/train_Corn leaf blight_111.jpg,5,4,0.7791455984115601
data/shared_subset/hybrid/target/Corn_leaf_blight/train_Corn leaf blight_146.jpg,5,5,0.950478732585907
data/shared_subset/hybrid/target/Corn_leaf_blight/train_Corn leaf blight_44.jpg,5,4,0.7329581379890442
data/shared_subset/hybrid/target/Corn_leaf_blight/train_Corn leaf blight_120.jpg,5,5,0.8114677667617798
data/shared_subset/hybrid/target/Corn_leaf_blight/train_Corn leaf blight_130.jpg,5,4,0.4961397051811218
data/shared_subset/hybrid/target/Corn_leaf_blight/train_Corn leaf blight_52.jpg,5,3,0.43566402792930603
data/shared_subset/hybrid/target/Corn_leaf_blight/train_Corn leaf blight_117.jpg,5,4,0.8288785219192505
data/shared_subset/hybrid/target/Corn_leaf_blight/train_Corn leaf blight_72.jpg,5,5,0.5230678915977478
data/shared_subset/hybrid/target/Corn_leaf_blight/train_Corn leaf blight_85.jpg,5,6,0.9999949932098389
data/shared_subset/hybrid/target/Corn_leaf_blight/train_Corn leaf blight_10.jpg,5,4,0.8317041397094727
data/shared_subset/hybrid/target/Corn_leaf_blight/train_Corn leaf blight_80.jpg,5,4,0.805316150188446
data/shared_subset/hybrid/target/Corn_leaf_blight/train_Corn leaf blight_47.jpg,5,6,0.9497389197349548
data/shared_subset/hybrid/target/Corn_leaf_blight/train_Corn leaf blight_36.jpg,5,4,0.750619649887085
data/shared_subset/hybrid/target/Corn_leaf_blight/train_Corn leaf blight_176.jpg,5,4,0.5429568886756897
data/shared_subset/hybrid/target/Corn_rust_leaf/train_Corn rust leaf_71.jpg,6,6,0.7684975266456604
data/shared_subset/hybrid/target/Corn_rust_leaf/train_Corn rust leaf_16.jpg,6,6,0.5916324257850647
data/shared_subset/hybrid/target/Corn_rust_leaf/train_Corn rust leaf_103.jpg,6,6,0.9711971879005432
data/shared_subset/hybrid/target/Corn_rust_leaf/train_Corn rust leaf_58.jpg,6,4,0.9214452505111694
data/shared_subset/hybrid/target/Corn_rust_leaf/train_Corn rust leaf_99.jpg,6,6,0.4033283293247223
data/shared_subset/hybrid/target/Corn_rust_leaf/train_Corn rust leaf_17.jpg,6,5,0.7216686606407166
data/shared_subset/hybrid/target/Corn_rust_leaf/train_Corn rust leaf_52.jpg,6,5,0.49873706698417664
data/shared_subset/hybrid/target/Corn_rust_leaf/train_Corn rust leaf_86.jpg,6,5,0.4721026122570038
data/shared_subset/hybrid/target/Corn_rust_leaf/train_Corn rust leaf_8.jpg,6,5,0.9430434107780457
data/shared_subset/hybrid/target/Corn_rust_leaf/train_Corn rust leaf_60.jpg,6,5,0.8610418438911438
data/shared_subset/hybrid/target/Corn_rust_leaf/train_Corn rust leaf_54.jpg,6,4,0.9184339046478271
data/shared_subset/hybrid/target/Corn_rust_leaf/train_Corn rust leaf_66.jpg,6,5,0.7335825562477112
data/shared_subset/hybrid/target/Corn_rust_leaf/train_Corn rust leaf_84.jpg,6,6,0.9696202874183655
data/shared_subset/hybrid/target/Corn_rust_leaf/train_Corn rust leaf_36.jpg,6,5,0.9490783214569092
data/shared_subset/hybrid/target/Corn_rust_leaf/train_Corn rust leaf_105_2.jpg,6,4,0.9853672981262207
data/shared_subset/hybrid/target/Corn_rust_leaf/train_Corn rust leaf_57.jpg,6,6,0.9480007290840149
data/shared_subset/hybrid/target/Corn_rust_leaf/train_Corn rust leaf_90.jpg,6,4,0.6046242117881775
data/shared_subset/hybrid/target/Corn_rust_leaf/train_Corn rust leaf_22.jpg,6,4,0.9425665140151978
data/shared_subset/hybrid/target/Corn_rust_leaf/train_Corn rust leaf_13.jpg,6,5,0.7326232194900513
data/shared_subset/hybrid/target/Corn_rust_leaf/train_Corn rust leaf_80.jpg,6,6,0.9605966210365295
data/shared_subset/hybrid/target/Corn_rust_leaf/train_Corn rust leaf_73.jpg,6,6,0.9908941984176636
data/shared_subset/hybrid/target/Corn_rust_leaf/train_Corn rust leaf_11.jpg,6,4,0.8983454704284668
data/shared_subset/hybrid/target/Corn_rust_leaf/train_Corn rust leaf_3.jpg,6,6,0.7418637871742249
data/shared_subset/hybrid/target/Corn_rust_leaf/train_Corn rust leaf_88.jpg,6,6,0.7992172241210938
data/shared_subset/hybrid/target/Corn_rust_leaf/train_Corn rust leaf_44.jpg,6,5,0.8475058674812317
data/shared_subset/hybrid/target/Corn_rust_leaf/train_Corn rust leaf_56.jpg,6,5,0.6558339595794678
data/shared_subset/hybrid/target/Corn_rust_leaf/train_Corn rust leaf_21.jpg,6,6,0.9999257326126099
data/shared_subset/hybrid/target/Corn_rust_leaf/train_Corn rust leaf_47.jpg,6,5,0.6393710970878601
data/shared_subset/hybrid/target/Corn_rust_leaf/train_Corn rust leaf_81.jpg,6,6,0.999870777130127
data/shared_subset/hybrid/target/Corn_rust_leaf/train_Corn rust leaf_4.jpg,6,5,0.929037868976593
data/shared_subset/hybrid/target/Corn_rust_leaf/train_Corn rust leaf_46.jpg,6,4,0.8121241927146912
data/shared_subset/hybrid/target/Corn_rust_leaf/train_Corn rust leaf_9.jpg,6,6,0.9502140879631042
data/shared_subset/hybrid/target/Corn_rust_leaf/train_Corn rust leaf_102.jpg,6,6,0.9998335838317871
data/shared_subset/hybrid/target/Corn_rust_leaf/train_Corn rust leaf_10.jpg,6,5,0.5927333831787109
data/shared_subset/hybrid/target/Corn_rust_leaf/train_Corn rust leaf_75.jpg,6,5,0.9536048173904419
data/shared_subset/hybrid/target/Corn_rust_leaf/train_Corn rust leaf_92.jpg,6,6,0.9738882780075073
data/shared_subset/hybrid/target/Corn_rust_leaf/train_Corn rust leaf_55.jpg,6,5,0.857021152973175
data/shared_subset/hybrid/target/Corn_rust_leaf/train_Corn rust leaf_45.jpg,6,4,0.42867958545684814
data/shared_subset/hybrid/target/Corn_rust_leaf/train_Corn rust leaf_19.jpg,6,4,0.4915672540664673
data/shared_subset/hybrid/target/Corn_rust_leaf/train_Corn rust leaf_42.jpg,6,5,0.9602238535881042
data/shared_subset/hybrid/target/Corn_rust_leaf/train_Corn rust leaf_96.jpg,6,4,0.6785407662391663
data/shared_subset/hybrid/target/Corn_rust_leaf/train_Corn rust leaf_31.jpg,6,6,0.9999785423278809
data/shared_subset/hybrid/target/Corn_rust_leaf/train_Corn rust leaf_51.jpg,6,6,0.9998941421508789
data/shared_subset/hybrid/target/Corn_rust_leaf/train_Corn rust leaf_18.jpg,6,6,0.9832344055175781
data/shared_subset/hybrid/target/Corn_rust_leaf/train_Corn rust leaf_67.jpg,6,6,0.9604983925819397
data/shared_subset/hybrid/target/Corn_rust_leaf/train_Corn rust leaf_68.jpg,6,6,0.9726831316947937
data/shared_subset/hybrid/target/Corn_rust_leaf/train_Corn rust leaf_7.jpg,6,5,0.5952198505401611
data/shared_subset/hybrid/target/Corn_rust_leaf/train_Corn rust leaf_95.jpg,6,6,0.9678915739059448
data/shared_subset/hybrid/target/Corn_rust_leaf/train_Corn rust leaf_63.jpg,6,5,0.9727504849433899
data/shared_subset/hybrid/target/Corn_rust_leaf/train_Corn rust leaf_1.jpg,6,6,0.9801207184791565
data/shared_subset/hybrid/target/Corn_rust_leaf/train_Corn rust leaf_61.jpg,6,6,0.8926342725753784
data/shared_subset/hybrid/target/Corn_rust_leaf/train_Corn rust leaf_104.jpg,6,4,0.8635895252227783
data/shared_subset/hybrid/target/Corn_rust_leaf/train_Corn rust leaf_26.jpg,6,5,0.7287611365318298
data/shared_subset/hybrid/target/Corn_rust_leaf/train_Corn rust leaf_87.jpg,6,4,0.8589583039283752
data/shared_subset/hybrid/target/Corn_rust_leaf/train_Corn rust leaf_37.jpg,6,5,0.8588012456893921
data/shared_subset/hybrid/target/Corn_rust_leaf/train_Corn rust leaf_83.jpg,6,6,0.7666067481040955
data/shared_subset/hybrid/target/Corn_rust_leaf/train_Corn rust leaf_29.jpg,6,5,0.8592144846916199
data/shared_subset/hybrid/target/Corn_rust_leaf/train_Corn rust leaf_33.jpg,6,6,0.5755099654197693
data/shared_subset/hybrid/target/Corn_rust_leaf/train_Corn rust leaf_39.jpg,6,4,0.48412075638771057
data/shared_subset/hybrid/target/Corn_rust_leaf/train_Corn rust leaf_2.jpg,6,6,0.9973961114883423
data/shared_subset/hybrid/target/Corn_rust_leaf/train_Corn rust leaf_97.jpg,6,6,0.9515668749809265
data/shared_subset/hybrid/target/Corn_rust_leaf/train_Corn rust leaf_24.jpg,6,6,0.7047524452209473
data/shared_subset/hybrid/target/Corn_rust_leaf/train_Corn rust leaf_25.jpg,6,6,0.9999129772186279
data/shared_subset/hybrid/target/Corn_rust_leaf/train_Corn rust leaf_85.jpg,6,6,0.934107780456543
data/shared_subset/hybrid/target/Corn_rust_leaf/train_Corn rust leaf_69.jpg,6,6,0.9573087096214294
data/shared_subset/hybrid/target/Corn_rust_leaf/train_Corn rust leaf_40.jpg,6,6,0.7086274027824402
data/shared_subset/hybrid/target/Corn_rust_leaf/train_Corn rust leaf_79.jpg,6,6,0.9233454465866089
data/shared_subset/hybrid/target/Corn_rust_leaf/train_Corn rust leaf_6.jpg,6,4,0.977167546749115
data/shared_subset/hybrid/target/Corn_rust_leaf/train_Corn rust leaf_93.jpg,6,5,0.8480156660079956
data/shared_subset/hybrid/target/Corn_rust_leaf/train_Corn rust leaf_72.jpg,6,6,0.9858989715576172
data/shared_subset/hybrid/target/Corn_rust_leaf/train_Corn rust leaf_105_1.jpg,6,5,0.918709933757782
data/shared_subset/hybrid/target/Corn_rust_leaf/train_Corn rust leaf_23.jpg,6,5,0.6591834425926208
data/shared_subset/hybrid/target/Corn_rust_leaf/train_Corn rust leaf_14.jpg,6,5,0.7255610823631287
data/shared_subset/hybrid/target/Corn_rust_leaf/train_Corn rust leaf_30.jpg,6,5,0.545744776725769
data/shared_subset/hybrid/target/Corn_rust_leaf/train_Corn rust leaf_77.jpg,6,4,0.5570119023323059
data/shared_subset/hybrid/target/Corn_rust_leaf/train_Corn rust leaf_91.jpg,6,4,0.6427136063575745
data/shared_subset/hybrid/target/Corn_rust_leaf/train_Corn rust leaf_98.jpg,6,3,0.750117301940918
data/shared_subset/hybrid/target/Corn_rust_leaf/train_Corn rust leaf_27.jpg,6,5,0.7628151774406433
data/shared_subset/hybrid/target/Corn_rust_leaf/train_Corn rust leaf_53.jpg,6,6,0.9744704365730286
data/shared_subset/hybrid/target/Corn_rust_leaf/train_Corn rust leaf_70.jpg,6,5,0.9771894812583923
data/shared_subset/hybrid/target/Corn_rust_leaf/train_Corn rust leaf_35.jpg,6,5,0.4313339293003082
data/shared_subset/hybrid/target/Corn_rust_leaf/train_Corn rust leaf_28.jpg,6,6,0.9988289475440979
data/shared_subset/hybrid/target/Corn_rust_leaf/train_Corn rust leaf_62.jpg,6,5,0.8141274452209473
data/shared_subset/hybrid/target/Corn_rust_leaf/train_Corn rust leaf_76.jpg,6,4,0.5594429969787598
data/shared_subset/hybrid/target/Corn_rust_leaf/train_Corn rust leaf_48.jpg,6,5,0.7989546060562134
data/shared_subset/hybrid/target/Corn_rust_leaf/train_Corn rust leaf_41.jpg,6,5,0.5868105888366699
data/shared_subset/hybrid/target/Corn_rust_leaf/train_Corn rust leaf_78.jpg,6,6,0.9895212650299072
data/shared_subset/hybrid/target/Corn_rust_leaf/train_Corn rust leaf_43.jpg,6,6,0.9755149483680725
data/shared_subset/hybrid/target/Corn_rust_leaf/train_Corn rust leaf_64.jpg,6,5,0.8914309740066528
data/shared_subset/hybrid/target/Corn_rust_leaf/train_Corn rust leaf_20.jpg,6,5,0.9906730055809021
data/shared_subset/hybrid/target/Corn_rust_leaf/train_Corn rust leaf_101.jpg,6,5,0.4654148817062378
data/shared_subset/hybrid/target/Corn_rust_leaf/train_Corn rust leaf_32.jpg,6,5,0.8943718671798706
data/shared_subset/hybrid/target/Corn_rust_leaf/train_Corn rust leaf_50.jpg,6,6,0.998418927192688
data/shared_subset/hybrid/target/Corn_rust_leaf/train_Corn rust leaf_106.jpg,6,5,0.9577376842498779
data/shared_subset/hybrid/target/Corn_rust_leaf/train_Corn rust leaf_74.jpg,6,5,0.9060165882110596
data/shared_subset/hybrid/target/Corn_rust_leaf/train_Corn rust leaf_49.jpg,6,5,0.8623148798942566
data/shared_subset/hybrid/target/Corn_rust_leaf/train_Corn rust leaf_59.jpg,6,4,0.8280871510505676
data/shared_subset/hybrid/target/Corn_rust_leaf/train_Corn rust leaf_82.jpg,6,4,0.9038993120193481
data/shared_subset/hybrid/target/Corn_rust_leaf/train_Corn rust leaf_34.jpg,6,5,0.7094326019287109
data/shared_subset/hybrid/target/Corn_rust_leaf/train_Corn rust leaf_15.jpg,6,6,0.6908720135688782
data/shared_subset/hybrid/target/Corn_rust_leaf/train_Corn rust leaf_65.jpg,6,4,0.9652549624443054
data/shared_subset/hybrid/target/Corn_rust_leaf/train_Corn rust leaf_38.jpg,6,5,0.5475919246673584
data/shared_subset/hybrid/target/Corn_rust_leaf/train_Corn rust leaf_12.jpg,6,5,0.5015036463737488
data/shared_subset/hybrid/target/Corn_rust_leaf/train_Corn rust leaf_100.jpg,6,5,0.6894366145133972
data/shared_subset/hybrid/target/Corn_rust_leaf/train_Corn rust leaf_89.jpg,6,6,0.9114010334014893
data/shared_subset/hybrid/target/Corn_rust_leaf/train_Corn rust leaf_5.jpg,6,6,0.8470152020454407
data/shared_subset/hybrid/target/Corn_rust_leaf/train_Corn rust leaf_94.jpg,6,5,0.8928513526916504
data/shared_subset/hybrid/target/Potato_leaf_early_blight/train_Potato leaf early blight_85_2.jpg,7,5,0.6758655905723572
data/shared_subset/hybrid/target/Potato_leaf_early_blight/train_Potato leaf early blight_17.jpg,7,8,0.9668462872505188
data/shared_subset/hybrid/target/Potato_leaf_early_blight/train_Potato leaf early blight_54.jpg,7,5,0.663516640663147
data/shared_subset/hybrid/target/Potato_leaf_early_blight/train_Potato leaf early blight_78_1.jpg,7,8,0.5141685009002686
data/shared_subset/hybrid/target/Potato_leaf_early_blight/train_Potato leaf early blight_7_1.jpg,7,9,0.28192973136901855
data/shared_subset/hybrid/target/Potato_leaf_early_blight/train_Potato leaf early blight_30.jpg,7,7,0.7264659404754639
data/shared_subset/hybrid/target/Potato_leaf_early_blight/train_Potato leaf early blight_98_5.jpg,7,5,0.9274988770484924
data/shared_subset/hybrid/target/Potato_leaf_early_blight/train_Potato leaf early blight_44.jpg,7,4,0.4235713481903076
data/shared_subset/hybrid/target/Potato_leaf_early_blight/train_Potato leaf early blight_104_1.jpg,7,8,0.8605242371559143
data/shared_subset/hybrid/target/Potato_leaf_early_blight/train_Potato leaf early blight_46.jpg,7,4,0.5856766700744629
data/shared_subset/hybrid/target/Potato_leaf_early_blight/train_Potato leaf early blight_68.jpg,7,7,0.9951920509338379
data/shared_subset/hybrid/target/Potato_leaf_early_blight/train_Potato leaf early blight_94_1.jpg,7,8,0.9948051571846008
data/shared_subset/hybrid/target/Potato_leaf_early_blight/train_Potato leaf early blight_86.jpg,7,5,0.30002066493034363
data/shared_subset/hybrid/target/Potato_leaf_early_blight/train_Potato leaf early blight_94_5.jpg,7,8,0.8212239742279053
data/shared_subset/hybrid/target/Potato_leaf_early_blight/train_Potato leaf early blight_51.jpg,7,3,0.5242729187011719
data/shared_subset/hybrid/target/Potato_leaf_early_blight/train_Potato leaf early blight_98_4.jpg,7,5,0.8180121183395386
data/shared_subset/hybrid/target/Potato_leaf_early_blight/train_Potato leaf early blight_108.jpg,7,9,0.56617671251297
data/shared_subset/hybrid/target/Potato_leaf_early_blight/train_Potato leaf early blight_76.jpg,7,7,0.8256964087486267
data/shared_subset/hybrid/target/Potato_leaf_early_blight/train_Potato leaf early blight_35.jpg,7,10,0.8242524266242981
data/shared_subset/hybrid/target/Potato_leaf_early_blight/train_Potato leaf early blight_20.jpg,7,9,0.9538851380348206
data/shared_subset/hybrid/target/Potato_leaf_early_blight/train_Potato leaf early blight_83_3.jpg,7,3,0.5928480625152588
data/shared_subset/hybrid/target/Potato_leaf_early_blight/train_Potato leaf early blight_94_2.jpg,7,8,0.9755168557167053
data/shared_subset/hybrid/target/Potato_leaf_early_blight/train_Potato leaf early blight_88_5.jpg,7,8,0.44487980008125305
data/shared_subset/hybrid/target/Potato_leaf_early_blight/train_Potato leaf early blight_18.jpg,7,7,0.41350650787353516
data/shared_subset/hybrid/target/Potato_leaf_early_blight/train_Potato leaf early blight_106.jpg,7,5,0.7200959324836731
data/shared_subset/hybrid/target/Potato_leaf_early_blight/train_Potato leaf early blight_48.jpg,7,9,0.659936785697937
data/shared_subset/hybrid/target/Potato_leaf_early_blight/train_Potato leaf early blight_94_4.jpg,7,8,0.8944001197814941
data/shared_subset/hybrid/target/Potato_leaf_early_blight/train_Potato leaf early blight_37.jpg,7,5,0.5892278552055359
data/shared_subset/hybrid/target/Potato_leaf_early_blight/train_Potato leaf early blight_71.jpg,7,5,0.5798834562301636
data/shared_subset/hybrid/target/Potato_leaf_early_blight/train_Potato leaf early blight_14.jpg,7,7,0.9987848401069641
data/shared_subset/hybrid/target/Potato_leaf_early_blight/train_Potato leaf early blight_13_4.jpg,7,7,0.5695911049842834
data/shared_subset/hybrid/target/Potato_leaf_early_blight/train_Potato leaf early blight_2.jpg,7,17,0.6055019497871399
data/shared_subset/hybrid/target/Potato_leaf_early_blight/train_Potato leaf early blight_82.jpg,7,7,0.7537583112716675
data/shared_subset/hybrid/target/Potato_leaf_early_blight/train_Potato leaf early blight_80.jpg,7,8,0.5138211846351624
data/shared_subset/hybrid/target/Potato_leaf_early_blight/train_Potato leaf early blight_85_6.jpg,7,7,0.4165811836719513
data/shared_subset/hybrid/target/Potato_leaf_early_blight/train_Potato leaf early blight_66_2.jpg,7,4,0.646510660648346
data/shared_subset/hybrid/target/Potato_leaf_early_blight/train_Potato leaf early blight_28_1.jpg,7,9,0.5361176133155823
data/shared_subset/hybrid/target/Potato_leaf_early_blight/train_Potato leaf early blight_9.jpg,7,5,0.638737678527832
data/shared_subset/hybrid/target/Potato_leaf_early_blight/train_Potato leaf early blight_52.jpg,7,8,0.4995840787887573
data/shared_subset/hybrid/target/Potato_leaf_early_blight/train_Potato leaf early blight_24.jpg,7,3,0.9059521555900574
data/shared_subset/hybrid/target/Potato_leaf_early_blight/train_Potato leaf early blight_78_3.jpg,7,7,0.5916727185249329
data/shared_subset/hybrid/target/Potato_leaf_early_blight/train_Potato leaf early blight_101.jpg,7,8,0.8702929019927979
data/shared_subset/hybrid/target/Potato_leaf_early_blight/train_Potato leaf early blight_93.jpg,7,4,0.618439793586731
data/shared_subset/hybrid/target/Potato_leaf_early_blight/train_Potato leaf early blight_91.jpg,7,9,0.9233643412590027
data/shared_subset/hybrid/target/Potato_leaf_early_blight/train_Potato leaf early blight_72.jpg,7,5,0.38226374983787537
data/shared_subset/hybrid/target/Potato_leaf_early_blight/train_Potato leaf early blight_4.jpg,7,6,0.4819695055484772
data/shared_subset/hybrid/target/Potato_leaf_early_blight/train_Potato leaf early blight_98_7.jpg,7,5,0.9225478768348694
data/shared_subset/hybrid/target/Potato_leaf_early_blight/train_Potato leaf early blight_83_2.jpg,7,7,0.323842853307724
data/shared_subset/hybrid/target/Potato_leaf_early_blight/train_Potato leaf early blight_81.jpg,7,5,0.5420598983764648
data/shared_subset/hybrid/target/Potato_leaf_early_blight/train_Potato leaf early blight_1.jpg,7,11,0.33972829580307007
data/shared_subset/hybrid/target/Potato_leaf_early_blight/train_Potato leaf early blight_58.jpg,7,9,0.3686410188674927
data/shared_subset/hybrid/target/Potato_leaf_early_blight/train_Potato leaf early blight_83_6.jpg,7,6,0.9397740960121155
data/shared_subset/hybrid/target/Potato_leaf_early_blight/train_Potato leaf early blight_98_3.jpg,7,5,0.909217119216919
data/shared_subset/hybrid/target/Potato_leaf_early_blight/train_Potato leaf early blight_13_1.jpg,7,7,0.8909205198287964
data/shared_subset/hybrid/target/Potato_leaf_early_blight/train_Potato leaf early blight_40.jpg,7,7,0.9650116562843323
data/shared_subset/hybrid/target/Potato_leaf_early_blight/train_Potato leaf early blight_78_54.jpg,7,4,0.6878355741500854
data/shared_subset/hybrid/target/Potato_leaf_early_blight/train_Potato leaf early blight_13_7.jpg,7,5,0.45446082949638367
data/shared_subset/hybrid/target/Potato_leaf_early_blight/train_Potato leaf early blight_83_1.jpg,7,4,0.5330597162246704
data/shared_subset/hybrid/target/Potato_leaf_early_blight/train_Potato leaf early blight_85_1.jpg,7,5,0.5579484105110168
data/shared_subset/hybrid/target/Potato_leaf_early_blight/train_Potato leaf early blight_41_3.jpg,7,9,0.6112108826637268
data/shared_subset/hybrid/target/Potato_leaf_early_blight/train_Potato leaf early blight_97.jpg,7,5,0.5106599926948547
data/shared_subset/hybrid/target/Potato_leaf_early_blight/train_Potato leaf early blight_98_1.jpg,7,5,0.5039169192314148
data/shared_subset/hybrid/target/Potato_leaf_early_blight/train_Potato leaf early blight_5.jpg,7,5,0.4099075198173523
data/shared_subset/hybrid/target/Potato_leaf_early_blight/train_Potato leaf early blight_98_8.jpg,7,5,0.7430919408798218
data/shared_subset/hybrid/target/Potato_leaf_early_blight/train_Potato leaf early blight_88_2.jpg,7,5,0.7655255198478699
data/shared_subset/hybrid/target/Potato_leaf_early_blight/train_Potato leaf early blight_94_6.jpg,7,8,0.5336500406265259
data/shared_subset/hybrid/target/Potato_leaf_early_blight/train_Potato leaf early blight_79.jpg,7,5,0.3653867840766907
data/shared_subset/hybrid/target/Potato_leaf_early_blight/train_Potato leaf early blight_105.jpg,7,5,0.40046149492263794
data/shared_subset/hybrid/target/Potato_leaf_early_blight/train_Potato leaf early blight_70.jpg,7,9,0.47240936756134033
data/shared_subset/hybrid/target/Potato_leaf_early_blight/train_Potato leaf early blight_13_6.jpg,7,5,0.7572266459465027
data/shared_subset/hybrid/target/Potato_leaf_early_blight/train_Potato leaf early blight_41_1.jpg,7,5,0.7973111867904663
data/shared_subset/hybrid/target/Potato_leaf_early_blight/train_Potato leaf early blight_13_2.jpg,7,7,0.6139175295829773
data/shared_subset/hybrid/target/Potato_leaf_early_blight/train_Potato leaf early blight_90.jpg,7,8,0.3314265310764313
data/shared_subset/hybrid/target/Potato_leaf_early_blight/train_Potato leaf early blight_10.jpg,7,7,0.2767689526081085
data/shared_subset/hybrid/target/Potato_leaf_early_blight/train_Potato leaf early blight_47.jpg,7,8,0.9824876189231873
data/shared_subset/hybrid/target/Potato_leaf_early_blight/train_Potato leaf early blight_67.jpg,7,5,0.7162266969680786
data/shared_subset/hybrid/target/Potato_leaf_early_blight/train_Potato leaf early blight_33.jpg,7,8,0.596609890460968
data/shared_subset/hybrid/target/Potato_leaf_early_blight/train_Potato leaf early blight_38.jpg,7,5,0.7803335785865784
data/shared_subset/hybrid/target/Potato_leaf_early_blight/train_Potato leaf early blight_88_3.jpg,7,5,0.8332315683364868
data/shared_subset/hybrid/target/Potato_leaf_early_blight/train_Potato leaf early blight_49.jpg,7,5,0.771807074546814
data/shared_subset/hybrid/target/Potato_leaf_early_blight/train_Potato leaf early blight_57.jpg,7,5,0.5758954882621765
data/shared_subset/hybrid/target/Potato_leaf_early_blight/train_Potato leaf early blight_83_7.jpg,7,6,0.7881040573120117
data/shared_subset/hybrid/target/Potato_leaf_early_blight/train_Potato leaf early blight_41_5.jpg,7,5,0.7415944337844849
data/shared_subset/hybrid/target/Potato_leaf_early_blight/train_Potato leaf early blight_66_1.jpg,7,8,0.8986237049102783
data/shared_subset/hybrid/target/Potato_leaf_early_blight/train_Potato leaf early blight_95.jpg,7,5,0.6234907507896423
data/shared_subset/hybrid/target/Potato_leaf_early_blight/train_Potato leaf early blight_29.jpg,7,5,0.44965609908103943
data/shared_subset/hybrid/target/Potato_leaf_early_blight/train_Potato leaf early blight_84.jpg,7,9,0.7726708054542542
data/shared_subset/hybrid/target/Potato_leaf_early_blight/train_Potato leaf early blight_88_4.jpg,7,6,0.5276238918304443
data/shared_subset/hybrid/target/Potato_leaf_early_blight/train_Potato leaf early blight_56.jpg,7,3,0.48100683093070984
data/shared_subset/hybrid/target/Potato_leaf_early_blight/train_Potato leaf early blight_64.jpg,7,5,0.8440723419189453
data/shared_subset/hybrid/target/Potato_leaf_early_blight/train_Potato leaf early blight_99_1.jpg,7,7,0.9759209156036377
data/shared_subset/hybrid/target/Potato_leaf_early_blight/train_Potato leaf early blight_42.jpg,7,5,0.4455696642398834
data/shared_subset/hybrid/target/Potato_leaf_early_blight/train_Potato leaf early blight_98_6.jpg,7,5,0.9064372181892395
data/shared_subset/hybrid/target/Potato_leaf_early_blight/train_Potato leaf early blight_88_1.jpg,7,5,0.7967681884765625
data/shared_subset/hybrid/target/Potato_leaf_early_blight/train_Potato leaf early blight_3.jpg,7,9,0.4967477321624756
data/shared_subset/hybrid/target/Potato_leaf_early_blight/train_Potato leaf early blight_75.jpg,7,5,0.4818718433380127
data/shared_subset/hybrid/target/Potato_leaf_early_blight/train_Potato leaf early blight_100.jpg,7,7,0.6057604551315308
data/shared_subset/hybrid/target/Potato_leaf_early_blight/train_Potato leaf early blight_15.jpg,7,7,0.7916311621665955
data/shared_subset/hybrid/target/Potato_leaf_early_blight/train_Potato leaf early blight_73.jpg,7,3,0.5586182475090027
data/shared_subset/hybrid/target/Potato_leaf_early_blight/train_Potato leaf early blight_39_2.jpg,7,8,0.9347643256187439
data/shared_subset/hybrid/target/Potato_leaf_early_blight/train_Potato leaf early blight_50.jpg,7,7,0.5831243991851807
data/shared_subset/hybrid/target/Potato_leaf_early_blight/train_Potato leaf early blight_27.jpg,7,7,0.7031862139701843
data/shared_subset/hybrid/target/Potato_leaf_early_blight/train_Potato leaf early blight_85_4.jpg,7,6,0.7600054740905762
data/shared_subset/hybrid/target/Potato_leaf_early_blight/train_Potato leaf early blight_13_5.jpg,7,7,0.7399174571037292
data/shared_subset/hybrid/target/Potato_leaf_early_blight/train_Potato leaf early blight_43.jpg,7,8,0.9874386191368103
data/shared_subset/hybrid/target/Potato_leaf_early_blight/train_Potato leaf early blight_60.jpg,7,5,0.5395557284355164
data/shared_subset/hybrid/target/Potato_leaf_early_blight/train_Potato leaf early blight_41_6.jpg,7,4,0.5983133316040039
data/shared_subset/hybrid/target/Potato_leaf_early_blight/train_Potato leaf early blight_31.jpg,7,8,0.9598828554153442
data/shared_subset/hybrid/target/Potato_leaf_early_blight/train_Potato leaf early blight_13_3.jpg,7,7,0.9209875464439392
data/shared_subset/hybrid/target/Potato_leaf_early_blight/train_Potato leaf early blight_59.jpg,7,9,0.5712486505508423
data/shared_subset/hybrid/target/Potato_leaf_early_blight/train_Potato leaf early blight_66_3.jpg,7,5,0.5921136736869812
data/shared_subset/hybrid/target/Potato_leaf_early_blight/train_Potato leaf early blight_21.jpg,7,7,0.6706907153129578
data/shared_subset/hybrid/target/Potato_leaf_early_blight/train_Potato leaf early blight_22.jpg,7,5,0.5586246848106384
data/shared_subset/hybrid/target/Potato_leaf_early_blight/train_Potato leaf early blight_96.jpg,7,5,0.803672730922699
data/shared_subset/hybrid/target/Potato_leaf_early_blight/train_Potato leaf early blight_85_3.jpg,7,7,0.7921684980392456
data/shared_subset/hybrid/target/Potato_leaf_early_blight/train_Potato leaf early blight_39_1.jpg,7,8,0.5387821793556213
data/shared_subset/hybrid/target/Potato_leaf_early_blight/train_Potato leaf early blight_107.jpg,7,4,0.5546126365661621
data/shared_subset/hybrid/target/Potato_leaf_early_blight/train_Potato leaf early blight_99_2.jpg,7,6,0.37220263481140137
data/shared_subset/hybrid/target/Potato_leaf_early_blight/train_Potato leaf early blight_77.jpg,7,8,0.7259125709533691
data/shared_subset/hybrid/target/Potato_leaf_early_blight/train_Potato leaf early blight_7_2.jpg,7,2,0.44632601737976074
data/shared_subset/hybrid/target/Potato_leaf_early_blight/train_Potato leaf early blight_69.jpg,7,7,0.5031542778015137
data/shared_subset/hybrid/target/Potato_leaf_early_blight/train_Potato leaf early blight_78_2.jpg,7,7,0.7821637988090515
data/shared_subset/hybrid/target/Potato_leaf_early_blight/train_Potato leaf early blight_109.jpg,7,4,0.7605348229408264
data/shared_subset/hybrid/target/Potato_leaf_early_blight/train_Potato leaf early blight_89.jpg,7,5,0.4801674485206604
data/shared_subset/hybrid/target/Potato_leaf_early_blight/train_Potato leaf early blight_94_3.jpg,7,8,0.5224184393882751
data/shared_subset/hybrid/target/Potato_leaf_early_blight/train_Potato leaf early blight_8.jpg,7,5,0.8933248519897461
data/shared_subset/hybrid/target/Potato_leaf_early_blight/train_Potato leaf early blight_83_5.jpg,7,6,0.3356875777244568
data/shared_subset/hybrid/target/Potato_leaf_early_blight/train_Potato leaf early blight_32.jpg,7,5,0.921142578125
data/shared_subset/hybrid/target/Potato_leaf_early_blight/train_Potato leaf early blight_41_4.jpg,7,9,0.4638408422470093
data/shared_subset/hybrid/target/Potato_leaf_early_blight/train_Potato leaf early blight_104_2.jpg,7,5,0.475519061088562
data/shared_subset/hybrid/target/Potato_leaf_early_blight/train_Potato leaf early blight_6.jpg,7,6,0.9604132771492004
data/shared_subset/hybrid/target/Potato_leaf_early_blight/train_Potato leaf early blight_19.jpg,7,5,0.8376990556716919
data/shared_subset/hybrid/target/Potato_leaf_early_blight/train_Potato leaf early blight_25.jpg,7,7,0.5769202709197998
data/shared_subset/hybrid/target/Potato_leaf_early_blight/train_Potato leaf early blight_87.jpg,7,4,0.7517104744911194
data/shared_subset/hybrid/target/Potato_leaf_early_blight/train_Potato leaf early blight_102.jpg,7,5,0.5805564522743225
data/shared_subset/hybrid/target/Potato_leaf_early_blight/train_Potato leaf early blight_63.jpg,7,5,0.45064300298690796
data/shared_subset/hybrid/target/Potato_leaf_early_blight/train_Potato leaf late blight_60.jpg,7,9,0.4767848551273346
data/shared_subset/hybrid/target/Potato_leaf_early_blight/train_Potato leaf early blight_83_4.jpg,7,6,0.9483823776245117
data/shared_subset/hybrid/target/Potato_leaf_early_blight/train_Potato leaf early blight_61.jpg,7,5,0.5596778392791748
data/shared_subset/hybrid/target/Potato_leaf_early_blight/train_Potato leaf early blight_78_4.jpg,7,7,0.7141011357307434
data/shared_subset/hybrid/target/Potato_leaf_early_blight/train_Potato leaf early blight_12.jpg,7,5,0.4227723777294159
data/shared_subset/hybrid/target/Potato_leaf_early_blight/train_Potato leaf early blight_65.jpg,7,7,0.4331949055194855
data/shared_subset/hybrid/target/Potato_leaf_early_blight/train_Potato leaf early blight_11.jpg,7,6,0.3241463005542755
data/shared_subset/hybrid/target/Potato_leaf_early_blight/train_Potato leaf early blight_85_5.jpg,7,7,0.8468109965324402
data/shared_subset/hybrid/target/Potato_leaf_early_blight/train_Potato leaf early blight_26.jpg,7,5,0.565773606300354
data/shared_subset/hybrid/target/Potato_leaf_early_blight/train_Potato leaf early blight_16.jpg,7,5,0.5770496726036072
data/shared_subset/hybrid/target/Potato_leaf_early_blight/train_Potato leaf early blight_45.jpg,7,8,0.37454500794410706
data/shared_subset/hybrid/target/Potato_leaf_early_blight/train_Potato leaf early blight_34.jpg,7,17,0.49188369512557983
data/shared_subset/hybrid/target/Potato_leaf_early_blight/train_Potato leaf early blight_55.jpg,7,7,0.9354769587516785
data/shared_subset/hybrid/target/Potato_leaf_early_blight/train_Potato leaf early blight_74.jpg,7,2,0.7185920476913452
data/shared_subset/hybrid/target/Potato_leaf_early_blight/train_Potato leaf early blight_23.jpg,7,7,0.956402599811554
data/shared_subset/hybrid/target/Potato_leaf_early_blight/train_Potato leaf early blight_62.jpg,7,11,0.8684208989143372
data/shared_subset/hybrid/target/Potato_leaf_early_blight/train_Potato leaf early blight_36.jpg,7,7,0.9212258458137512
data/shared_subset/hybrid/target/Potato_leaf_early_blight/train_Potato leaf early blight_41_2.jpg,7,4,0.6779608130455017
data/shared_subset/hybrid/target/Potato_leaf_early_blight/train_Potato leaf early blight_53.jpg,7,7,0.7449498772621155
data/shared_subset/hybrid/target/Potato_leaf_early_blight/train_Potato leaf early blight_92.jpg,7,6,0.35215049982070923
data/shared_subset/hybrid/target/Potato_leaf_early_blight/train_Potato leaf early blight_98_2.jpg,7,8,0.7458820939064026
data/shared_subset/hybrid/target/Potato_leaf_late_blight/train_Potato leaf late blight_42_4.jpg,8,7,0.551787257194519
data/shared_subset/hybrid/target/Potato_leaf_late_blight/train_Potato leaf late blight_69_3.jpg,8,8,0.9947576522827148
data/shared_subset/hybrid/target/Potato_leaf_late_blight/train_Potato leaf late blight_12_6.jpg,8,5,0.4525812566280365
data/shared_subset/hybrid/target/Potato_leaf_late_blight/train_Potato leaf late blight_80_1.jpg,8,8,0.6568334698677063
data/shared_subset/hybrid/target/Potato_leaf_late_blight/train_Potato leaf late blight_35_5.jpg,8,5,0.6529880166053772
data/shared_subset/hybrid/target/Potato_leaf_late_blight/train_Potato leaf late blight_49_2.jpg,8,13,0.5689125657081604
data/shared_subset/hybrid/target/Potato_leaf_late_blight/train_Potato leaf late blight_10_2.jpg,8,5,0.6277871131896973
data/shared_subset/hybrid/target/Potato_leaf_late_blight/train_Potato leaf late blight_94.jpg,8,2,0.7269503474235535
data/shared_subset/hybrid/target/Potato_leaf_late_blight/train_Potato leaf late blight_35_6.jpg,8,5,0.5183607935905457
data/shared_subset/hybrid/target/Potato_leaf_late_blight/train_Potato leaf late blight_13.jpg,8,9,0.7155805230140686
data/shared_subset/hybrid/target/Potato_leaf_late_blight/train_Potato leaf late blight_83_2.jpg,8,8,0.6172896027565002
data/shared_subset/hybrid/target/Potato_leaf_late_blight/train_Potato leaf late blight_25.jpg,8,5,0.8537165522575378
data/shared_subset/hybrid/target/Potato_leaf_late_blight/train_Potato leaf late blight_92_2.jpg,8,9,0.8630191087722778
data/shared_subset/hybrid/target/Potato_leaf_late_blight/train_Potato leaf late blight_12_1.jpg,8,5,0.8080855011940002
data/shared_subset/hybrid/target/Potato_leaf_late_blight/train_Potato leaf late blight_52.jpg,8,8,0.7482504844665527
data/shared_subset/hybrid/target/Potato_leaf_late_blight/train_Potato leaf late blight_73.jpg,8,8,0.9845330119132996
data/shared_subset/hybrid/target/Potato_leaf_late_blight/train_Potato leaf late blight_65_1.jpg,8,5,0.6922544836997986
data/shared_subset/hybrid/target/Potato_leaf_late_blight/train_Potato leaf late blight_38_1.jpg,8,5,0.7281898856163025
data/shared_subset/hybrid/target/Potato_leaf_late_blight/train_Potato leaf late blight_95.jpg,8,7,0.6460335850715637
data/shared_subset/hybrid/target/Potato_leaf_late_blight/train_Potato leaf late blight_48_4.jpg,8,4,0.5159708261489868
data/shared_subset/hybrid/target/Potato_leaf_late_blight/train_Potato leaf late blight_10_3.jpg,8,10,0.3987172842025757
data/shared_subset/hybrid/target/Potato_leaf_late_blight/train_Potato leaf late blight_10_1.jpg,8,5,0.7365637421607971
data/shared_subset/hybrid/target/Potato_leaf_late_blight/train_Potato leaf late blight_31.jpg,8,8,0.9402945041656494
data/shared_subset/hybrid/target/Potato_leaf_late_blight/train_Potato leaf late blight_76.jpg,8,4,0.7728646397590637
data/shared_subset/hybrid/target/Potato_leaf_late_blight/train_Potato leaf late blight_12_4.jpg,8,5,0.8341849446296692
data/shared_subset/hybrid/target/Potato_leaf_late_blight/train_Potato leaf late blight_21_4.jpg,8,9,0.4663216471672058
data/shared_subset/hybrid/target/Potato_leaf_late_blight/train_Potato leaf late blight_79.jpg,8,8,0.954404890537262
data/shared_subset/hybrid/target/Potato_leaf_late_blight/train_Potato leaf late blight_12_3.jpg,8,5,0.7749981880187988
data/shared_subset/hybrid/target/Potato_leaf_late_blight/train_Potato leaf late blight_96.jpg,8,8,0.5787402391433716
data/shared_subset/hybrid/target/Potato_leaf_late_blight/train_Potato leaf late blight_58.jpg,8,4,0.4372541904449463
data/shared_subset/hybrid/target/Potato_leaf_late_blight/train_Potato leaf late blight_68.jpg,8,4,0.6328632235527039
data/shared_subset/hybrid/target/Potato_leaf_late_blight/train_Potato leaf late blight_38_2.jpg,8,5,0.8761382102966309
data/shared_subset/hybrid/target/Potato_leaf_late_blight/train_Potato leaf late blight_55_5.jpg,8,5,0.48525112867355347
data/shared_subset/hybrid/target/Potato_leaf_late_blight/train_Potato leaf late blight_10_6.jpg,8,5,0.40209105610847473
data/shared_subset/hybrid/target/Potato_leaf_late_blight/train_Potato leaf late blight_19.jpg,8,6,0.8158393502235413
data/shared_subset/hybrid/target/Potato_leaf_late_blight/train_Potato leaf late blight_12_2.jpg,8,5,0.9548555016517639
data/shared_subset/hybrid/target/Potato_leaf_late_blight/train_Potato leaf late blight_10_4.jpg,8,8,0.3750951290130615
data/shared_subset/hybrid/target/Potato_leaf_late_blight/train_Potato leaf late blight_91_5.jpg,8,8,0.9980916380882263
data/shared_subset/hybrid/target/Potato_leaf_late_blight/train_Potato leaf late blight_41.jpg,8,16,0.779010534286499
data/shared_subset/hybrid/target/Potato_leaf_late_blight/train_Potato leaf late blight_55_10.jpg,8,5,0.6808747053146362
data/shared_subset/hybrid/target/Potato_leaf_late_blight/train_Potato leaf late blight_40_4.jpg,8,4,0.8454190492630005
data/shared_subset/hybrid/target/Potato_leaf_late_blight/train_Potato leaf late blight_67.jpg,8,5,0.5841013789176941
data/shared_subset/hybrid/target/Potato_leaf_late_blight/train_Potato leaf late blight_8.jpg,8,7,0.4927113652229309
data/shared_subset/hybrid/target/Potato_leaf_late_blight/train_Potato leaf late blight_39_1.jpg,8,5,0.8769317269325256
data/shared_subset/hybrid/target/Potato_leaf_late_blight/train_Potato leaf late blight_39_2.jpg,8,8,0.8402096629142761
data/shared_subset/hybrid/target/Potato_leaf_late_blight/train_Potato leaf late blight_55_4.jpg,8,5,0.49319878220558167
data/shared_subset/hybrid/target/Potato_leaf_late_blight/train_Potato leaf late blight_72.jpg,8,4,0.7359658479690552
data/shared_subset/hybrid/target/Potato_leaf_late_blight/train_Potato leaf late blight_39_3.jpg,8,8,0.8778634071350098
data/shared_subset/hybrid/target/Potato_leaf_late_blight/train_Potato leaf late blight_56.jpg,8,8,0.6850613951683044
data/shared_subset/hybrid/target/Potato_leaf_late_blight/train_Potato leaf late blight_61.jpg,8,7,0.8119404315948486
data/shared_subset/hybrid/target/Potato_leaf_late_blight/train_Potato leaf late blight_40_1.jpg,8,6,0.5935375690460205
data/shared_subset/hybrid/target/Potato_leaf_late_blight/train_Potato leaf late blight_50.jpg,8,9,0.6503307819366455
data/shared_subset/hybrid/target/Potato_leaf_late_blight/train_Potato leaf late blight_10_8.jpg,8,10,0.3011256158351898
data/shared_subset/hybrid/target/Potato_leaf_late_blight/train_Potato leaf late blight_83_4.jpg,8,8,0.9301358461380005
data/shared_subset/hybrid/target/Potato_leaf_late_blight/train_Potato leaf late blight_55_9.jpg,8,5,0.5096515417098999
data/shared_subset/hybrid/target/Potato_leaf_late_blight/train_Potato leaf late blight_91_2.jpg,8,8,0.9260079860687256
data/shared_subset/hybrid/target/Potato_leaf_late_blight/train_Potato leaf late blight_74.jpg,8,9,0.763887345790863
data/shared_subset/hybrid/target/Potato_leaf_late_blight/train_Potato leaf late blight_40_6.jpg,8,4,0.6342689990997314
data/shared_subset/hybrid/target/Potato_leaf_late_blight/train_Potato leaf late blight_2_4.jpg,8,5,0.4428789019584656
data/shared_subset/hybrid/target/Potato_leaf_late_blight/train_Potato leaf late blight_92_1.jpg,8,9,0.8104280829429626
data/shared_subset/hybrid/target/Potato_leaf_late_blight/train_Potato leaf late blight_16.jpg,8,8,0.6513927578926086
data/shared_subset/hybrid/target/Potato_leaf_late_blight/train_Potato leaf late blight_83_1.jpg,8,5,0.41471898555755615
data/shared_subset/hybrid/target/Potato_leaf_late_blight/train_Potato leaf late blight_97_3.jpg,8,6,0.36815547943115234
data/shared_subset/hybrid/target/Potato_leaf_late_blight/train_Potato leaf late blight_97_4.jpg,8,9,0.4260386526584625
data/shared_subset/hybrid/target/Potato_leaf_late_blight/train_Potato leaf late blight_39_5.jpg,8,10,0.45709940791130066
data/shared_subset/hybrid/target/Potato_leaf_late_blight/train_Potato leaf late blight_39_4.jpg,8,5,0.7075260877609253
data/shared_subset/hybrid/target/Potato_leaf_late_blight/train_Potato leaf late blight_80_2.jpg,8,13,0.42035964131355286
data/shared_subset/hybrid/target/Potato_leaf_late_blight/train_Potato leaf late blight_40_7.jpg,8,5,0.3354695439338684
data/shared_subset/hybrid/target/Potato_leaf_late_blight/train_Potato leaf late blight_48_6.jpg,8,5,0.8062409162521362
data/shared_subset/hybrid/target/Potato_leaf_late_blight/train_Potato leaf late blight_29.jpg,8,5,0.5560720562934875
data/shared_subset/hybrid/target/Potato_leaf_late_blight/train_Potato leaf late blight_80_4.jpg,8,3,0.9662591814994812
data/shared_subset/hybrid/target/Potato_leaf_late_blight/train_Potato leaf late blight_66.jpg,8,4,0.5278777480125427
data/shared_subset/hybrid/target/Potato_leaf_late_blight/train_Potato leaf late blight_53.jpg,8,5,0.7455734014511108
data/shared_subset/hybrid/target/Potato_leaf_late_blight/train_Potato leaf late blight_24.jpg,8,7,0.8808501362800598
data/shared_subset/hybrid/target/Potato_leaf_late_blight/train_Potato leaf late blight_55_1.jpg,8,5,0.743736743927002
data/shared_subset/hybrid/target/Potato_leaf_late_blight/train_Potato leaf late blight_75.jpg,8,9,0.5681571960449219
data/shared_subset/hybrid/target/Potato_leaf_late_blight/train_Potato leaf late blight_70.jpg,8,4,0.5897793769836426
data/shared_subset/hybrid/target/Potato_leaf_late_blight/train_Potato leaf late blight_36_2.jpg,8,5,0.35719582438468933
data/shared_subset/hybrid/target/Potato_leaf_late_blight/train_Potato leaf late blight_40_8.jpg,8,4,0.8324796557426453
data/shared_subset/hybrid/target/Potato_leaf_late_blight/train_Potato leaf late blight_97_6.jpg,8,3,0.44010046124458313
data/shared_subset/hybrid/target/Potato_leaf_late_blight/train_Potato leaf late blight_42_8.jpg,8,5,0.4584331512451172
data/shared_subset/hybrid/target/Potato_leaf_late_blight/train_Potato leaf late blight_81.jpg,8,8,0.7878696918487549
data/shared_subset/hybrid/target/Potato_leaf_late_blight/train_Potato leaf late blight_2_1.jpg,8,5,0.746095597743988
data/shared_subset/hybrid/target/Potato_leaf_late_blight/train_Potato leaf late blight_88.jpg,8,9,0.5271241068840027
data/shared_subset/hybrid/target/Potato_leaf_late_blight/train_Potato leaf late blight_10_7.jpg,8,8,0.892760694026947
data/shared_subset/hybrid/target/Potato_leaf_late_blight/train_Potato leaf late blight_33_2.jpg,8,3,0.8099117875099182
data/shared_subset/hybrid/target/Potato_leaf_late_blight/train_Potato leaf late blight_55_7.jpg,8,9,0.6507552266120911
data/shared_subset/hybrid/target/Potato_leaf_late_blight/train_Potato leaf late blight_83_3.jpg,8,5,0.6825587153434753
data/shared_subset/hybrid/target/Potato_leaf_late_blight/train_Potato leaf late blight_21_3.jpg,8,2,0.8239026665687561
data/shared_subset/hybrid/target/Potato_leaf_late_blight/train_Potato leaf late blight_12_5.jpg,8,5,0.8627866506576538
data/shared_subset/hybrid/target/Potato_leaf_late_blight/train_Potato leaf late blight_5.jpg,8,10,0.7065334916114807
data/shared_subset/hybrid/target/Potato_leaf_late_blight/train_Potato leaf late blight_1.jpg,8,8,0.7433516979217529
data/shared_subset/hybrid/target/Potato_leaf_late_blight/train_Potato leaf late blight_26.jpg,8,5,0.6859355568885803
data/shared_subset/hybrid/target/Potato_leaf_late_blight/train_Potato leaf late blight_28.jpg,8,5,0.5404921770095825
data/shared_subset/hybrid/target/Potato_leaf_late_blight/train_Potato leaf late blight_48_3.jpg,8,4,0.646354079246521
data/shared_subset/hybrid/target/Potato_leaf_late_blight/train_Potato leaf late blight_86.jpg,8,9,0.7430758476257324
data/shared_subset/hybrid/target/Potato_leaf_late_blight/train_Potato leaf late blight_3.jpg,8,8,0.9866999387741089
data/shared_subset/hybrid/target/Potato_leaf_late_blight/train_Potato leaf late blight_10_9.jpg,8,7,0.2845912575721741
data/shared_subset/hybrid/target/Potato_leaf_late_blight/train_Potato leaf late blight_63_2.jpg,8,9,0.9998192191123962
data/shared_subset/hybrid/target/Potato_leaf_late_blight/train_Potato leaf late blight_40_3.jpg,8,6,0.48800405859947205
data/shared_subset/hybrid/target/Potato_leaf_late_blight/train_Potato leaf late blight_85_5.jpg,8,5,0.5242359042167664
data/shared_subset/hybrid/target/Potato_leaf_late_blight/train_Potato leaf late blight_18.jpg,8,8,0.9942658543586731
data/shared_subset/hybrid/target/Potato_leaf_late_blight/train_Potato leaf late blight_30.jpg,8,13,0.9998276233673096
data/shared_subset/hybrid/target/Potato_leaf_late_blight/train_Potato leaf late blight_23.jpg,8,7,0.5036203861236572
data/shared_subset/hybrid/target/Potato_leaf_late_blight/train_Potato leaf late blight_77.jpg,8,5,0.5834165215492249
data/shared_subset/hybrid/target/Potato_leaf_late_blight/train_Potato leaf late blight_49_3.jpg,8,5,0.5216735601425171
data/shared_subset/hybrid/target/Potato_leaf_late_blight/train_Potato leaf late blight_46.jpg,8,8,0.9542908668518066
data/shared_subset/hybrid/target/Potato_leaf_late_blight/train_Potato leaf late blight_48_7.jpg,8,5,0.8793006539344788
data/shared_subset/hybrid/target/Potato_leaf_late_blight/train_Potato leaf late blight_36_1.jpg,8,9,0.6191815137863159
data/shared_subset/hybrid/target/Potato_leaf_late_blight/train_Potato leaf late blight_63_1.jpg,8,9,0.9996416568756104
data/shared_subset/hybrid/target/Potato_leaf_late_blight/train_Potato leaf late blight_57.jpg,8,8,0.6446644067764282
data/shared_subset/hybrid/target/Potato_leaf_late_blight/train_Potato leaf late blight_93_2.jpg,8,5,0.5201788544654846
data/shared_subset/hybrid/target/Potato_leaf_late_blight/train_Potato leaf late blight_17.jpg,8,13,0.8285759091377258
data/shared_subset/hybrid/target/Potato_leaf_late_blight/train_Potato leaf late blight_47.jpg,8,5,0.7874301075935364
data/shared_subset/hybrid/target/Potato_leaf_late_blight/train_Potato leaf late blight_59.jpg,8,9,0.9385233521461487
data/shared_subset/hybrid/target/Potato_leaf_late_blight/train_Potato leaf late blight_4.jpg,8,8,0.7987943291664124
data/shared_subset/hybrid/target/Potato_leaf_late_blight/train_Potato leaf late blight_14.jpg,8,4,0.8117071390151978
data/shared_subset/hybrid/target/Potato_leaf_late_blight/train_Potato leaf late blight_27.jpg,8,3,0.36634793877601624
data/shared_subset/hybrid/target/Potato_leaf_late_blight/train_Potato leaf late blight_90.jpg,8,5,0.4255615472793579
data/shared_subset/hybrid/target/Potato_leaf_late_blight/train_Potato leaf late blight_43.jpg,8,3,0.999559223651886
data/shared_subset/hybrid/target/Potato_leaf_late_blight/train_Potato leaf late blight_40_2.jpg,8,6,0.4900388717651367
data/shared_subset/hybrid/target/Potato_leaf_late_blight/train_Potato leaf late blight_78_3.jpg,8,8,0.7092499732971191
data/shared_subset/hybrid/target/Potato_leaf_late_blight/train_Potato leaf late blight_69_2.jpg,8,8,0.8854973912239075
data/shared_subset/hybrid/target/Potato_leaf_late_blight/train_Potato leaf late blight_44.jpg,8,5,0.5539941191673279
data/shared_subset/hybrid/target/Potato_leaf_late_blight/train_Potato leaf late blight_7.jpg,8,9,0.7780962586402893
data/shared_subset/hybrid/target/Potato_leaf_late_blight/train_Potato leaf late blight_21_6.jpg,8,2,0.6264262795448303
data/shared_subset/hybrid/target/Potato_leaf_late_blight/train_Potato leaf late blight_60_1.jpg,8,5,0.7294517755508423
data/shared_subset/hybrid/target/Potato_leaf_late_blight/train_Potato leaf late blight_71.jpg,8,5,0.7848357558250427
data/shared_subset/hybrid/target/Potato_leaf_late_blight/train_Potato leaf late blight_45.jpg,8,8,0.9050370454788208
data/shared_subset/hybrid/target/Potato_leaf_late_blight/train_Potato leaf late blight_80_3.jpg,8,5,0.5084924697875977
data/shared_subset/hybrid/target/Potato_leaf_late_blight/train_Potato leaf late blight_35_8.jpg,8,5,0.7032380104064941
data/shared_subset/hybrid/target/Potato_leaf_late_blight/train_Potato leaf late blight_10_5.jpg,8,8,0.8702833652496338
data/shared_subset/hybrid/target/Potato_leaf_late_blight/train_Potato leaf late blight_20.jpg,8,7,0.6462470293045044
data/shared_subset/hybrid/target/Potato_leaf_late_blight/train_Potato leaf late blight_91_1.jpg,8,10,0.8501865863800049
data/shared_subset/hybrid/target/Potato_leaf_late_blight/train_Potato leaf late blight_62.jpg,8,7,0.5395427346229553
data/shared_subset/hybrid/target/Potato_leaf_late_blight/train_Potato leaf late blight_22.jpg,8,0,0.37702226638793945
data/shared_subset/hybrid/target/Potato_leaf_late_blight/train_Potato leaf late blight_97_2.jpg,8,5,0.42599090933799744
data/shared_subset/hybrid/target/Potato_leaf_late_blight/train_Potato leaf late blight_42_10.jpg,8,5,0.5016500949859619
data/shared_subset/hybrid/target/Potato_leaf_late_blight/train_Potato leaf late blight_54.jpg,8,5,0.5355531573295593
data/shared_subset/hybrid/target/Potato_leaf_late_blight/train_Potato leaf late blight_42_5.jpg,8,4,0.574083685874939
data/shared_subset/hybrid/target/Potato_leaf_late_blight/train_Potato leaf late blight_91_3.jpg,8,8,0.9998522996902466
data/shared_subset/hybrid/target/Potato_leaf_late_blight/train_Potato leaf late blight_85_2.jpg,8,8,0.7242660522460938
data/shared_subset/hybrid/target/Potato_leaf_late_blight/train_Potato leaf late blight_34.jpg,8,7,0.7804456949234009
data/shared_subset/hybrid/target/Potato_leaf_late_blight/train_Potato leaf late blight_35_2.jpg,8,5,0.6020809412002563
data/shared_subset/hybrid/target/Potato_leaf_late_blight/train_Potato leaf late blight_32.jpg,8,3,0.43308767676353455
data/shared_subset/hybrid/target/Potato_leaf_late_blight/train_Potato leaf late blight_21_5.jpg,8,9,0.930827260017395
data/shared_subset/hybrid/target/Potato_leaf_late_blight/train_Potato leaf late blight_55_6.jpg,8,5,0.41274842619895935
data/shared_subset/hybrid/target/Potato_leaf_late_blight/train_Potato leaf late blight_97_8.jpg,8,9,0.24353452026844025
data/shared_subset/hybrid/target/Potato_leaf_late_blight/train_Potato leaf late blight_89.jpg,8,4,0.6474557518959045
data/shared_subset/hybrid/target/Potato_leaf_late_blight/train_Potato leaf late blight_97_1.jpg,8,9,0.6175422668457031
data/shared_subset/hybrid/target/Potato_leaf_late_blight/train_Potato leaf late blight_42_7.jpg,8,7,0.9231207966804504
data/shared_subset/hybrid/target/Potato_leaf_late_blight/train_Potato leaf late blight_78_1.jpg,8,8,0.9763154983520508
data/shared_subset/hybrid/target/Potato_leaf_late_blight/train_Potato leaf late blight_97_7.jpg,8,5,0.5440613627433777
data/shared_subset/hybrid/target/Potato_leaf_late_blight/train_Potato leaf late blight_82.jpg,8,8,0.993028461933136
data/shared_subset/hybrid/target/Potato_leaf_late_blight/train_Potato leaf late blight_85_4.jpg,8,5,0.38476133346557617
data/shared_subset/hybrid/target/Potato_leaf_late_blight/train_Potato leaf late blight_97_5.jpg,8,16,0.5200140476226807
data/shared_subset/hybrid/target/Potato_leaf_late_blight/train_Potato leaf late blight_65_2.jpg,8,5,0.8451788425445557
data/shared_subset/hybrid/target/Potato_leaf_late_blight/train_Potato leaf late blight_85_3.jpg,8,5,0.40488290786743164
data/shared_subset/hybrid/target/Potato_leaf_late_blight/train_Potato leaf late blight_2_3.jpg,8,5,0.7509213089942932
data/shared_subset/hybrid/target/Potato_leaf_late_blight/train_Potato leaf late blight_40_9.jpg,8,5,0.48226121068000793
data/shared_subset/hybrid/target/Potato_leaf_late_blight/train_Potato leaf late blight_84_2.jpg,8,5,0.8647176027297974
data/shared_subset/hybrid/target/Potato_leaf_late_blight/train_Potato leaf late blight_42_9.jpg,8,5,0.46290892362594604
data/shared_subset/hybrid/target/Potato_leaf_late_blight/train_Potato leaf late blight_48_2.jpg,8,5,0.5400192737579346
data/shared_subset/hybrid/target/Potato_leaf_late_blight/train_Potato leaf late blight_93_1.jpg,8,5,0.7163152694702148
data/shared_subset/hybrid/target/Potato_leaf_late_blight/train_Potato leaf late blight_85_1.jpg,8,5,0.7786489129066467
data/shared_subset/hybrid/target/Potato_leaf_late_blight/train_Potato leaf late blight_33_1.jpg,8,5,0.48254579305648804
data/shared_subset/hybrid/target/Potato_leaf_late_blight/train_Potato leaf late blight_42_6.jpg,8,5,0.6460037231445312
data/shared_subset/hybrid/target/Potato_leaf_late_blight/train_Potato leaf late blight_84_1.jpg,8,5,0.8402551412582397
data/shared_subset/hybrid/target/Potato_leaf_late_blight/train_Potato leaf late blight_49_1.jpg,8,5,0.39802780747413635
data/shared_subset/hybrid/target/Potato_leaf_late_blight/train_Potato leaf late blight_91_4.jpg,8,8,0.9975656270980835
data/shared_subset/hybrid/target/Potato_leaf_late_blight/train_Potato leaf late blight_42_2.jpg,8,5,0.44941145181655884
data/shared_subset/hybrid/target/Potato_leaf_late_blight/train_Potato leaf late blight_48_1.jpg,8,4,0.5334014296531677
data/shared_subset/hybrid/target/Potato_leaf_late_blight/train_Potato leaf late blight_55_3.jpg,8,4,0.6066570281982422
data/shared_subset/hybrid/target/Potato_leaf_late_blight/train_Potato leaf late blight_35_7.jpg,8,9,0.4748011827468872
data/shared_subset/hybrid/target/Potato_leaf_late_blight/train_Potato leaf late blight_42_3.jpg,8,5,0.7048850059509277
data/shared_subset/hybrid/target/Potato_leaf_late_blight/train_Potato leaf late blight_69_1.jpg,8,8,0.5254777073860168
data/shared_subset/hybrid/target/Potato_leaf_late_blight/train_Potato leaf late blight_15.jpg,8,5,0.8585168719291687
data/shared_subset/hybrid/target/Potato_leaf_late_blight/train_Potato leaf late blight_21_1.jpg,8,2,0.8648262619972229
data/shared_subset/hybrid/target/Potato_leaf_late_blight/train_Potato leaf late blight_35_4.jpg,8,5,0.5768585801124573
data/shared_subset/hybrid/target/Potato_leaf_late_blight/train_Potato leaf late blight_42_1.jpg,8,5,0.6164869070053101
data/shared_subset/hybrid/target/Potato_leaf_late_blight/train_Potato leaf late blight_35_1.jpg,8,5,0.544206976890564
data/shared_subset/hybrid/target/Potato_leaf_late_blight/train_Potato leaf late blight_6.jpg,8,4,0.4825459122657776
data/shared_subset/hybrid/target/Potato_leaf_late_blight/train_Potato leaf late blight_36_3.jpg,8,9,0.9266858696937561
data/shared_subset/hybrid/target/Potato_leaf_late_blight/train_Potato leaf late blight_55_2.jpg,8,5,0.8297082781791687
data/shared_subset/hybrid/target/Potato_leaf_late_blight/train_Potato leaf late blight_35_3.jpg,8,5,0.7533894181251526
data/shared_subset/hybrid/target/Potato_leaf_late_blight/train_Potato leaf late blight_37.jpg,8,5,0.6442267298698425
data/shared_subset/hybrid/target/Potato_leaf_late_blight/train_Potato leaf late blight_78_4.jpg,8,8,0.9954121708869934
data/shared_subset/hybrid/target/Potato_leaf_late_blight/train_Potato leaf late blight_11.jpg,8,5,0.4939892292022705
data/shared_subset/hybrid/target/Potato_leaf_late_blight/train_Potato leaf late blight_40_5.jpg,8,4,0.621727466583252
data/shared_subset/hybrid/target/Potato_leaf_late_blight/train_Potato leaf late blight_21_2.jpg,8,2,0.9949378967285156
data/shared_subset/hybrid/target/Potato_leaf_late_blight/train_Potato leaf late blight_87.jpg,8,13,0.6398131251335144
data/shared_subset/hybrid/target/Potato_leaf_late_blight/train_Potato leaf late blight_2_2.jpg,8,5,0.7189279794692993
data/shared_subset/hybrid/target/Potato_leaf_late_blight/train_Potato leaf late blight_51.jpg,8,8,0.8700441122055054
data/shared_subset/hybrid/target/Potato_leaf_late_blight/train_Potato leaf late blight_64.jpg,8,9,0.363418310880661
data/shared_subset/hybrid/target/Potato_leaf_late_blight/train_Potato leaf late blight_55_8.jpg,8,9,0.4176348149776459
data/shared_subset/hybrid/target/Potato_leaf_late_blight/train_Potato leaf late blight_84_3.jpg,8,5,0.7494587898254395
data/shared_subset/hybrid/target/Potato_leaf_late_blight/train_Potato leaf late blight_9.jpg,8,9,0.715843915939331
data/shared_subset/hybrid/target/Potato_leaf_late_blight/train_Potato leaf late blight_48_5.jpg,8,5,0.6803777813911438
data/shared_subset/hybrid/target/Potato_leaf_late_blight/train_Potato leaf late blight_69_4.jpg,8,8,0.8860465884208679
data/shared_subset/hybrid/target/Potato_leaf_late_blight/train_Potato leaf late blight_78_2.jpg,8,8,0.49133744835853577
data/shared_subset/hybrid/target/Squash_Powdery_mildew_leaf/train_Squash Powdery mildew leaf_6.jpg,9,9,0.9907163381576538
data/shared_subset/hybrid/target/Squash_Powdery_mildew_leaf/train_Squash Powdery mildew leaf_121.jpg,9,9,0.9972686767578125
data/shared_subset/hybrid/target/Squash_Powdery_mildew_leaf/train_Squash Powdery mildew leaf_66.jpg,9,9,0.9791325926780701
data/shared_subset/hybrid/target/Squash_Powdery_mildew_leaf/train_Squash Powdery mildew leaf_72.jpg,9,9,0.7171330451965332
data/shared_subset/hybrid/target/Squash_Powdery_mildew_leaf/train_Squash Powdery mildew leaf_124.jpg,9,9,0.9335982203483582
data/shared_subset/hybrid/target/Squash_Powdery_mildew_leaf/train_Squash Powdery mildew leaf_99.jpg,9,9,0.9993902444839478
data/shared_subset/hybrid/target/Squash_Powdery_mildew_leaf/train_Squash Powdery mildew leaf_73.jpg,9,9,0.9998873472213745
data/shared_subset/hybrid/target/Squash_Powdery_mildew_leaf/train_Squash Powdery mildew leaf_80.jpg,9,9,0.9969350099563599
data/shared_subset/hybrid/target/Squash_Powdery_mildew_leaf/train_Squash Powdery mildew leaf_113.jpg,9,9,0.9993833303451538
data/shared_subset/hybrid/target/Squash_Powdery_mildew_leaf/train_Squash Powdery mildew leaf_13.jpg,9,9,0.5638839602470398
data/shared_subset/hybrid/target/Squash_Powdery_mildew_leaf/train_Squash Powdery mildew leaf_1.jpg,9,9,0.9491608738899231
data/shared_subset/hybrid/target/Squash_Powdery_mildew_leaf/train_Squash Powdery mildew leaf_110.jpg,9,9,0.9779272079467773
data/shared_subset/hybrid/target/Squash_Powdery_mildew_leaf/train_Squash Powdery mildew leaf_53.jpg,9,9,0.4299957752227783
data/shared_subset/hybrid/target/Squash_Powdery_mildew_leaf/train_Squash Powdery mildew leaf_32.jpg,9,9,0.9226823449134827
data/shared_subset/hybrid/target/Squash_Powdery_mildew_leaf/train_Squash Powdery mildew leaf_79.jpg,9,9,0.9901571273803711
data/shared_subset/hybrid/target/Squash_Powdery_mildew_leaf/train_Squash Powdery mildew leaf_57.jpg,9,9,0.35418081283569336
data/shared_subset/hybrid/target/Squash_Powdery_mildew_leaf/train_Squash Powdery mildew leaf_94.jpg,9,9,0.975686252117157
data/shared_subset/hybrid/target/Squash_Powdery_mildew_leaf/train_Squash Powdery mildew leaf_51.jpg,9,9,0.9979292154312134
data/shared_subset/hybrid/target/Squash_Powdery_mildew_leaf/train_Squash Powdery mildew leaf_102.jpg,9,9,0.9605334997177124
data/shared_subset/hybrid/target/Squash_Powdery_mildew_leaf/train_Squash Powdery mildew leaf_107.jpg,9,9,0.5643665194511414
data/shared_subset/hybrid/target/Squash_Powdery_mildew_leaf/train_Squash Powdery mildew leaf_8.jpg,9,5,0.47706353664398193
data/shared_subset/hybrid/target/Squash_Powdery_mildew_leaf/train_Squash Powdery mildew leaf_68.jpg,9,9,0.9995667338371277
data/shared_subset/hybrid/target/Squash_Powdery_mildew_leaf/train_Squash Powdery mildew leaf_118.jpg,9,9,0.9869508147239685
data/shared_subset/hybrid/target/Squash_Powdery_mildew_leaf/train_Squash Powdery mildew leaf_69.jpg,9,9,0.9575392603874207
data/shared_subset/hybrid/target/Squash_Powdery_mildew_leaf/train_Squash Powdery mildew leaf_25.jpg,9,9,0.9356610178947449
data/shared_subset/hybrid/target/Squash_Powdery_mildew_leaf/train_Squash Powdery mildew leaf_38.jpg,9,9,0.9770603179931641
data/shared_subset/hybrid/target/Squash_Powdery_mildew_leaf/train_Squash Powdery mildew leaf_81.jpg,9,9,0.9614444971084595
data/shared_subset/hybrid/target/Squash_Powdery_mildew_leaf/train_Squash Powdery mildew leaf_58.jpg,9,9,0.8705006241798401
data/shared_subset/hybrid/target/Squash_Powdery_mildew_leaf/train_Squash Powdery mildew leaf_71.jpg,9,9,0.9753867387771606
data/shared_subset/hybrid/target/Squash_Powdery_mildew_leaf/train_Squash Powdery mildew leaf_15.jpg,9,9,0.999442994594574
data/shared_subset/hybrid/target/Squash_Powdery_mildew_leaf/train_Squash Powdery mildew leaf_11.jpg,9,9,0.9994311928749084
data/shared_subset/hybrid/target/Squash_Powdery_mildew_leaf/train_Squash Powdery mildew leaf_104.jpg,9,9,0.528531014919281
data/shared_subset/hybrid/target/Squash_Powdery_mildew_leaf/train_Squash Powdery mildew leaf_29.jpg,9,9,0.9777054190635681
data/shared_subset/hybrid/target/Squash_Powdery_mildew_leaf/train_Squash Powdery mildew leaf_27.jpg,9,9,0.8832185864448547
data/shared_subset/hybrid/target/Squash_Powdery_mildew_leaf/train_Squash Powdery mildew leaf_41.jpg,9,5,0.7623593211174011
data/shared_subset/hybrid/target/Squash_Powdery_mildew_leaf/train_Squash Powdery mildew leaf_14.jpg,9,9,0.9576370120048523
data/shared_subset/hybrid/target/Squash_Powdery_mildew_leaf/train_Squash Powdery mildew leaf_108.jpg,9,9,0.9685882925987244
data/shared_subset/hybrid/target/Squash_Powdery_mildew_leaf/train_Squash Powdery mildew leaf_115.jpg,9,9,0.9966112971305847
data/shared_subset/hybrid/target/Squash_Powdery_mildew_leaf/train_Squash Powdery mildew leaf_96.jpg,9,9,0.9900438785552979
data/shared_subset/hybrid/target/Squash_Powdery_mildew_leaf/train_Squash Powdery mildew leaf_20.jpg,9,9,0.9996503591537476
data/shared_subset/hybrid/target/Squash_Powdery_mildew_leaf/train_Squash Powdery mildew leaf_5.jpg,9,9,0.6374375224113464
data/shared_subset/hybrid/target/Squash_Powdery_mildew_leaf/train_Squash Powdery mildew leaf_2.jpg,9,4,0.7360313534736633
data/shared_subset/hybrid/target/Squash_Powdery_mildew_leaf/train_Squash Powdery mildew leaf_78.jpg,9,9,0.8793951272964478
data/shared_subset/hybrid/target/Squash_Powdery_mildew_leaf/train_Squash Powdery mildew leaf_114.jpg,9,9,0.5920637845993042
data/shared_subset/hybrid/target/Squash_Powdery_mildew_leaf/train_Squash Powdery mildew leaf_48.jpg,9,9,0.9291524887084961
data/shared_subset/hybrid/target/Squash_Powdery_mildew_leaf/train_Squash Powdery mildew leaf_49.jpg,9,9,0.9998757839202881
data/shared_subset/hybrid/target/Squash_Powdery_mildew_leaf/train_Squash Powdery mildew leaf_90.jpg,9,4,0.5832369327545166
data/shared_subset/hybrid/target/Squash_Powdery_mildew_leaf/train_Squash Powdery mildew leaf_82.jpg,9,6,0.6422936320304871
data/shared_subset/hybrid/target/Squash_Powdery_mildew_leaf/train_Squash Powdery mildew leaf_101.jpg,9,9,0.8637957572937012
data/shared_subset/hybrid/target/Squash_Powdery_mildew_leaf/train_Squash Powdery mildew leaf_106.jpg,9,9,0.8985069394111633
data/shared_subset/hybrid/target/Squash_Powdery_mildew_leaf/train_Squash Powdery mildew leaf_46.jpg,9,9,0.7050656676292419
data/shared_subset/hybrid/target/Squash_Powdery_mildew_leaf/train_Squash Powdery mildew leaf_10.jpg,9,9,0.996753990650177
data/shared_subset/hybrid/target/Squash_Powdery_mildew_leaf/train_Squash Powdery mildew leaf_45.jpg,9,9,0.9506052136421204
data/shared_subset/hybrid/target/Squash_Powdery_mildew_leaf/train_Squash Powdery mildew leaf_24.jpg,9,9,0.9342871904373169
data/shared_subset/hybrid/target/Squash_Powdery_mildew_leaf/train_Squash Powdery mildew leaf_64.jpg,9,2,0.5391276478767395
data/shared_subset/hybrid/target/Squash_Powdery_mildew_leaf/train_Squash Powdery mildew leaf_28.jpg,9,9,0.9816046953201294
data/shared_subset/hybrid/target/Squash_Powdery_mildew_leaf/train_Squash Powdery mildew leaf_123.jpg,9,9,0.9981520771980286
data/shared_subset/hybrid/target/Squash_Powdery_mildew_leaf/train_Squash Powdery mildew leaf_4.jpg,9,9,0.9582440257072449
data/shared_subset/hybrid/target/Squash_Powdery_mildew_leaf/train_Squash Powdery mildew leaf_60.jpg,9,9,0.9985561966896057
data/shared_subset/hybrid/target/Squash_Powdery_mildew_leaf/train_Squash Powdery mildew leaf_76.jpg,9,9,0.993881344795227
data/shared_subset/hybrid/target/Squash_Powdery_mildew_leaf/train_Squash Powdery mildew leaf_52.jpg,9,9,0.7232747673988342
data/shared_subset/hybrid/target/Squash_Powdery_mildew_leaf/train_Squash Powdery mildew leaf_77.jpg,9,5,0.7405540347099304
data/shared_subset/hybrid/target/Squash_Powdery_mildew_leaf/train_Squash Powdery mildew leaf_22.jpg,9,9,0.9905011653900146
data/shared_subset/hybrid/target/Squash_Powdery_mildew_leaf/train_Squash Powdery mildew leaf_93.jpg,9,4,0.4006138741970062
data/shared_subset/hybrid/target/Squash_Powdery_mildew_leaf/train_Squash Powdery mildew leaf_103.jpg,9,2,0.687053918838501
data/shared_subset/hybrid/target/Squash_Powdery_mildew_leaf/train_Squash Powdery mildew leaf_122.jpg,9,9,0.9999426603317261
data/shared_subset/hybrid/target/Squash_Powdery_mildew_leaf/train_Squash Powdery mildew leaf_40.jpg,9,9,0.6781923174858093
data/shared_subset/hybrid/target/Squash_Powdery_mildew_leaf/train_Squash Powdery mildew leaf_35.jpg,9,9,0.9952925443649292
data/shared_subset/hybrid/target/Squash_Powdery_mildew_leaf/train_Squash Powdery mildew leaf_98.jpg,9,5,0.6340767741203308
data/shared_subset/hybrid/target/Squash_Powdery_mildew_leaf/train_Squash Powdery mildew leaf_59.jpg,9,9,0.9943110942840576
data/shared_subset/hybrid/target/Squash_Powdery_mildew_leaf/train_Squash Powdery mildew leaf_88.jpg,9,9,0.5195083022117615
data/shared_subset/hybrid/target/Squash_Powdery_mildew_leaf/train_Squash Powdery mildew leaf_18.jpg,9,9,0.9303528070449829
data/shared_subset/hybrid/target/Squash_Powdery_mildew_leaf/train_Squash Powdery mildew leaf_26.jpg,9,9,0.9721859693527222
data/shared_subset/hybrid/target/Squash_Powdery_mildew_leaf/train_Squash Powdery mildew leaf_74.jpg,9,4,0.7016685605049133
data/shared_subset/hybrid/target/Squash_Powdery_mildew_leaf/train_Squash Powdery mildew leaf_100.jpg,9,9,0.4831026494503021
data/shared_subset/hybrid/target/Squash_Powdery_mildew_leaf/train_Squash Powdery mildew leaf_21.jpg,9,9,0.9876662492752075
data/shared_subset/hybrid/target/Squash_Powdery_mildew_leaf/train_Squash Powdery mildew leaf_85.jpg,9,9,0.999890923500061
data/shared_subset/hybrid/target/Squash_Powdery_mildew_leaf/train_Squash Powdery mildew leaf_112.jpg,9,9,0.9998633861541748
data/shared_subset/hybrid/target/Squash_Powdery_mildew_leaf/train_Squash Powdery mildew leaf_56.jpg,9,9,0.9229328632354736
data/shared_subset/hybrid/target/Squash_Powdery_mildew_leaf/train_Squash Powdery mildew leaf_55.jpg,9,4,0.4092659652233124
data/shared_subset/hybrid/target/Squash_Powdery_mildew_leaf/train_Squash Powdery mildew leaf_91.jpg,9,5,0.764265775680542
data/shared_subset/hybrid/target/Squash_Powdery_mildew_leaf/train_Squash Powdery mildew leaf_117.jpg,9,9,0.99901282787323
data/shared_subset/hybrid/target/Squash_Powdery_mildew_leaf/train_Squash Powdery mildew leaf_44.jpg,9,9,0.6501272916793823
data/shared_subset/hybrid/target/Squash_Powdery_mildew_leaf/train_Squash Powdery mildew leaf_16.jpg,9,5,0.5092903971672058
data/shared_subset/hybrid/target/Squash_Powdery_mildew_leaf/train_Squash Powdery mildew leaf_95.jpg,9,9,0.9998695850372314
data/shared_subset/hybrid/target/Squash_Powdery_mildew_leaf/train_Squash Powdery mildew leaf_75.jpg,9,9,0.9975735545158386
data/shared_subset/hybrid/target/Squash_Powdery_mildew_leaf/train_Squash Powdery mildew leaf_97.jpg,9,9,0.9989446997642517
data/shared_subset/hybrid/target/Squash_Powdery_mildew_leaf/train_Squash Powdery mildew leaf_87.jpg,9,9,0.602737307548523
data/shared_subset/hybrid/target/Squash_Powdery_mildew_leaf/train_Squash Powdery mildew leaf_120.jpg,9,9,0.947143018245697
data/shared_subset/hybrid/target/Squash_Powdery_mildew_leaf/train_Squash Powdery mildew leaf_9.jpg,9,9,0.8924685120582581
data/shared_subset/hybrid/target/Squash_Powdery_mildew_leaf/train_Squash Powdery mildew leaf_109.jpg,9,9,0.9979172348976135
data/shared_subset/hybrid/target/Squash_Powdery_mildew_leaf/train_Squash Powdery mildew leaf_37.jpg,9,5,0.6150813102722168
data/shared_subset/hybrid/target/Squash_Powdery_mildew_leaf/train_Squash Powdery mildew leaf_86.jpg,9,4,0.5746787190437317
data/shared_subset/hybrid/target/Squash_Powdery_mildew_leaf/train_Squash Powdery mildew leaf_7.jpg,9,9,0.9990652203559875
data/shared_subset/hybrid/target/Squash_Powdery_mildew_leaf/train_Squash Powdery mildew leaf_111.jpg,9,9,0.9962695837020874
data/shared_subset/hybrid/target/Squash_Powdery_mildew_leaf/train_Squash Powdery mildew leaf_62.jpg,9,9,0.9822100400924683
data/shared_subset/hybrid/target/Squash_Powdery_mildew_leaf/train_Squash Powdery mildew leaf_54.jpg,9,5,0.49645933508872986
data/shared_subset/hybrid/target/Squash_Powdery_mildew_leaf/train_Squash Powdery mildew leaf_43.jpg,9,9,0.9747134447097778
data/shared_subset/hybrid/target/Squash_Powdery_mildew_leaf/train_Squash Powdery mildew leaf_116.jpg,9,4,0.39124712347984314
data/shared_subset/hybrid/target/Squash_Powdery_mildew_leaf/train_Squash Powdery mildew leaf_92.jpg,9,9,0.6241158246994019
data/shared_subset/hybrid/target/Squash_Powdery_mildew_leaf/train_Squash Powdery mildew leaf_19.jpg,9,9,0.9052319526672363
data/shared_subset/hybrid/target/Squash_Powdery_mildew_leaf/train_Squash Powdery mildew leaf_61.jpg,9,9,0.9979162812232971
data/shared_subset/hybrid/target/Squash_Powdery_mildew_leaf/train_Squash Powdery mildew leaf_105.jpg,9,17,0.8876920938491821
data/shared_subset/hybrid/target/Squash_Powdery_mildew_leaf/train_Squash Powdery mildew leaf_63.jpg,9,9,0.8649073839187622
data/shared_subset/hybrid/target/Squash_Powdery_mildew_leaf/train_Squash Powdery mildew leaf_23.jpg,9,9,0.9980316758155823
data/shared_subset/hybrid/target/Squash_Powdery_mildew_leaf/train_Squash Powdery mildew leaf_36.jpg,9,9,0.9284107685089111
data/shared_subset/hybrid/target/Squash_Powdery_mildew_leaf/train_Squash Powdery mildew leaf_65.jpg,9,9,0.980607271194458
data/shared_subset/hybrid/target/Squash_Powdery_mildew_leaf/train_Squash Powdery mildew leaf_67.jpg,9,9,0.7847229838371277
data/shared_subset/hybrid/target/Squash_Powdery_mildew_leaf/train_Squash Powdery mildew leaf_17.jpg,9,9,0.49742990732192993
data/shared_subset/hybrid/target/Squash_Powdery_mildew_leaf/train_Squash Powdery mildew leaf_3.jpg,9,9,0.5913710594177246
data/shared_subset/hybrid/target/Squash_Powdery_mildew_leaf/train_Squash Powdery mildew leaf_83.jpg,9,9,0.7732576727867126
data/shared_subset/hybrid/target/Squash_Powdery_mildew_leaf/train_Squash Powdery mildew leaf_31.jpg,9,9,0.9993399977684021
data/shared_subset/hybrid/target/Squash_Powdery_mildew_leaf/train_Squash Powdery mildew leaf_50.jpg,9,9,0.9999679327011108
data/shared_subset/hybrid/target/Squash_Powdery_mildew_leaf/train_Squash Powdery mildew leaf_119.jpg,9,4,0.5305724143981934
data/shared_subset/hybrid/target/Squash_Powdery_mildew_leaf/train_Squash Powdery mildew leaf_39.jpg,9,9,0.6771450042724609
data/shared_subset/hybrid/target/Squash_Powdery_mildew_leaf/train_Squash Powdery mildew leaf_34.jpg,9,9,0.9959993362426758
data/shared_subset/hybrid/target/Squash_Powdery_mildew_leaf/train_Squash Powdery mildew leaf_12.jpg,9,5,0.6936511397361755
data/shared_subset/hybrid/target/Squash_Powdery_mildew_leaf/train_Squash Powdery mildew leaf_33.jpg,9,4,0.8376937508583069
data/shared_subset/hybrid/target/Squash_Powdery_mildew_leaf/train_Squash Powdery mildew leaf_47.jpg,9,9,0.9998165965080261
data/shared_subset/hybrid/target/Squash_Powdery_mildew_leaf/train_Squash Powdery mildew leaf_30.jpg,9,9,0.9998596906661987
data/shared_subset/hybrid/target/Squash_Powdery_mildew_leaf/train_Squash Powdery mildew leaf_84.jpg,9,9,0.9971534013748169
data/shared_subset/hybrid/target/Squash_Powdery_mildew_leaf/train_Squash Powdery mildew leaf_89.jpg,9,9,0.9602557420730591
data/shared_subset/hybrid/target/Squash_Powdery_mildew_leaf/train_Squash Powdery mildew leaf_42.jpg,9,9,0.991569459438324
data/shared_subset/hybrid/target/Squash_Powdery_mildew_leaf/train_Squash Powdery mildew leaf_70.jpg,9,5,0.62021803855896
data/shared_subset/hybrid/target/Tomato_Early_blight_leaf/train_Tomato Early blight leaf_69.jpg,10,4,0.6215386390686035
data/shared_subset/hybrid/target/Tomato_Early_blight_leaf/train_Tomato Early blight leaf_38.jpg,10,10,0.8887879252433777
data/shared_subset/hybrid/target/Tomato_Early_blight_leaf/train_Tomato Early blight leaf_6.jpg,10,5,0.7360388040542603
data/shared_subset/hybrid/target/Tomato_Early_blight_leaf/train_Tomato Early blight leaf_22.jpg,10,5,0.6268302798271179
data/shared_subset/hybrid/target/Tomato_Early_blight_leaf/train_Tomato Early blight leaf_57.jpg,10,5,0.33601322770118713
data/shared_subset/hybrid/target/Tomato_Early_blight_leaf/train_Tomato Early blight leaf_74.jpg,10,4,0.5916682481765747
data/shared_subset/hybrid/target/Tomato_Early_blight_leaf/train_Tomato Early blight leaf_77.jpg,10,4,0.47597336769104004
data/shared_subset/hybrid/target/Tomato_Early_blight_leaf/train_Tomato Early blight leaf_43.jpg,10,5,0.675991952419281
data/shared_subset/hybrid/target/Tomato_Early_blight_leaf/train_Tomato Early blight leaf_73.jpg,10,5,0.4565730392932892
data/shared_subset/hybrid/target/Tomato_Early_blight_leaf/train_Tomato Early blight leaf_51.jpg,10,10,0.8202694058418274
data/shared_subset/hybrid/target/Tomato_Early_blight_leaf/train_Tomato Early blight leaf_19.jpg,10,5,0.7285547852516174
data/shared_subset/hybrid/target/Tomato_Early_blight_leaf/train_Tomato Early blight leaf_52.jpg,10,6,0.45135700702667236
data/shared_subset/hybrid/target/Tomato_Early_blight_leaf/train_Tomato Early blight leaf_35.jpg,10,4,0.5731894969940186
data/shared_subset/hybrid/target/Tomato_Early_blight_leaf/train_Tomato Early blight leaf_16.jpg,10,11,0.21616610884666443
data/shared_subset/hybrid/target/Tomato_Early_blight_leaf/train_Tomato Early blight leaf_53.jpg,10,10,0.6997355818748474
data/shared_subset/hybrid/target/Tomato_Early_blight_leaf/train_Tomato Early blight leaf_14.jpg,10,9,0.4827132821083069
data/shared_subset/hybrid/target/Tomato_Early_blight_leaf/train_Tomato Early blight leaf_62.jpg,10,5,0.2703079283237457
data/shared_subset/hybrid/target/Tomato_Early_blight_leaf/train_Tomato Early blight leaf_20.jpg,10,7,0.6407614350318909
data/shared_subset/hybrid/target/Tomato_Early_blight_leaf/train_Tomato Early blight leaf_42.jpg,10,7,0.550722599029541
data/shared_subset/hybrid/target/Tomato_Early_blight_leaf/train_Tomato Early blight leaf_48.jpg,10,4,0.8906037211418152
data/shared_subset/hybrid/target/Tomato_Early_blight_leaf/train_Tomato Early blight leaf_61.jpg,10,10,0.39657971262931824
data/shared_subset/hybrid/target/Tomato_Early_blight_leaf/train_Tomato Early blight leaf_59.jpg,10,10,0.8091334104537964
data/shared_subset/hybrid/target/Tomato_Early_blight_leaf/train_Tomato Early blight leaf_65.jpg,10,5,0.5710456967353821
data/shared_subset/hybrid/target/Tomato_Early_blight_leaf/train_Tomato Early blight leaf_70.jpg,10,5,0.5533164143562317
data/shared_subset/hybrid/target/Tomato_Early_blight_leaf/train_Tomato Early blight leaf_27.jpg,10,7,0.5145600438117981
data/shared_subset/hybrid/target/Tomato_Early_blight_leaf/train_Tomato Early blight leaf_46.jpg,10,6,0.616674542427063
data/shared_subset/hybrid/target/Tomato_Early_blight_leaf/train_Tomato Early blight leaf_10.jpg,10,5,0.4396425187587738
data/shared_subset/hybrid/target/Tomato_Early_blight_leaf/train_Tomato Early blight leaf_50.jpg,10,4,0.4247545301914215
data/shared_subset/hybrid/target/Tomato_Early_blight_leaf/train_Tomato Early blight leaf_39.jpg,10,5,0.5962098240852356
data/shared_subset/hybrid/target/Tomato_Early_blight_leaf/train_Tomato Early blight leaf_3.jpg,10,4,0.8368582129478455
data/shared_subset/hybrid/target/Tomato_Early_blight_leaf/train_Tomato Early blight leaf_4.jpg,10,4,0.9153927564620972
data/shared_subset/hybrid/target/Tomato_Early_blight_leaf/train_Tomato Early blight leaf_28.jpg,10,4,0.4733518958091736
data/shared_subset/hybrid/target/Tomato_Early_blight_leaf/train_Tomato Early blight leaf_7.jpg,10,5,0.9346247911453247
data/shared_subset/hybrid/target/Tomato_Early_blight_leaf/train_Tomato Early blight leaf_21.jpg,10,4,0.5281464457511902
data/shared_subset/hybrid/target/Tomato_Early_blight_leaf/train_Tomato Early blight leaf_71.jpg,10,10,0.7320667505264282
data/shared_subset/hybrid/target/Tomato_Early_blight_leaf/train_Tomato Early blight leaf_44.jpg,10,11,0.8265280723571777
data/shared_subset/hybrid/target/Tomato_Early_blight_leaf/train_Tomato Early blight leaf_72.jpg,10,5,0.4521544575691223
data/shared_subset/hybrid/target/Tomato_Early_blight_leaf/train_Tomato Early blight leaf_58.jpg,10,5,0.6112744808197021
data/shared_subset/hybrid/target/Tomato_Early_blight_leaf/train_Tomato Early blight leaf_17.jpg,10,5,0.7446913123130798
data/shared_subset/hybrid/target/Tomato_Early_blight_leaf/train_Tomato Early blight leaf_75.jpg,10,11,0.46067672967910767
data/shared_subset/hybrid/target/Tomato_Early_blight_leaf/train_Tomato Early blight leaf_26.jpg,10,7,0.4020729064941406
data/shared_subset/hybrid/target/Tomato_Early_blight_leaf/train_Tomato Early blight leaf_34.jpg,10,5,0.5909461975097656
data/shared_subset/hybrid/target/Tomato_Early_blight_leaf/train_Tomato Early blight leaf_78.jpg,10,9,0.6270039081573486
data/shared_subset/hybrid/target/Tomato_Early_blight_leaf/train_Tomato Early blight leaf_5.jpg,10,4,0.6509696245193481
data/shared_subset/hybrid/target/Tomato_Early_blight_leaf/train_Tomato Early blight leaf_25.jpg,10,4,0.6193980574607849
data/shared_subset/hybrid/target/Tomato_Early_blight_leaf/train_Tomato Early blight leaf_12.jpg,10,5,0.5305989980697632
data/shared_subset/hybrid/target/Tomato_Early_blight_leaf/train_Tomato Early blight leaf_13.jpg,10,10,0.6958165168762207
data/shared_subset/hybrid/target/Tomato_Early_blight_leaf/train_Tomato Early blight leaf_56.jpg,10,5,0.731255292892456
data/shared_subset/hybrid/target/Tomato_Early_blight_leaf/train_Tomato Early blight leaf_49.jpg,10,4,0.9151377081871033
data/shared_subset/hybrid/target/Tomato_Early_blight_leaf/train_Tomato Early blight leaf_47.jpg,10,10,0.33213138580322266
data/shared_subset/hybrid/target/Tomato_Early_blight_leaf/train_Tomato Early blight leaf_11.jpg,10,9,0.9875218272209167
data/shared_subset/hybrid/target/Tomato_Early_blight_leaf/train_Tomato Early blight leaf_9.jpg,10,9,0.42919453978538513
data/shared_subset/hybrid/target/Tomato_Early_blight_leaf/train_Tomato Early blight leaf_54.jpg,10,5,0.5166533589363098
data/shared_subset/hybrid/target/Tomato_Early_blight_leaf/train_Tomato Early blight leaf_68.jpg,10,5,0.5819352269172668
data/shared_subset/hybrid/target/Tomato_Early_blight_leaf/train_Tomato Early blight leaf_31.jpg,10,4,0.6105022430419922
data/shared_subset/hybrid/target/Tomato_Early_blight_leaf/train_Tomato Early blight leaf_66.jpg,10,4,0.4461890757083893
data/shared_subset/hybrid/target/Tomato_Early_blight_leaf/train_Tomato Early blight leaf_32.jpg,10,9,0.7868439555168152
data/shared_subset/hybrid/target/Tomato_Early_blight_leaf/train_Tomato Early blight leaf_55.jpg,10,5,0.5723540186882019
data/shared_subset/hybrid/target/Tomato_Early_blight_leaf/train_Tomato Early blight leaf_79.jpg,10,4,0.5411134362220764
data/shared_subset/hybrid/target/Tomato_Early_blight_leaf/train_Tomato Early blight leaf_67.jpg,10,4,0.932992696762085
data/shared_subset/hybrid/target/Tomato_Early_blight_leaf/train_Tomato Early blight leaf_29.jpg,10,4,0.8980870246887207
data/shared_subset/hybrid/target/Tomato_Early_blight_leaf/train_Tomato Early blight leaf_15.jpg,10,7,0.989547073841095
data/shared_subset/hybrid/target/Tomato_Early_blight_leaf/train_Tomato Early blight leaf_60.jpg,10,5,0.6596534252166748
data/shared_subset/hybrid/target/Tomato_Early_blight_leaf/train_Tomato Early blight leaf_8.jpg,10,4,0.9462354183197021
data/shared_subset/hybrid/target/Tomato_Early_blight_leaf/train_Tomato Early blight leaf_18.jpg,10,4,0.35146045684814453
data/shared_subset/hybrid/target/Tomato_Early_blight_leaf/train_Tomato Early blight leaf_30.jpg,10,4,0.5776532888412476
data/shared_subset/hybrid/target/Tomato_Early_blight_leaf/train_Tomato Early blight leaf_45.jpg,10,7,0.9626461267471313
data/shared_subset/hybrid/target/Tomato_Early_blight_leaf/train_Tomato Early blight leaf_24.jpg,10,5,0.5209670066833496
data/shared_subset/hybrid/target/Tomato_Early_blight_leaf/train_Tomato Early blight leaf_63.jpg,10,4,0.5915111899375916
data/shared_subset/hybrid/target/Tomato_Early_blight_leaf/train_Tomato Early blight leaf_64.jpg,10,10,0.7814615964889526
data/shared_subset/hybrid/target/Tomato_Early_blight_leaf/train_Tomato Early blight leaf_37.jpg,10,4,0.7692096829414368
data/shared_subset/hybrid/target/Tomato_Early_blight_leaf/train_Tomato Early blight leaf_33.jpg,10,4,0.5454490184783936
data/shared_subset/hybrid/target/Tomato_Early_blight_leaf/train_Tomato Early blight leaf_1.jpg,10,10,0.4516066610813141
data/shared_subset/hybrid/target/Tomato_Early_blight_leaf/train_Tomato Early blight leaf_2.jpg,10,4,0.9626990556716919
data/shared_subset/hybrid/target/Tomato_Early_blight_leaf/train_Tomato Early blight leaf_23.jpg,10,7,0.3814595341682434
data/shared_subset/hybrid/target/Tomato_Early_blight_leaf/train_Tomato Early blight leaf_76.jpg,10,4,0.6984630227088928
data/shared_subset/hybrid/target/Tomato_Early_blight_leaf/train_Tomato Early blight leaf_36.jpg,10,5,0.8570651412010193
data/shared_subset/hybrid/target/Tomato_Early_blight_leaf/train_Tomato Early blight leaf_41.jpg,10,9,0.9593479037284851
data/shared_subset/hybrid/target/Tomato_Early_blight_leaf/train_Tomato Early blight leaf_40.jpg,10,5,0.5349348187446594
data/shared_subset/hybrid/target/Tomato_Septoria_leaf_spot/train_Tomato Septoria leaf spot_70.jpg,11,4,0.5414075255393982
data/shared_subset/hybrid/target/Tomato_Septoria_leaf_spot/train_Tomato Septoria leaf spot_56.jpg,11,5,0.5567552447319031
data/shared_subset/hybrid/target/Tomato_Septoria_leaf_spot/train_Tomato Septoria leaf spot_138_1.jpg,11,5,0.33651003241539
data/shared_subset/hybrid/target/Tomato_Septoria_leaf_spot/train_Tomato Septoria leaf spot_102.jpg,11,6,0.9999836683273315
data/shared_subset/hybrid/target/Tomato_Septoria_leaf_spot/train_Tomato Septoria leaf spot_82.jpg,11,10,0.7946453094482422
data/shared_subset/hybrid/target/Tomato_Septoria_leaf_spot/train_Tomato Septoria leaf spot_83.jpg,11,5,0.6215494871139526
data/shared_subset/hybrid/target/Tomato_Septoria_leaf_spot/train_Tomato Septoria leaf spot_18.jpg,11,9,0.8391604423522949
data/shared_subset/hybrid/target/Tomato_Septoria_leaf_spot/train_Tomato Septoria leaf spot_107.jpg,11,4,0.8733763098716736
data/shared_subset/hybrid/target/Tomato_Septoria_leaf_spot/train_Tomato Septoria leaf spot_5_2.jpg,11,5,0.5225843787193298
data/shared_subset/hybrid/target/Tomato_Septoria_leaf_spot/train_Tomato Septoria leaf spot_113.jpg,11,6,0.6806637644767761
data/shared_subset/hybrid/target/Tomato_Septoria_leaf_spot/train_Tomato Septoria leaf spot_63.jpg,11,3,0.9400723576545715
data/shared_subset/hybrid/target/Tomato_Septoria_leaf_spot/train_Tomato Septoria leaf spot_34.jpg,11,5,0.8092959523200989
data/shared_subset/hybrid/target/Tomato_Septoria_leaf_spot/train_Tomato Septoria leaf spot_66.jpg,11,5,0.7577280402183533
data/shared_subset/hybrid/target/Tomato_Septoria_leaf_spot/train_Tomato Septoria leaf spot_69.jpg,11,5,0.4062739610671997
data/shared_subset/hybrid/target/Tomato_Septoria_leaf_spot/train_Tomato Septoria leaf spot_129.jpg,11,5,0.3181031346321106
data/shared_subset/hybrid/target/Tomato_Septoria_leaf_spot/train_Tomato Septoria leaf spot_84.jpg,11,9,0.43038812279701233
data/shared_subset/hybrid/target/Tomato_Septoria_leaf_spot/train_Tomato Septoria leaf spot_47.jpg,11,5,0.3629743754863739
data/shared_subset/hybrid/target/Tomato_Septoria_leaf_spot/train_Tomato Septoria leaf spot_134_2.jpg,11,5,0.600468635559082
data/shared_subset/hybrid/target/Tomato_Septoria_leaf_spot/train_Tomato Septoria leaf spot_13.jpg,11,5,0.6480821371078491
data/shared_subset/hybrid/target/Tomato_Septoria_leaf_spot/train_Tomato Septoria leaf spot_122.jpg,11,10,0.3120121657848358
data/shared_subset/hybrid/target/Tomato_Septoria_leaf_spot/train_Tomato Septoria leaf spot_99.jpg,11,5,0.6219891309738159
data/shared_subset/hybrid/target/Tomato_Septoria_leaf_spot/train_Tomato Septoria leaf spot_128.jpg,11,3,0.9978699684143066
data/shared_subset/hybrid/target/Tomato_Septoria_leaf_spot/train_Tomato Septoria leaf spot_2.jpg,11,3,0.5116065144538879
data/shared_subset/hybrid/target/Tomato_Septoria_leaf_spot/train_Tomato Septoria leaf spot_101.jpg,11,9,0.9160357117652893
data/shared_subset/hybrid/target/Tomato_Septoria_leaf_spot/train_Tomato Septoria leaf spot_28.jpg,11,13,0.2654944956302643
data/shared_subset/hybrid/target/Tomato_Septoria_leaf_spot/train_Tomato Septoria leaf spot_33.jpg,11,9,0.5259424448013306
data/shared_subset/hybrid/target/Tomato_Septoria_leaf_spot/train_Tomato Septoria leaf spot_35.jpg,11,9,0.8533075451850891
data/shared_subset/hybrid/target/Tomato_Septoria_leaf_spot/train_Tomato Septoria leaf spot_97.jpg,11,4,0.5198598504066467
data/shared_subset/hybrid/target/Tomato_Septoria_leaf_spot/train_Tomato Septoria leaf spot_93.jpg,11,4,0.5586605072021484
data/shared_subset/hybrid/target/Tomato_Septoria_leaf_spot/train_Tomato Septoria leaf spot_103.jpg,11,4,0.6846175193786621
data/shared_subset/hybrid/target/Tomato_Septoria_leaf_spot/train_Tomato Septoria leaf spot_59.jpg,11,5,0.7979410886764526
data/shared_subset/hybrid/target/Tomato_Septoria_leaf_spot/train_Tomato Septoria leaf spot_100.jpg,11,5,0.5190900564193726
data/shared_subset/hybrid/target/Tomato_Septoria_leaf_spot/train_Tomato Septoria leaf spot_62.jpg,11,5,0.6038751006126404
data/shared_subset/hybrid/target/Tomato_Septoria_leaf_spot/train_Tomato Septoria leaf spot_112.jpg,11,9,0.6027424931526184
data/shared_subset/hybrid/target/Tomato_Septoria_leaf_spot/train_Tomato Septoria leaf spot_21.jpg,11,5,0.9191993474960327
data/shared_subset/hybrid/target/Tomato_Septoria_leaf_spot/train_Tomato Septoria leaf spot_124_1.jpg,11,4,0.4728153645992279
data/shared_subset/hybrid/target/Tomato_Septoria_leaf_spot/train_Tomato Septoria leaf spot_105.jpg,11,5,0.6345102190971375
data/shared_subset/hybrid/target/Tomato_Septoria_leaf_spot/train_Tomato Septoria leaf spot_133.jpg,11,5,0.477140873670578
data/shared_subset/hybrid/target/Tomato_Septoria_leaf_spot/train_Tomato Septoria leaf spot_68.jpg,11,9,0.8597350120544434
data/shared_subset/hybrid/target/Tomato_Septoria_leaf_spot/train_Tomato Septoria leaf spot_5.jpg,11,5,0.7723339796066284
data/shared_subset/hybrid/target/Tomato_Septoria_leaf_spot/train_Tomato Septoria leaf spot_72.jpg,11,5,0.49816733598709106
data/shared_subset/hybrid/target/Tomato_Septoria_leaf_spot/train_Tomato Septoria leaf spot_57.jpg,11,7,0.3810959458351135
data/shared_subset/hybrid/target/Tomato_Septoria_leaf_spot/train_Tomato Septoria leaf spot_111.jpg,11,5,0.8112243413925171
data/shared_subset/hybrid/target/Tomato_Septoria_leaf_spot/train_Tomato Septoria leaf spot_91.jpg,11,1,0.37482622265815735
data/shared_subset/hybrid/target/Tomato_Septoria_leaf_spot/train_Tomato Septoria leaf spot_1.jpg,11,4,0.7195831537246704
data/shared_subset/hybrid/target/Tomato_Septoria_leaf_spot/train_Tomato Septoria leaf spot_130.jpg,11,5,0.7931489944458008
data/shared_subset/hybrid/target/Tomato_Septoria_leaf_spot/train_Tomato Septoria leaf spot_140_2.jpg,11,5,0.7534127235412598
data/shared_subset/hybrid/target/Tomato_Septoria_leaf_spot/train_Tomato Septoria leaf spot_86.jpg,11,5,0.5062173008918762
data/shared_subset/hybrid/target/Tomato_Septoria_leaf_spot/train_Tomato Septoria leaf spot_118.jpg,11,7,0.9811016917228699
data/shared_subset/hybrid/target/Tomato_Septoria_leaf_spot/train_Tomato Septoria leaf spot_53.jpg,11,4,0.7417835593223572
data/shared_subset/hybrid/target/Tomato_Septoria_leaf_spot/train_Tomato Septoria leaf spot_39.jpg,11,5,0.7611566781997681
data/shared_subset/hybrid/target/Tomato_Septoria_leaf_spot/train_Tomato Septoria leaf spot_134_1.jpg,11,5,0.609046220779419
data/shared_subset/hybrid/target/Tomato_Septoria_leaf_spot/train_Tomato Septoria leaf spot_6.jpg,11,4,0.8697429299354553
data/shared_subset/hybrid/target/Tomato_Septoria_leaf_spot/train_Tomato Septoria leaf spot_134_6.jpg,11,5,0.7640001773834229
data/shared_subset/hybrid/target/Tomato_Septoria_leaf_spot/train_Tomato Septoria leaf spot_7.jpg,11,7,0.9894952178001404
data/shared_subset/hybrid/target/Tomato_Septoria_leaf_spot/train_Tomato Septoria leaf spot_119.jpg,11,5,0.45589637756347656
data/shared_subset/hybrid/target/Tomato_Septoria_leaf_spot/train_Tomato Septoria leaf spot_58.jpg,11,11,0.3752115070819855
data/shared_subset/hybrid/target/Tomato_Septoria_leaf_spot/train_Tomato Septoria leaf spot_140_3.jpg,11,5,0.7352964878082275
data/shared_subset/hybrid/target/Tomato_Septoria_leaf_spot/train_Tomato Septoria leaf spot_15.jpg,11,5,0.7920990586280823
data/shared_subset/hybrid/target/Tomato_Septoria_leaf_spot/train_Tomato Septoria leaf spot_92.jpg,11,5,0.6514100432395935
data/shared_subset/hybrid/target/Tomato_Septoria_leaf_spot/train_Tomato Septoria leaf spot_22.jpg,11,5,0.8271549940109253
data/shared_subset/hybrid/target/Tomato_Septoria_leaf_spot/train_Tomato Septoria leaf spot_24.jpg,11,5,0.7283417582511902
data/shared_subset/hybrid/target/Tomato_Septoria_leaf_spot/train_Tomato Septoria leaf spot_109.jpg,11,11,0.8377211093902588
data/shared_subset/hybrid/target/Tomato_Septoria_leaf_spot/train_Tomato Septoria leaf spot_131.jpg,11,11,0.4422306716442108
data/shared_subset/hybrid/target/Tomato_Septoria_leaf_spot/train_Tomato Septoria leaf spot_137.jpg,11,5,0.3211168348789215
data/shared_subset/hybrid/target/Tomato_Septoria_leaf_spot/train_Tomato Septoria leaf spot_123.jpg,11,4,0.7712920904159546
data/shared_subset/hybrid/target/Tomato_Septoria_leaf_spot/train_Tomato Septoria leaf spot_65.jpg,11,9,0.8982597589492798
data/shared_subset/hybrid/target/Tomato_Septoria_leaf_spot/train_Tomato Septoria leaf spot_55.jpg,11,5,0.49464964866638184
data/shared_subset/hybrid/target/Tomato_Septoria_leaf_spot/train_Tomato Septoria leaf spot_36.jpg,11,5,0.5249187350273132
data/shared_subset/hybrid/target/Tomato_Septoria_leaf_spot/train_Tomato Septoria leaf spot_95.jpg,11,9,0.9919792413711548
data/shared_subset/hybrid/target/Tomato_Septoria_leaf_spot/train_Tomato Septoria leaf spot_61.jpg,11,6,0.39608055353164673
data/shared_subset/hybrid/target/Tomato_Septoria_leaf_spot/train_Tomato Septoria leaf spot_60.jpg,11,9,0.8751465678215027
data/shared_subset/hybrid/target/Tomato_Septoria_leaf_spot/train_Tomato Septoria leaf spot_17.jpg,11,7,0.7316725254058838
data/shared_subset/hybrid/target/Tomato_Septoria_leaf_spot/train_Tomato Septoria leaf spot_114.jpg,11,4,0.362019419670105
data/shared_subset/hybrid/target/Tomato_Septoria_leaf_spot/train_Tomato Septoria leaf spot_64.jpg,11,4,0.9659593105316162
data/shared_subset/hybrid/target/Tomato_Septoria_leaf_spot/train_Tomato Septoria leaf spot_134_3.jpg,11,5,0.9795820713043213
data/shared_subset/hybrid/target/Tomato_Septoria_leaf_spot/train_Tomato Septoria leaf spot_81.jpg,11,5,0.3984302282333374
data/shared_subset/hybrid/target/Tomato_Septoria_leaf_spot/train_Tomato Septoria leaf spot_9.jpg,11,6,0.6975772380828857
data/shared_subset/hybrid/target/Tomato_Septoria_leaf_spot/train_Tomato Septoria leaf spot_40.jpg,11,5,0.48769405484199524
data/shared_subset/hybrid/target/Tomato_Septoria_leaf_spot/train_Tomato Septoria leaf spot_77.jpg,11,6,0.6549150943756104
data/shared_subset/hybrid/target/Tomato_Septoria_leaf_spot/train_Tomato Septoria leaf spot_41.jpg,11,5,0.5194758772850037
data/shared_subset/hybrid/target/Tomato_Septoria_leaf_spot/train_Tomato Septoria leaf spot_90.jpg,11,5,0.6662846207618713
data/shared_subset/hybrid/target/Tomato_Septoria_leaf_spot/train_Tomato Septoria leaf spot_104.jpg,11,5,0.8436034321784973
data/shared_subset/hybrid/target/Tomato_Septoria_leaf_spot/train_Tomato Septoria leaf spot_127.jpg,11,9,0.6507977843284607
data/shared_subset/hybrid/target/Tomato_Septoria_leaf_spot/train_Tomato Septoria leaf spot_88.jpg,11,5,0.5460016131401062
data/shared_subset/hybrid/target/Tomato_Septoria_leaf_spot/train_Tomato Septoria leaf spot_29.jpg,11,4,0.6379413604736328
data/shared_subset/hybrid/target/Tomato_Septoria_leaf_spot/train_Tomato Septoria leaf spot_106.jpg,11,5,0.5458818078041077
data/shared_subset/hybrid/target/Tomato_Septoria_leaf_spot/train_Tomato Septoria leaf spot_30.jpg,11,4,0.9308454394340515
data/shared_subset/hybrid/target/Tomato_Septoria_leaf_spot/train_Tomato Septoria leaf spot_80.jpg,11,5,0.41967400908470154
data/shared_subset/hybrid/target/Tomato_Septoria_leaf_spot/train_Tomato Septoria leaf spot_125.jpg,11,5,0.8213518261909485
data/shared_subset/hybrid/target/Tomato_Septoria_leaf_spot/train_Tomato Septoria leaf spot_44.jpg,11,5,0.5212888717651367
data/shared_subset/hybrid/target/Tomato_Septoria_leaf_spot/train_Tomato Septoria leaf spot_25.jpg,11,9,0.8733728528022766
data/shared_subset/hybrid/target/Tomato_Septoria_leaf_spot/train_Tomato Septoria leaf spot_96.jpg,11,4,0.36420339345932007
data/shared_subset/hybrid/target/Tomato_Septoria_leaf_spot/train_Tomato Septoria leaf spot_79.jpg,11,4,0.8760668039321899
data/shared_subset/hybrid/target/Tomato_Septoria_leaf_spot/train_Tomato Septoria leaf spot_23.jpg,11,4,0.8531611561775208
data/shared_subset/hybrid/target/Tomato_Septoria_leaf_spot/train_Tomato Septoria leaf spot_124_2.jpg,11,5,0.3475494682788849
data/shared_subset/hybrid/target/Tomato_Septoria_leaf_spot/train_Tomato Septoria leaf spot_89.jpg,11,9,0.4931792914867401
data/shared_subset/hybrid/target/Tomato_Septoria_leaf_spot/train_Tomato Septoria leaf spot_49.jpg,11,5,0.8207459449768066
data/shared_subset/hybrid/target/Tomato_Septoria_leaf_spot/train_Tomato Septoria leaf spot_10.jpg,11,5,0.6392123699188232
data/shared_subset/hybrid/target/Tomato_Septoria_leaf_spot/train_Tomato Septoria leaf spot_134_7.jpg,11,5,0.7601155042648315
data/shared_subset/hybrid/target/Tomato_Septoria_leaf_spot/train_Tomato Septoria leaf spot_134_4.jpg,11,5,0.9720147848129272
data/shared_subset/hybrid/target/Tomato_Septoria_leaf_spot/train_Tomato Septoria leaf spot_38.jpg,11,5,0.8258997797966003
data/shared_subset/hybrid/target/Tomato_Septoria_leaf_spot/train_Tomato Septoria leaf spot_14.jpg,11,11,0.9933773875236511
data/shared_subset/hybrid/target/Tomato_Septoria_leaf_spot/train_Tomato Septoria leaf spot_27.jpg,11,5,0.32765573263168335
data/shared_subset/hybrid/target/Tomato_Septoria_leaf_spot/train_Tomato Septoria leaf spot_54.jpg,11,9,0.8288720846176147
data/shared_subset/hybrid/target/Tomato_Septoria_leaf_spot/train_Tomato Septoria leaf spot_121.jpg,11,5,0.49965161085128784
data/shared_subset/hybrid/target/Tomato_Septoria_leaf_spot/train_Tomato Septoria leaf spot_37.jpg,11,4,0.955932080745697
data/shared_subset/hybrid/target/Tomato_Septoria_leaf_spot/train_Tomato Septoria leaf spot_138_2.jpg,11,4,0.42812398076057434
data/shared_subset/hybrid/target/Tomato_Septoria_leaf_spot/train_Tomato Septoria leaf spot_110.jpg,11,4,0.4531191885471344
data/shared_subset/hybrid/target/Tomato_Septoria_leaf_spot/train_Tomato Septoria leaf spot_120.jpg,11,5,0.7041268944740295
data/shared_subset/hybrid/target/Tomato_Septoria_leaf_spot/train_Tomato Septoria leaf spot_73.jpg,11,4,0.36740273237228394
data/shared_subset/hybrid/target/Tomato_Septoria_leaf_spot/train_Tomato Septoria leaf spot_74.jpg,11,9,0.9982099533081055
data/shared_subset/hybrid/target/Tomato_Septoria_leaf_spot/train_Tomato Septoria leaf spot_139.jpg,11,11,0.6982100009918213
data/shared_subset/hybrid/target/Tomato_Septoria_leaf_spot/train_Tomato Septoria leaf spot_16.jpg,11,7,0.7215093374252319
data/shared_subset/hybrid/target/Tomato_Septoria_leaf_spot/train_Tomato Septoria leaf spot_87.jpg,11,10,0.9382838010787964
data/shared_subset/hybrid/target/Tomato_Septoria_leaf_spot/train_Tomato Septoria leaf spot_78.jpg,11,9,0.5930226445198059
data/shared_subset/hybrid/target/Tomato_Septoria_leaf_spot/train_Tomato Septoria leaf spot_50.jpg,11,9,0.32901445031166077
data/shared_subset/hybrid/target/Tomato_Septoria_leaf_spot/train_Tomato Septoria leaf spot_5_1.jpg,11,5,0.9092655777931213
data/shared_subset/hybrid/target/Tomato_Septoria_leaf_spot/train_Tomato Septoria leaf spot_43.jpg,11,6,0.3747588098049164
data/shared_subset/hybrid/target/Tomato_Septoria_leaf_spot/train_Tomato Septoria leaf spot_48.jpg,11,5,0.45596814155578613
data/shared_subset/hybrid/target/Tomato_Septoria_leaf_spot/train_Tomato Septoria leaf spot_26.jpg,11,4,0.8809993267059326
data/shared_subset/hybrid/target/Tomato_Septoria_leaf_spot/train_Tomato Septoria leaf spot_115.jpg,11,5,0.4901287257671356
data/shared_subset/hybrid/target/Tomato_Septoria_leaf_spot/train_Tomato Septoria leaf spot_12.jpg,11,6,0.7630910277366638
data/shared_subset/hybrid/target/Tomato_Septoria_leaf_spot/train_Tomato Septoria leaf spot_52.jpg,11,4,0.45172590017318726
data/shared_subset/hybrid/target/Tomato_Septoria_leaf_spot/train_Tomato Septoria leaf spot_71.jpg,11,9,0.642706573009491
data/shared_subset/hybrid/target/Tomato_Septoria_leaf_spot/train_Tomato Septoria leaf spot_98.jpg,11,5,0.4267904758453369
data/shared_subset/hybrid/target/Tomato_Septoria_leaf_spot/train_Tomato Septoria leaf spot_4.jpg,11,5,0.619937002658844
data/shared_subset/hybrid/target/Tomato_Septoria_leaf_spot/train_Tomato Septoria leaf spot_140_1.jpg,11,5,0.6744338274002075
data/shared_subset/hybrid/target/Tomato_Septoria_leaf_spot/train_Tomato Septoria leaf spot_108.jpg,11,7,0.6736871600151062
data/shared_subset/hybrid/target/Tomato_Septoria_leaf_spot/train_Tomato Septoria leaf spot_32.jpg,11,5,0.5826660990715027
data/shared_subset/hybrid/target/Tomato_Septoria_leaf_spot/train_Tomato Septoria leaf spot_31.jpg,11,11,0.9077757596969604
data/shared_subset/hybrid/target/Tomato_Septoria_leaf_spot/train_Tomato Septoria leaf spot_75.jpg,11,4,0.5857565402984619
data/shared_subset/hybrid/target/Tomato_Septoria_leaf_spot/train_Tomato Septoria leaf spot_132.jpg,11,5,0.8230785131454468
data/shared_subset/hybrid/target/Tomato_Septoria_leaf_spot/train_Tomato Septoria leaf spot_46.jpg,11,7,0.759344220161438
data/shared_subset/hybrid/target/Tomato_Septoria_leaf_spot/train_Tomato Septoria leaf spot_116.jpg,11,5,0.7106842398643494
data/shared_subset/hybrid/target/Tomato_Septoria_leaf_spot/train_Tomato Septoria leaf spot_20.jpg,11,9,0.9254055619239807
data/shared_subset/hybrid/target/Tomato_Septoria_leaf_spot/train_Tomato Septoria leaf spot_67.jpg,11,7,0.4633309543132782
data/shared_subset/hybrid/target/Tomato_Septoria_leaf_spot/train_Tomato Septoria leaf spot_3.jpg,11,4,0.44060832262039185
data/shared_subset/hybrid/target/Tomato_Septoria_leaf_spot/train_Tomato Septoria leaf spot_94.jpg,11,5,0.5532523989677429
data/shared_subset/hybrid/target/Tomato_Septoria_leaf_spot/train_Tomato Septoria leaf spot_134_5.jpg,11,9,0.34364402294158936
data/shared_subset/hybrid/target/Tomato_Septoria_leaf_spot/train_Tomato Septoria leaf spot_11.jpg,11,6,0.7733364701271057
data/shared_subset/hybrid/target/Tomato_Septoria_leaf_spot/train_Tomato Septoria leaf spot_76.jpg,11,5,0.4150937795639038
data/shared_subset/hybrid/target/Tomato_Septoria_leaf_spot/train_Tomato Septoria leaf spot_8.jpg,11,3,0.9400723576545715
data/shared_subset/hybrid/target/Tomato_Septoria_leaf_spot/train_Tomato Septoria leaf spot_117.jpg,11,11,0.6249552369117737
data/shared_subset/hybrid/target/Tomato_Septoria_leaf_spot/train_Tomato Septoria leaf spot_85.jpg,11,5,0.4294283390045166
data/shared_subset/hybrid/target/Tomato_leaf_bacterial_spot/train_Tomato leaf bacterial spot_48.jpg,12,4,0.9754813313484192
data/shared_subset/hybrid/target/Tomato_leaf_bacterial_spot/train_Tomato leaf bacterial spot_30.jpg,12,16,0.7963365316390991
data/shared_subset/hybrid/target/Tomato_leaf_bacterial_spot/train_Tomato leaf bacterial spot_17.jpg,12,5,0.5834816098213196
data/shared_subset/hybrid/target/Tomato_leaf_bacterial_spot/train_Tomato leaf bacterial spot_64.jpg,12,6,0.822589635848999
data/shared_subset/hybrid/target/Tomato_leaf_bacterial_spot/train_Tomato leaf bacterial spot_19.jpg,12,5,0.45755937695503235
data/shared_subset/hybrid/target/Tomato_leaf_bacterial_spot/train_Tomato leaf bacterial spot_73.jpg,12,9,0.9278823733329773
data/shared_subset/hybrid/target/Tomato_leaf_bacterial_spot/train_Tomato leaf bacterial spot_3.jpg,12,4,0.5818226933479309
data/shared_subset/hybrid/target/Tomato_leaf_bacterial_spot/train_Tomato leaf bacterial spot_32.jpg,12,5,0.5162603259086609
data/shared_subset/hybrid/target/Tomato_leaf_bacterial_spot/train_Tomato leaf bacterial spot_74.jpg,12,3,0.9545184373855591
data/shared_subset/hybrid/target/Tomato_leaf_bacterial_spot/train_Tomato leaf bacterial spot_24.jpg,12,5,0.6342650651931763
data/shared_subset/hybrid/target/Tomato_leaf_bacterial_spot/train_Tomato leaf bacterial spot_71.jpg,12,5,0.32189518213272095
data/shared_subset/hybrid/target/Tomato_leaf_bacterial_spot/train_Tomato leaf bacterial spot_49.jpg,12,5,0.6358771920204163
data/shared_subset/hybrid/target/Tomato_leaf_bacterial_spot/train_Tomato leaf bacterial spot_94.jpg,12,9,0.3951176404953003
data/shared_subset/hybrid/target/Tomato_leaf_bacterial_spot/train_Tomato leaf bacterial spot_39.jpg,12,5,0.37233296036720276
data/shared_subset/hybrid/target/Tomato_leaf_bacterial_spot/train_Tomato leaf bacterial spot_44.jpg,12,4,0.48400062322616577
data/shared_subset/hybrid/target/Tomato_leaf_bacterial_spot/train_Tomato leaf bacterial spot_31.jpg,12,5,0.3356774151325226
data/shared_subset/hybrid/target/Tomato_leaf_bacterial_spot/train_Tomato leaf bacterial spot_15.jpg,12,5,0.9413872957229614
data/shared_subset/hybrid/target/Tomato_leaf_bacterial_spot/train_Tomato leaf bacterial spot_22.jpg,12,4,0.5917171239852905
data/shared_subset/hybrid/target/Tomato_leaf_bacterial_spot/train_Tomato leaf bacterial spot_42.jpg,12,4,0.5255312919616699
data/shared_subset/hybrid/target/Tomato_leaf_bacterial_spot/train_Tomato leaf bacterial spot_1.jpg,12,5,0.3108600378036499
data/shared_subset/hybrid/target/Tomato_leaf_bacterial_spot/train_Tomato leaf bacterial spot_99.jpg,12,5,0.7310600280761719
data/shared_subset/hybrid/target/Tomato_leaf_bacterial_spot/train_Tomato leaf bacterial spot_72.jpg,12,5,0.6844049692153931
data/shared_subset/hybrid/target/Tomato_leaf_bacterial_spot/train_Tomato leaf bacterial spot_35.jpg,12,5,0.4788780212402344
data/shared_subset/hybrid/target/Tomato_leaf_bacterial_spot/train_Tomato leaf bacterial spot_43.jpg,12,6,0.8329535126686096
data/shared_subset/hybrid/target/Tomato_leaf_bacterial_spot/train_Tomato leaf bacterial spot_76.jpg,12,4,0.5318281054496765
data/shared_subset/hybrid/target/Tomato_leaf_bacterial_spot/train_Tomato leaf bacterial spot_7.jpg,12,5,0.8541817665100098
data/shared_subset/hybrid/target/Tomato_leaf_bacterial_spot/train_Tomato leaf bacterial spot_18.jpg,12,9,0.4384860396385193
data/shared_subset/hybrid/target/Tomato_leaf_bacterial_spot/train_Tomato leaf bacterial spot_85.jpg,12,5,0.6732730865478516
data/shared_subset/hybrid/target/Tomato_leaf_bacterial_spot/train_Tomato leaf bacterial spot_75.jpg,12,5,0.8087698817253113
data/shared_subset/hybrid/target/Tomato_leaf_bacterial_spot/train_Tomato leaf bacterial spot_33.jpg,12,5,0.5375552177429199
data/shared_subset/hybrid/target/Tomato_leaf_bacterial_spot/train_Tomato leaf bacterial spot_97.jpg,12,3,0.39536404609680176
data/shared_subset/hybrid/target/Tomato_leaf_bacterial_spot/train_Tomato leaf bacterial spot_101.jpg,12,4,0.8223201632499695
data/shared_subset/hybrid/target/Tomato_leaf_bacterial_spot/train_Tomato leaf bacterial spot_93.jpg,12,4,0.5297902226448059
data/shared_subset/hybrid/target/Tomato_leaf_bacterial_spot/train_Tomato leaf bacterial spot_59.jpg,12,4,0.5395092964172363
data/shared_subset/hybrid/target/Tomato_leaf_bacterial_spot/train_Tomato leaf bacterial spot_60.jpg,12,9,0.853050172328949
data/shared_subset/hybrid/target/Tomato_leaf_bacterial_spot/train_Tomato leaf bacterial spot_91.jpg,12,3,0.8891168832778931
data/shared_subset/hybrid/target/Tomato_leaf_bacterial_spot/train_Tomato leaf bacterial spot_4.jpg,12,4,0.7064257860183716
data/shared_subset/hybrid/target/Tomato_leaf_bacterial_spot/train_Tomato leaf bacterial spot_90.jpg,12,9,0.8386093974113464
data/shared_subset/hybrid/target/Tomato_leaf_bacterial_spot/train_Tomato leaf bacterial spot_68.jpg,12,9,0.7308493256568909
data/shared_subset/hybrid/target/Tomato_leaf_bacterial_spot/train_Tomato leaf bacterial spot_82.jpg,12,4,0.9256893396377563
data/shared_subset/hybrid/target/Tomato_leaf_bacterial_spot/train_Tomato leaf bacterial spot_20.jpg,12,4,0.6136984825134277
data/shared_subset/hybrid/target/Tomato_leaf_bacterial_spot/train_Tomato leaf bacterial spot_53.jpg,12,3,0.9839180707931519
data/shared_subset/hybrid/target/Tomato_leaf_bacterial_spot/train_Tomato leaf bacterial spot_66.jpg,12,7,0.7280299663543701
data/shared_subset/hybrid/target/Tomato_leaf_bacterial_spot/train_Tomato leaf bacterial spot_55.jpg,12,4,0.805901825428009
data/shared_subset/hybrid/target/Tomato_leaf_bacterial_spot/train_Tomato leaf bacterial spot_10.jpg,12,9,0.7498176693916321
data/shared_subset/hybrid/target/Tomato_leaf_bacterial_spot/train_Tomato leaf bacterial spot_61.jpg,12,5,0.8118401765823364
data/shared_subset/hybrid/target/Tomato_leaf_bacterial_spot/train_Tomato leaf bacterial spot_27.jpg,12,11,0.3142561614513397
data/shared_subset/hybrid/target/Tomato_leaf_bacterial_spot/train_Tomato leaf bacterial spot_86.jpg,12,11,0.4173019826412201
data/shared_subset/hybrid/target/Tomato_leaf_bacterial_spot/train_Tomato leaf bacterial spot_5.jpg,12,9,0.9951956868171692
data/shared_subset/hybrid/target/Tomato_leaf_bacterial_spot/train_Tomato leaf bacterial spot_11.jpg,12,4,0.7821645140647888
data/shared_subset/hybrid/target/Tomato_leaf_bacterial_spot/train_Tomato leaf bacterial spot_54.jpg,12,4,0.8886155486106873
data/shared_subset/hybrid/target/Tomato_leaf_bacterial_spot/train_Tomato leaf bacterial spot_16.jpg,12,7,0.477108359336853
data/shared_subset/hybrid/target/Tomato_leaf_bacterial_spot/train_Tomato leaf bacterial spot_25.jpg,12,3,0.9997294545173645
data/shared_subset/hybrid/target/Tomato_leaf_bacterial_spot/train_Tomato leaf bacterial spot_89.jpg,12,4,0.8020446300506592
data/shared_subset/hybrid/target/Tomato_leaf_bacterial_spot/train_Tomato leaf bacterial spot_47.jpg,12,9,0.9634639620780945
data/shared_subset/hybrid/target/Tomato_leaf_bacterial_spot/train_Tomato leaf bacterial spot_50.jpg,12,5,0.7448996305465698
data/shared_subset/hybrid/target/Tomato_leaf_bacterial_spot/train_Tomato leaf bacterial spot_40.jpg,12,9,0.42256271839141846
data/shared_subset/hybrid/target/Tomato_leaf_bacterial_spot/train_Tomato leaf bacterial spot_14.jpg,12,4,0.5761594772338867
data/shared_subset/hybrid/target/Tomato_leaf_bacterial_spot/train_Tomato leaf bacterial spot_23.jpg,12,4,0.7908061742782593
data/shared_subset/hybrid/target/Tomato_leaf_bacterial_spot/train_Tomato leaf bacterial spot_28.jpg,12,5,0.7361486554145813
data/shared_subset/hybrid/target/Tomato_leaf_bacterial_spot/train_Tomato leaf bacterial spot_57.jpg,12,5,0.5120929479598999
data/shared_subset/hybrid/target/Tomato_leaf_bacterial_spot/train_Tomato leaf bacterial spot_96.jpg,12,4,0.4004676640033722
data/shared_subset/hybrid/target/Tomato_leaf_bacterial_spot/train_Tomato leaf bacterial spot_88.jpg,12,4,0.8445282578468323
data/shared_subset/hybrid/target/Tomato_leaf_bacterial_spot/train_Tomato leaf bacterial spot_51.jpg,12,5,0.6665902137756348
data/shared_subset/hybrid/target/Tomato_leaf_bacterial_spot/train_Tomato leaf bacterial spot_95.jpg,12,4,0.8465391397476196
data/shared_subset/hybrid/target/Tomato_leaf_bacterial_spot/train_Tomato leaf bacterial spot_46.jpg,12,5,0.7520384192466736
data/shared_subset/hybrid/target/Tomato_leaf_bacterial_spot/train_Tomato leaf bacterial spot_36.jpg,12,5,0.705720067024231
data/shared_subset/hybrid/target/Tomato_leaf_bacterial_spot/train_Tomato leaf bacterial spot_2.jpg,12,5,0.5256137251853943
data/shared_subset/hybrid/target/Tomato_leaf_bacterial_spot/train_Tomato leaf bacterial spot_98.jpg,12,4,0.6171101331710815
data/shared_subset/hybrid/target/Tomato_leaf_bacterial_spot/train_Tomato leaf bacterial spot_56.jpg,12,5,0.6856915950775146
data/shared_subset/hybrid/target/Tomato_leaf_bacterial_spot/train_Tomato leaf bacterial spot_78.jpg,12,4,0.5975767374038696
data/shared_subset/hybrid/target/Tomato_leaf_bacterial_spot/train_Tomato leaf bacterial spot_45.jpg,12,4,0.5663876533508301
data/shared_subset/hybrid/target/Tomato_leaf_bacterial_spot/train_Tomato leaf bacterial spot_62.jpg,12,5,0.48981231451034546
data/shared_subset/hybrid/target/Tomato_leaf_bacterial_spot/train_Tomato leaf bacterial spot_26.jpg,12,9,0.4364778697490692
data/shared_subset/hybrid/target/Tomato_leaf_bacterial_spot/train_Tomato leaf bacterial spot_67.jpg,12,4,0.8938936591148376
data/shared_subset/hybrid/target/Tomato_leaf_bacterial_spot/train_Tomato leaf bacterial spot_37.jpg,12,5,0.4389219582080841
data/shared_subset/hybrid/target/Tomato_leaf_bacterial_spot/train_Tomato leaf bacterial spot_87.jpg,12,5,0.8176023364067078
data/shared_subset/hybrid/target/Tomato_leaf_bacterial_spot/train_Tomato leaf bacterial spot_65.jpg,12,4,0.5459378957748413
data/shared_subset/hybrid/target/Tomato_leaf_bacterial_spot/train_Tomato leaf bacterial spot_8.jpg,12,5,0.5213155746459961
data/shared_subset/hybrid/target/Tomato_leaf_bacterial_spot/train_Tomato leaf bacterial spot_29.jpg,12,5,0.33730897307395935
data/shared_subset/hybrid/target/Tomato_leaf_bacterial_spot/train_Tomato leaf bacterial spot_52.jpg,12,10,0.8313473463058472
data/shared_subset/hybrid/target/Tomato_leaf_bacterial_spot/train_Tomato leaf bacterial spot_83.jpg,12,6,0.9291414022445679
data/shared_subset/hybrid/target/Tomato_leaf_bacterial_spot/train_Tomato leaf bacterial spot_92.jpg,12,5,0.34194764494895935
data/shared_subset/hybrid/target/Tomato_leaf_bacterial_spot/train_Tomato leaf bacterial spot_21.jpg,12,4,0.7064684629440308
data/shared_subset/hybrid/target/Tomato_leaf_bacterial_spot/train_Tomato leaf bacterial spot_58.jpg,12,9,0.899990975856781
data/shared_subset/hybrid/target/Tomato_leaf_bacterial_spot/train_Tomato leaf bacterial spot_63.jpg,12,5,0.7244786620140076
data/shared_subset/hybrid/target/Tomato_leaf_bacterial_spot/train_Tomato leaf bacterial spot_9.jpg,12,5,0.5214654803276062
data/shared_subset/hybrid/target/Tomato_leaf_bacterial_spot/train_Tomato leaf bacterial spot_41.jpg,12,6,0.8254600167274475
data/shared_subset/hybrid/target/Tomato_leaf_bacterial_spot/train_Tomato leaf bacterial spot_81.jpg,12,4,0.5963209867477417
data/shared_subset/hybrid/target/Tomato_leaf_bacterial_spot/train_Tomato leaf bacterial spot_13.jpg,12,9,0.6537766456604004
data/shared_subset/hybrid/target/Tomato_leaf_bacterial_spot/train_Tomato leaf bacterial spot_69.jpg,12,5,0.7357699275016785
data/shared_subset/hybrid/target/Tomato_leaf_bacterial_spot/train_Tomato leaf bacterial spot_70.jpg,12,4,0.5070673823356628
data/shared_subset/hybrid/target/Tomato_leaf_bacterial_spot/train_Tomato leaf bacterial spot_38.jpg,12,5,0.3207814395427704
data/shared_subset/hybrid/target/Tomato_leaf_bacterial_spot/train_Tomato leaf bacterial spot_100.jpg,12,4,0.5741692185401917
data/shared_subset/hybrid/target/Tomato_leaf_bacterial_spot/train_Tomato leaf bacterial spot_84.jpg,12,4,0.40358787775039673
data/shared_subset/hybrid/target/Tomato_leaf_bacterial_spot/train_Tomato leaf bacterial spot_77.jpg,12,7,0.33735567331314087
data/shared_subset/hybrid/target/Tomato_leaf_bacterial_spot/train_Tomato leaf bacterial spot_12.jpg,12,5,0.9407970309257507
data/shared_subset/hybrid/target/Tomato_leaf_bacterial_spot/train_Tomato leaf bacterial spot_80.jpg,12,10,0.6021564602851868
data/shared_subset/hybrid/target/Tomato_leaf_bacterial_spot/train_Tomato leaf bacterial spot_34.jpg,12,4,0.5180085897445679
data/shared_subset/hybrid/target/Tomato_leaf_bacterial_spot/train_Tomato leaf bacterial spot_79.jpg,12,5,0.4671875238418579
data/shared_subset/hybrid/target/Tomato_leaf_bacterial_spot/train_Tomato leaf bacterial spot_6.jpg,12,5,0.5800476670265198
data/shared_subset/hybrid/target/Tomato_leaf_late_blight/train_Tomato leaf late blight_3.jpg,13,8,0.8247440457344055
data/shared_subset/hybrid/target/Tomato_leaf_late_blight/train_Tomato leaf late blight_78.jpg,13,8,0.6027188897132874
data/shared_subset/hybrid/target/Tomato_leaf_late_blight/train_Tomato leaf late blight_95.jpg,13,3,0.9249305129051208
data/shared_subset/hybrid/target/Tomato_leaf_late_blight/train_Tomato leaf late blight_51.jpg,13,3,0.5234745144844055
data/shared_subset/hybrid/target/Tomato_leaf_late_blight/train_Tomato leaf late blight_65.jpg,13,5,0.6774474382400513
data/shared_subset/hybrid/target/Tomato_leaf_late_blight/train_Tomato leaf late blight_10.jpg,13,3,0.8741471767425537
data/shared_subset/hybrid/target/Tomato_leaf_late_blight/train_Tomato leaf late blight_9.jpg,13,8,0.8400352597236633
data/shared_subset/hybrid/target/Tomato_leaf_late_blight/train_Tomato leaf late blight_84.jpg,13,8,0.9049955010414124
data/shared_subset/hybrid/target/Tomato_leaf_late_blight/train_Tomato leaf late blight_28.jpg,13,13,0.8591803908348083
data/shared_subset/hybrid/target/Tomato_leaf_late_blight/train_Tomato leaf late blight_23.jpg,13,5,0.5621683597564697
data/shared_subset/hybrid/target/Tomato_leaf_late_blight/train_Tomato leaf late blight_74.jpg,13,5,0.6175055503845215
data/shared_subset/hybrid/target/Tomato_leaf_late_blight/train_Tomato leaf late blight_90.jpg,13,5,0.863500714302063
data/shared_subset/hybrid/target/Tomato_leaf_late_blight/train_Tomato leaf late blight_97.jpg,13,8,0.4732506275177002
data/shared_subset/hybrid/target/Tomato_leaf_late_blight/train_Tomato leaf late blight_76.jpg,13,5,0.8216652274131775
data/shared_subset/hybrid/target/Tomato_leaf_late_blight/train_Tomato leaf late blight_87.jpg,13,9,0.894476592540741
data/shared_subset/hybrid/target/Tomato_leaf_late_blight/train_Tomato leaf late blight_68.jpg,13,8,0.4751848876476288
data/shared_subset/hybrid/target/Tomato_leaf_late_blight/train_Tomato leaf late blight_99.jpg,13,9,0.8242737054824829
data/shared_subset/hybrid/target/Tomato_leaf_late_blight/train_Tomato leaf late blight_77.jpg,13,5,0.9240214824676514
data/shared_subset/hybrid/target/Tomato_leaf_late_blight/train_Tomato leaf late blight_34.jpg,13,5,0.36873960494995117
data/shared_subset/hybrid/target/Tomato_leaf_late_blight/train_Tomato leaf late blight_6.jpg,13,13,0.5824759006500244
data/shared_subset/hybrid/target/Tomato_leaf_late_blight/train_Tomato leaf late blight_86.jpg,13,11,0.29118892550468445
data/shared_subset/hybrid/target/Tomato_leaf_late_blight/train_Tomato leaf late blight_60.jpg,13,5,0.99905925989151
data/shared_subset/hybrid/target/Tomato_leaf_late_blight/train_Tomato leaf late blight_91.jpg,13,3,0.40060293674468994
data/shared_subset/hybrid/target/Tomato_leaf_late_blight/train_Tomato leaf late blight_46.jpg,13,17,0.36053338646888733
data/shared_subset/hybrid/target/Tomato_leaf_late_blight/train_Tomato leaf late blight_89.jpg,13,9,0.4863589406013489
data/shared_subset/hybrid/target/Tomato_leaf_late_blight/train_Tomato leaf late blight_36.jpg,13,5,0.38120153546333313
data/shared_subset/hybrid/target/Tomato_leaf_late_blight/train_Tomato leaf late blight_101.jpg,13,9,0.4019131660461426
data/shared_subset/hybrid/target/Tomato_leaf_late_blight/train_Tomato leaf late blight_29.jpg,13,8,0.875580370426178
data/shared_subset/hybrid/target/Tomato_leaf_late_blight/train_Tomato leaf late blight_42.jpg,13,5,0.816840410232544
data/shared_subset/hybrid/target/Tomato_leaf_late_blight/train_Tomato leaf late blight_16.jpg,13,5,0.6382012963294983
data/shared_subset/hybrid/target/Tomato_leaf_late_blight/train_Tomato leaf late blight_38.jpg,13,5,0.6589090824127197
data/shared_subset/hybrid/target/Tomato_leaf_late_blight/train_Tomato leaf late blight_55.jpg,13,4,0.8482161164283752
data/shared_subset/hybrid/target/Tomato_leaf_late_blight/train_Tomato leaf late blight_100.jpg,13,5,0.6465061902999878
data/shared_subset/hybrid/target/Tomato_leaf_late_blight/train_Tomato leaf late blight_70.jpg,13,3,0.998871386051178
data/shared_subset/hybrid/target/Tomato_leaf_late_blight/train_Tomato leaf late blight_49.jpg,13,5,0.6842767596244812
data/shared_subset/hybrid/target/Tomato_leaf_late_blight/train_Tomato leaf late blight_79.jpg,13,9,0.8329829573631287
data/shared_subset/hybrid/target/Tomato_leaf_late_blight/train_Tomato leaf late blight_11.jpg,13,9,0.7364586591720581
data/shared_subset/hybrid/target/Tomato_leaf_late_blight/train_Tomato leaf late blight_21.jpg,13,5,0.6468374729156494
data/shared_subset/hybrid/target/Tomato_leaf_late_blight/train_Tomato leaf late blight_57.jpg,13,5,0.8747208714485168
data/shared_subset/hybrid/target/Tomato_leaf_late_blight/train_Tomato leaf late blight_83.jpg,13,8,0.9621614813804626
data/shared_subset/hybrid/target/Tomato_leaf_late_blight/train_Tomato leaf late blight_1.jpg,13,5,0.4169321358203888
data/shared_subset/hybrid/target/Tomato_leaf_late_blight/train_Tomato leaf late blight_2.jpg,13,9,0.6769576072692871
data/shared_subset/hybrid/target/Tomato_leaf_late_blight/train_Tomato leaf late blight_66.jpg,13,5,0.4808167517185211
data/shared_subset/hybrid/target/Tomato_leaf_late_blight/train_Tomato leaf late blight_58.jpg,13,5,0.5390089154243469
data/shared_subset/hybrid/target/Tomato_leaf_late_blight/train_Tomato leaf late blight_47.jpg,13,13,0.37138867378234863
data/shared_subset/hybrid/target/Tomato_leaf_late_blight/train_Tomato leaf late blight_96.jpg,13,5,0.5920190215110779
data/shared_subset/hybrid/target/Tomato_leaf_late_blight/train_Tomato leaf late blight_19.jpg,13,9,0.8851084113121033
data/shared_subset/hybrid/target/Tomato_leaf_late_blight/train_Tomato leaf late blight_20.jpg,13,6,0.445448100566864
data/shared_subset/hybrid/target/Tomato_leaf_late_blight/train_Tomato leaf late blight_50.jpg,13,10,0.48822206258773804
data/shared_subset/hybrid/target/Tomato_leaf_late_blight/train_Tomato leaf late blight_75.jpg,13,5,0.8535969853401184
data/shared_subset/hybrid/target/Tomato_leaf_late_blight/train_Tomato leaf late blight_44.jpg,13,8,0.9824349284172058
data/shared_subset/hybrid/target/Tomato_leaf_late_blight/train_Tomato leaf late blight_22.jpg,13,5,0.8924893140792847
data/shared_subset/hybrid/target/Tomato_leaf_late_blight/train_Tomato leaf late blight_59.jpg,13,9,0.48661544919013977
data/shared_subset/hybrid/target/Tomato_leaf_late_blight/train_Tomato leaf late blight_26.jpg,13,5,0.556365966796875
data/shared_subset/hybrid/target/Tomato_leaf_late_blight/train_Tomato leaf late blight_24.jpg,13,4,0.5733526945114136
data/shared_subset/hybrid/target/Tomato_leaf_late_blight/train_Tomato leaf late blight_94.jpg,13,9,0.8490390181541443
data/shared_subset/hybrid/target/Tomato_leaf_late_blight/train_Tomato leaf late blight_54.jpg,13,9,0.7340786457061768
data/shared_subset/hybrid/target/Tomato_leaf_late_blight/train_Tomato leaf late blight_43.jpg,13,5,0.5177569389343262
data/shared_subset/hybrid/target/Tomato_leaf_late_blight/train_Tomato leaf late blight_61.jpg,13,5,0.8606491684913635
data/shared_subset/hybrid/target/Tomato_leaf_late_blight/train_Tomato leaf late blight_63.jpg,13,5,0.4940798878669739
data/shared_subset/hybrid/target/Tomato_leaf_late_blight/train_Tomato leaf late blight_71.jpg,13,9,0.4610575735569
data/shared_subset/hybrid/target/Tomato_leaf_late_blight/train_Tomato leaf late blight_82.jpg,13,4,0.5128533244132996
data/shared_subset/hybrid/target/Tomato_leaf_late_blight/train_Tomato leaf late blight_27.jpg,13,5,0.7763349413871765
data/shared_subset/hybrid/target/Tomato_leaf_late_blight/train_Tomato leaf late blight_32.jpg,13,9,0.7316991686820984
data/shared_subset/hybrid/target/Tomato_leaf_late_blight/train_Tomato leaf late blight_17.jpg,13,6,0.8728821873664856
data/shared_subset/hybrid/target/Tomato_leaf_late_blight/train_Tomato leaf late blight_85.jpg,13,9,0.8077434301376343
data/shared_subset/hybrid/target/Tomato_leaf_late_blight/train_Tomato leaf late blight_8.jpg,13,5,0.8508359789848328
data/shared_subset/hybrid/target/Tomato_leaf_late_blight/train_Tomato leaf late blight_39.jpg,13,4,0.5401905179023743
data/shared_subset/hybrid/target/Tomato_leaf_late_blight/train_Tomato leaf late blight_41.jpg,13,5,0.8566200137138367
data/shared_subset/hybrid/target/Tomato_leaf_late_blight/train_Tomato leaf late blight_25.jpg,13,6,0.9691344499588013
data/shared_subset/hybrid/target/Tomato_leaf_late_blight/train_Tomato leaf late blight_80.jpg,13,4,0.6504815816879272
data/shared_subset/hybrid/target/Tomato_leaf_late_blight/train_Tomato leaf late blight_4.jpg,13,5,0.6942235231399536
data/shared_subset/hybrid/target/Tomato_leaf_late_blight/train_Tomato leaf late blight_73.jpg,13,9,0.9174683094024658
data/shared_subset/hybrid/target/Tomato_leaf_late_blight/train_Tomato leaf late blight_48.jpg,13,9,0.9727802276611328
data/shared_subset/hybrid/target/Tomato_leaf_late_blight/train_Tomato leaf late blight_72.jpg,13,5,0.48003819584846497
data/shared_subset/hybrid/target/Tomato_leaf_late_blight/train_Tomato leaf late blight_98.jpg,13,3,0.2313702255487442
data/shared_subset/hybrid/target/Tomato_leaf_late_blight/train_Tomato leaf late blight_14.jpg,13,4,0.44558045268058777
data/shared_subset/hybrid/target/Tomato_leaf_late_blight/train_Tomato leaf late blight_52.jpg,13,9,0.40192171931266785
data/shared_subset/hybrid/target/Tomato_leaf_late_blight/train_Tomato leaf late blight_15.jpg,13,5,0.43629956245422363
data/shared_subset/hybrid/target/Tomato_leaf_late_blight/train_Tomato leaf late blight_62.jpg,13,9,0.9245090484619141
data/shared_subset/hybrid/target/Tomato_leaf_late_blight/train_Tomato leaf late blight_33.jpg,13,7,0.7932215332984924
data/shared_subset/hybrid/target/Tomato_leaf_late_blight/train_Tomato leaf late blight_69.jpg,13,13,0.6047447323799133
data/shared_subset/hybrid/target/Tomato_leaf_late_blight/train_Tomato leaf late blight_56.jpg,13,4,0.7752681374549866
data/shared_subset/hybrid/target/Tomato_leaf_late_blight/train_Tomato leaf late blight_88.jpg,13,5,0.7601103782653809
data/shared_subset/hybrid/target/Tomato_leaf_late_blight/train_Tomato leaf late blight_5.jpg,13,4,0.6181824803352356
data/shared_subset/hybrid/target/Tomato_leaf_late_blight/train_Tomato leaf late blight_40.jpg,13,4,0.48979800939559937
data/shared_subset/hybrid/target/Tomato_leaf_late_blight/train_Tomato leaf late blight_12.jpg,13,13,0.7950207591056824
data/shared_subset/hybrid/target/Tomato_leaf_late_blight/train_Tomato leaf late blight_35.jpg,13,9,0.990196943283081
data/shared_subset/hybrid/target/Tomato_leaf_late_blight/train_Tomato leaf late blight_45.jpg,13,3,0.9126098155975342
data/shared_subset/hybrid/target/Tomato_leaf_late_blight/train_Tomato leaf late blight_31.jpg,13,5,0.42140695452690125
data/shared_subset/hybrid/target/Tomato_leaf_late_blight/train_Tomato leaf late blight_81.jpg,13,5,0.6930469274520874
data/shared_subset/hybrid/target/Tomato_leaf_late_blight/train_Tomato leaf late blight_13.jpg,13,9,0.36260083317756653
data/shared_subset/hybrid/target/Tomato_leaf_late_blight/train_Tomato leaf late blight_18.jpg,13,5,0.32505109906196594
data/shared_subset/hybrid/target/Tomato_leaf_late_blight/train_Tomato leaf late blight_53.jpg,13,5,0.501695990562439
data/shared_subset/hybrid/target/Tomato_leaf_late_blight/train_Tomato leaf late blight_67.jpg,13,5,0.5888699293136597
data/shared_subset/hybrid/target/Tomato_leaf_late_blight/train_Tomato leaf late blight_30.jpg,13,9,0.4378966689109802
data/shared_subset/hybrid/target/Tomato_leaf_late_blight/train_Tomato leaf late blight_64.jpg,13,5,0.545049250125885
data/shared_subset/hybrid/target/Tomato_leaf_late_blight/train_Tomato leaf late blight_92.jpg,13,9,0.4173346161842346
data/shared_subset/hybrid/target/Tomato_leaf_late_blight/train_Tomato leaf late blight_7.jpg,13,9,0.8047997355461121
data/shared_subset/hybrid/target/Tomato_leaf_late_blight/train_Tomato leaf late blight_93.jpg,13,5,0.6296566128730774
data/shared_subset/hybrid/target/Tomato_leaf_late_blight/train_Tomato leaf late blight_37.jpg,13,5,0.34130626916885376
data/shared_subset/hybrid/target/Tomato_leaf_mosaic_virus/train_Tomato leaf mosaic virus_35.jpg,14,9,0.9351749420166016
data/shared_subset/hybrid/target/Tomato_leaf_mosaic_virus/train_Tomato leaf mosaic virus_2.jpg,14,5,0.4889887571334839
data/shared_subset/hybrid/target/Tomato_leaf_mosaic_virus/train_Tomato leaf mosaic virus_40.jpg,14,9,0.7780897617340088
data/shared_subset/hybrid/target/Tomato_leaf_mosaic_virus/train_Tomato leaf mosaic virus_28.jpg,14,4,0.7955558896064758
data/shared_subset/hybrid/target/Tomato_leaf_mosaic_virus/train_Tomato leaf mosaic virus_15.jpg,14,9,0.9827932119369507
data/shared_subset/hybrid/target/Tomato_leaf_mosaic_virus/train_Tomato leaf mosaic virus_8.jpg,14,4,0.6192176938056946
data/shared_subset/hybrid/target/Tomato_leaf_mosaic_virus/train_Tomato leaf mosaic virus_1.jpg,14,9,0.8189643621444702
data/shared_subset/hybrid/target/Tomato_leaf_mosaic_virus/train_Tomato leaf mosaic virus_19.jpg,14,5,0.4108174741268158
data/shared_subset/hybrid/target/Tomato_leaf_mosaic_virus/train_Tomato leaf mosaic virus_20.jpg,14,4,0.7312617301940918
data/shared_subset/hybrid/target/Tomato_leaf_mosaic_virus/train_Tomato leaf mosaic virus_41.jpg,14,9,0.5356402397155762
data/shared_subset/hybrid/target/Tomato_leaf_mosaic_virus/train_Tomato leaf mosaic virus_34.jpg,14,4,0.6558010578155518
data/shared_subset/hybrid/target/Tomato_leaf_mosaic_virus/train_Tomato leaf mosaic virus_27.jpg,14,5,0.4719933271408081
data/shared_subset/hybrid/target/Tomato_leaf_mosaic_virus/train_Tomato leaf mosaic virus_9.jpg,14,5,0.6296106576919556
data/shared_subset/hybrid/target/Tomato_leaf_mosaic_virus/train_Tomato leaf mosaic virus_36.jpg,14,9,0.33431899547576904
data/shared_subset/hybrid/target/Tomato_leaf_mosaic_virus/train_Tomato leaf mosaic virus_39.jpg,14,5,0.44928109645843506
data/shared_subset/hybrid/target/Tomato_leaf_mosaic_virus/train_Tomato leaf mosaic virus_30.jpg,14,5,0.3788612484931946
data/shared_subset/hybrid/target/Tomato_leaf_mosaic_virus/train_Tomato leaf mosaic virus_44.jpg,14,4,0.41109946370124817
data/shared_subset/hybrid/target/Tomato_leaf_mosaic_virus/train_Tomato leaf mosaic virus_10.jpg,14,4,0.8715739250183105
data/shared_subset/hybrid/target/Tomato_leaf_mosaic_virus/train_Tomato leaf mosaic virus_12.jpg,14,3,0.4294223189353943
data/shared_subset/hybrid/target/Tomato_leaf_mosaic_virus/train_Tomato leaf mosaic virus_25.jpg,14,9,0.7417093515396118
data/shared_subset/hybrid/target/Tomato_leaf_mosaic_virus/train_Tomato leaf mosaic virus_16.jpg,14,9,0.9234260320663452
data/shared_subset/hybrid/target/Tomato_leaf_mosaic_virus/train_Tomato leaf mosaic virus_29.jpg,14,13,0.7683641314506531
data/shared_subset/hybrid/target/Tomato_leaf_mosaic_virus/train_Tomato leaf mosaic virus_43.jpg,14,9,0.9848830103874207
data/shared_subset/hybrid/target/Tomato_leaf_mosaic_virus/train_Tomato leaf mosaic virus_7.jpg,14,10,0.8689536452293396
data/shared_subset/hybrid/target/Tomato_leaf_mosaic_virus/train_Tomato leaf mosaic virus_26.jpg,14,9,0.5652685761451721
data/shared_subset/hybrid/target/Tomato_leaf_mosaic_virus/train_Tomato leaf mosaic virus_11.jpg,14,4,0.5810937881469727
data/shared_subset/hybrid/target/Tomato_leaf_mosaic_virus/train_Tomato leaf mosaic virus_18.jpg,14,16,0.9217132329940796
data/shared_subset/hybrid/target/Tomato_leaf_mosaic_virus/train_Tomato leaf mosaic virus_37.jpg,14,4,0.6679664850234985
data/shared_subset/hybrid/target/Tomato_leaf_mosaic_virus/train_Tomato leaf mosaic virus_33.jpg,14,9,0.9717660546302795
data/shared_subset/hybrid/target/Tomato_leaf_mosaic_virus/train_Tomato leaf mosaic virus_6.jpg,14,4,0.420189768075943
data/shared_subset/hybrid/target/Tomato_leaf_mosaic_virus/train_Tomato leaf mosaic virus_32.jpg,14,9,0.9722909331321716
data/shared_subset/hybrid/target/Tomato_leaf_mosaic_virus/train_Tomato leaf mosaic virus_5.jpg,14,16,0.9995200634002686
data/shared_subset/hybrid/target/Tomato_leaf_mosaic_virus/train_Tomato leaf mosaic virus_4.jpg,14,9,0.8091926574707031
data/shared_subset/hybrid/target/Tomato_leaf_mosaic_virus/train_Tomato leaf mosaic virus_17.jpg,14,4,0.5012950301170349
data/shared_subset/hybrid/target/Tomato_leaf_mosaic_virus/train_Tomato leaf mosaic virus_21.jpg,14,4,0.40480268001556396
data/shared_subset/hybrid/target/Tomato_leaf_mosaic_virus/train_Tomato leaf mosaic virus_22.jpg,14,4,0.4402881860733032
data/shared_subset/hybrid/target/Tomato_leaf_mosaic_virus/train_Tomato leaf mosaic virus_38.jpg,14,3,0.9010329842567444
data/shared_subset/hybrid/target/Tomato_leaf_mosaic_virus/train_Tomato leaf mosaic virus_23.jpg,14,4,0.7100790143013
data/shared_subset/hybrid/target/Tomato_leaf_mosaic_virus/train_Tomato leaf mosaic virus_42.jpg,14,9,0.8243353366851807
data/shared_subset/hybrid/target/Tomato_leaf_mosaic_virus/train_Tomato leaf mosaic virus_3.jpg,14,9,0.472828209400177
data/shared_subset/hybrid/target/Tomato_leaf_mosaic_virus/train_Tomato leaf mosaic virus_31.jpg,14,9,0.9471272230148315
data/shared_subset/hybrid/target/Tomato_leaf_mosaic_virus/train_Tomato leaf mosaic virus_13.jpg,14,4,0.6766883134841919
data/shared_subset/hybrid/target/Tomato_leaf_mosaic_virus/train_Tomato leaf mosaic virus_24.jpg,14,9,0.41085076332092285
data/shared_subset/hybrid/target/Tomato_leaf_mosaic_virus/train_Tomato leaf mosaic virus_14.jpg,14,4,0.918574333190918
data/shared_subset/hybrid/target/Tomato_leaf_yellow_virus/train_Tomato leaf yellow virus_41_2.jpg,15,9,0.8944231867790222
data/shared_subset/hybrid/target/Tomato_leaf_yellow_virus/train_Tomato leaf yellow virus_52.jpg,15,9,0.4400358200073242
data/shared_subset/hybrid/target/Tomato_leaf_yellow_virus/train_Tomato leaf yellow virus_19_4.jpg,15,12,0.38036662340164185
data/shared_subset/hybrid/target/Tomato_leaf_yellow_virus/train_Tomato leaf yellow virus_68_1.jpg,15,5,0.27504482865333557
data/shared_subset/hybrid/target/Tomato_leaf_yellow_virus/train_Tomato leaf yellow virus_35_3.jpg,15,5,0.37278178334236145
data/shared_subset/hybrid/target/Tomato_leaf_yellow_virus/train_Tomato leaf yellow virus_24_5.jpg,15,0,0.49765947461128235
data/shared_subset/hybrid/target/Tomato_leaf_yellow_virus/train_Tomato leaf yellow virus_13_3.jpg,15,4,0.5200300812721252
data/shared_subset/hybrid/target/Tomato_leaf_yellow_virus/train_Tomato leaf yellow virus_23_3.jpg,15,4,0.7674222588539124
data/shared_subset/hybrid/target/Tomato_leaf_yellow_virus/train_Tomato leaf yellow virus_30_2.jpg,15,9,0.39664530754089355
data/shared_subset/hybrid/target/Tomato_leaf_yellow_virus/train_Tomato leaf yellow virus_11_2.jpg,15,9,0.6782357096672058
data/shared_subset/hybrid/target/Tomato_leaf_yellow_virus/train_Tomato leaf yellow virus_46_9.jpg,15,16,0.34753045439720154
data/shared_subset/hybrid/target/Tomato_leaf_yellow_virus/train_Tomato leaf yellow virus_33.jpg,15,4,0.6331519484519958
data/shared_subset/hybrid/target/Tomato_leaf_yellow_virus/train_Tomato leaf yellow virus_59_1.jpg,15,9,0.8807835578918457
data/shared_subset/hybrid/target/Tomato_leaf_yellow_virus/train_Tomato leaf yellow virus_7.jpg,15,4,0.7119783759117126
data/shared_subset/hybrid/target/Tomato_leaf_yellow_virus/train_Tomato leaf yellow virus_65_2.jpg,15,5,0.6128997206687927
data/shared_subset/hybrid/target/Tomato_leaf_yellow_virus/train_Tomato leaf yellow virus_8_34.jpg,15,5,0.6568951606750488
data/shared_subset/hybrid/target/Tomato_leaf_yellow_virus/train_Tomato leaf yellow virus_69_6.jpg,15,5,0.541862428188324
data/shared_subset/hybrid/target/Tomato_leaf_yellow_virus/train_Tomato leaf yellow virus_13_2.jpg,15,5,0.561856746673584
data/shared_subset/hybrid/target/Tomato_leaf_yellow_virus/train_Tomato leaf yellow virus_3_10.jpg,15,9,0.9090794324874878
data/shared_subset/hybrid/target/Tomato_leaf_yellow_virus/train_Tomato leaf yellow virus_12_6.jpg,15,4,0.7329686284065247
data/shared_subset/hybrid/target/Tomato_leaf_yellow_virus/train_Tomato leaf yellow virus_48_6.jpg,15,5,0.7344562411308289
data/shared_subset/hybrid/target/Tomato_leaf_yellow_virus/train_Tomato leaf yellow virus_66_6.jpg,15,4,0.7949075102806091
data/shared_subset/hybrid/target/Tomato_leaf_yellow_virus/train_Tomato leaf yellow virus_8_1.jpg,15,5,0.5604947805404663
data/shared_subset/hybrid/target/Tomato_leaf_yellow_virus/train_Tomato leaf yellow virus_24_1.jpg,15,9,0.7362555265426636
data/shared_subset/hybrid/target/Tomato_leaf_yellow_virus/train_Tomato leaf yellow virus_51_3.jpg,15,4,0.6916134357452393
data/shared_subset/hybrid/target/Tomato_leaf_yellow_virus/train_Tomato leaf yellow virus_42.jpg,15,13,0.34470921754837036
data/shared_subset/hybrid/target/Tomato_leaf_yellow_virus/train_Tomato leaf yellow virus_8_6.jpg,15,4,0.5063387155532837
data/shared_subset/hybrid/target/Tomato_leaf_yellow_virus/train_Tomato leaf yellow virus_11_6.jpg,15,4,0.42070016264915466
data/shared_subset/hybrid/target/Tomato_leaf_yellow_virus/train_Tomato leaf yellow virus_1_2.jpg,15,9,0.7669999003410339
data/shared_subset/hybrid/target/Tomato_leaf_yellow_virus/train_Tomato leaf yellow virus_19_1.jpg,15,15,0.24338096380233765
data/shared_subset/hybrid/target/Tomato_leaf_yellow_virus/train_Tomato leaf yellow virus_62.jpg,15,9,0.8577395677566528
data/shared_subset/hybrid/target/Tomato_leaf_yellow_virus/train_Tomato leaf yellow virus_66_1.jpg,15,9,0.996461808681488
data/shared_subset/hybrid/target/Tomato_leaf_yellow_virus/train_Tomato leaf yellow virus_8_15.jpg,15,4,0.4385221600532532
data/shared_subset/hybrid/target/Tomato_leaf_yellow_virus/train_Tomato leaf yellow virus_65_3.jpg,15,9,0.9839766025543213
data/shared_subset/hybrid/target/Tomato_leaf_yellow_virus/train_Tomato leaf yellow virus_46_10.jpg,15,13,0.41879361867904663
data/shared_subset/hybrid/target/Tomato_leaf_yellow_virus/train_Tomato leaf yellow virus_27_2.jpg,15,9,0.8383480906486511
data/shared_subset/hybrid/target/Tomato_leaf_yellow_virus/train_Tomato leaf yellow virus_69_7.jpg,15,5,0.6104541420936584
data/shared_subset/hybrid/target/Tomato_leaf_yellow_virus/train_Tomato leaf yellow virus_28.jpg,15,9,0.9601544141769409
data/shared_subset/hybrid/target/Tomato_leaf_yellow_virus/train_Tomato leaf yellow virus_39_1.jpg,15,9,0.34723156690597534
data/shared_subset/hybrid/target/Tomato_leaf_yellow_virus/train_Tomato leaf yellow virus_41_3.jpg,15,9,0.6648401618003845
data/shared_subset/hybrid/target/Tomato_leaf_yellow_virus/train_Tomato leaf yellow virus_8_35.jpg,15,4,0.5026261806488037
data/shared_subset/hybrid/target/Tomato_leaf_yellow_virus/train_Tomato leaf yellow virus_8_27.jpg,15,4,0.5085992217063904
data/shared_subset/hybrid/target/Tomato_leaf_yellow_virus/train_Tomato leaf yellow virus_69_1.jpg,15,5,0.5281290411949158
data/shared_subset/hybrid/target/Tomato_leaf_yellow_virus/train_Tomato leaf yellow virus_40_4.jpg,15,5,0.5109456181526184
data/shared_subset/hybrid/target/Tomato_leaf_yellow_virus/train_Tomato leaf yellow virus_3_3.jpg,15,4,0.4929482042789459
data/shared_subset/hybrid/target/Tomato_leaf_yellow_virus/train_Tomato leaf yellow virus_34.jpg,15,7,0.6241396069526672
data/shared_subset/hybrid/target/Tomato_leaf_yellow_virus/train_Tomato leaf yellow virus_8_13.jpg,15,4,0.5587270855903625
data/shared_subset/hybrid/target/Tomato_leaf_yellow_virus/train_Tomato leaf yellow virus_35_1.jpg,15,9,0.8569133877754211
data/shared_subset/hybrid/target/Tomato_leaf_yellow_virus/train_Tomato leaf yellow virus_8_31.jpg,15,5,0.5549255609512329
data/shared_subset/hybrid/target/Tomato_leaf_yellow_virus/train_Tomato leaf yellow virus_3_7.jpg,15,9,0.799199104309082
data/shared_subset/hybrid/target/Tomato_leaf_yellow_virus/train_Tomato leaf yellow virus_8_8.jpg,15,5,0.48567479848861694
data/shared_subset/hybrid/target/Tomato_leaf_yellow_virus/train_Tomato leaf yellow virus_48_1.jpg,15,4,0.8317803740501404
data/shared_subset/hybrid/target/Tomato_leaf_yellow_virus/train_Tomato leaf yellow virus_3_4.jpg,15,4,0.4710402488708496
data/shared_subset/hybrid/target/Tomato_leaf_yellow_virus/train_Tomato leaf yellow virus_8_28.jpg,15,16,0.99542635679245
data/shared_subset/hybrid/target/Tomato_leaf_yellow_virus/train_Tomato leaf yellow virus_57_2.jpg,15,4,0.590438187122345
data/shared_subset/hybrid/target/Tomato_leaf_yellow_virus/train_Tomato leaf yellow virus_12_7.jpg,15,9,0.9931114912033081
data/shared_subset/hybrid/target/Tomato_leaf_yellow_virus/train_Tomato leaf yellow virus_47.jpg,15,9,0.6798272728919983
data/shared_subset/hybrid/target/Tomato_leaf_yellow_virus/train_Tomato leaf yellow virus_14.jpg,15,4,0.7461885213851929
data/shared_subset/hybrid/target/Tomato_leaf_yellow_virus/train_Tomato leaf yellow virus_8_36.jpg,15,4,0.596369206905365
data/shared_subset/hybrid/target/Tomato_leaf_yellow_virus/train_Tomato leaf yellow virus_8_19.jpg,15,5,0.840264618396759
data/shared_subset/hybrid/target/Tomato_leaf_yellow_virus/train_Tomato leaf yellow virus_60.jpg,15,4,0.6535367369651794
data/shared_subset/hybrid/target/Tomato_leaf_yellow_virus/train_Tomato leaf yellow virus_39_2.jpg,15,9,0.6328832507133484
data/shared_subset/hybrid/target/Tomato_leaf_yellow_virus/train_Tomato leaf yellow virus_17_1.jpg,15,9,0.6354936957359314
data/shared_subset/hybrid/target/Tomato_leaf_yellow_virus/train_Tomato leaf yellow virus_58_1.jpg,15,16,0.5188093781471252
data/shared_subset/hybrid/target/Tomato_leaf_yellow_virus/train_Tomato leaf yellow virus_8_33.jpg,15,5,0.5349823832511902
data/shared_subset/hybrid/target/Tomato_leaf_yellow_virus/train_Tomato leaf yellow virus_38_3.jpg,15,2,0.5309971570968628
data/shared_subset/hybrid/target/Tomato_leaf_yellow_virus/train_Tomato leaf yellow virus_12_2.jpg,15,4,0.5589891076087952
data/shared_subset/hybrid/target/Tomato_leaf_yellow_virus/train_Tomato leaf yellow virus_41_1.jpg,15,9,0.6214056015014648
data/shared_subset/hybrid/target/Tomato_leaf_yellow_virus/train_Tomato leaf yellow virus_67.jpg,15,4,0.6484516859054565
data/shared_subset/hybrid/target/Tomato_leaf_yellow_virus/train_Tomato leaf yellow virus_2.jpg,15,4,0.6802327632904053
data/shared_subset/hybrid/target/Tomato_leaf_yellow_virus/train_Tomato leaf yellow virus_19_2.jpg,15,15,0.8596475720405579
data/shared_subset/hybrid/target/Tomato_leaf_yellow_virus/train_Tomato leaf yellow virus_46_6.jpg,15,3,0.9503286480903625
data/shared_subset/hybrid/target/Tomato_leaf_yellow_virus/train_Tomato leaf yellow virus_27_4.jpg,15,16,0.23869621753692627
data/shared_subset/hybrid/target/Tomato_leaf_yellow_virus/train_Tomato leaf yellow virus_66_2.jpg,15,9,0.9769443869590759
data/shared_subset/hybrid/target/Tomato_leaf_yellow_virus/train_Tomato leaf yellow virus_66_5.jpg,15,4,0.6311663389205933
data/shared_subset/hybrid/target/Tomato_leaf_yellow_virus/train_Tomato leaf yellow virus_3_1.jpg,15,4,0.5265602469444275
data/shared_subset/hybrid/target/Tomato_leaf_yellow_virus/train_Tomato leaf yellow virus_8_23.jpg,15,4,0.6322226524353027
data/shared_subset/hybrid/target/Tomato_leaf_yellow_virus/train_Tomato leaf yellow virus_48_4.jpg,15,4,0.808686375617981
data/shared_subset/hybrid/target/Tomato_leaf_yellow_virus/train_Tomato leaf yellow virus_65_1.jpg,15,13,0.34548619389533997
data/shared_subset/hybrid/target/Tomato_leaf_yellow_virus/train_Tomato leaf yellow virus_1_5.jpg,15,4,0.5900130271911621
data/shared_subset/hybrid/target/Tomato_leaf_yellow_virus/train_Tomato leaf yellow virus_27_1.jpg,15,11,0.7034707069396973
data/shared_subset/hybrid/target/Tomato_leaf_yellow_virus/train_Tomato leaf yellow virus_46_4.jpg,15,3,0.7903860807418823
data/shared_subset/hybrid/target/Tomato_leaf_yellow_virus/train_Tomato leaf yellow virus_8_24.jpg,15,5,0.48403653502464294
data/shared_subset/hybrid/target/Tomato_leaf_yellow_virus/train_Tomato leaf yellow virus_21_1.jpg,15,5,0.4046253263950348
data/shared_subset/hybrid/target/Tomato_leaf_yellow_virus/train_Tomato leaf yellow virus_35_6.jpg,15,9,0.6123031973838806
data/shared_subset/hybrid/target/Tomato_leaf_yellow_virus/train_Tomato leaf yellow virus_25_2.jpg,15,9,0.8544908761978149
data/shared_subset/hybrid/target/Tomato_leaf_yellow_virus/train_Tomato leaf yellow virus_38_2.jpg,15,5,0.620371401309967
data/shared_subset/hybrid/target/Tomato_leaf_yellow_virus/train_Tomato leaf yellow virus_69_4.jpg,15,5,0.7630339860916138
data/shared_subset/hybrid/target/Tomato_leaf_yellow_virus/train_Tomato leaf yellow virus_19_5.jpg,15,15,0.4538487493991852
data/shared_subset/hybrid/target/Tomato_leaf_yellow_virus/train_Tomato leaf yellow virus_46_7.jpg,15,16,0.7208922505378723
data/shared_subset/hybrid/target/Tomato_leaf_yellow_virus/train_Tomato leaf yellow virus_31.jpg,15,9,0.7988916039466858
data/shared_subset/hybrid/target/Tomato_leaf_yellow_virus/train_Tomato leaf yellow virus_32.jpg,15,9,0.33126410841941833
data/shared_subset/hybrid/target/Tomato_leaf_yellow_virus/train_Tomato leaf yellow virus_57_1.jpg,15,16,0.9942432045936584
data/shared_subset/hybrid/target/Tomato_leaf_yellow_virus/train_Tomato leaf yellow virus_1_3.jpg,15,4,0.9488411545753479
data/shared_subset/hybrid/target/Tomato_leaf_yellow_virus/train_Tomato leaf yellow virus_40_3.jpg,15,5,0.6267634034156799
data/shared_subset/hybrid/target/Tomato_leaf_yellow_virus/train_Tomato leaf yellow virus_21_4.jpg,15,16,0.4482904374599457
data/shared_subset/hybrid/target/Tomato_leaf_yellow_virus/train_Tomato leaf yellow virus_23_4.jpg,15,5,0.3625182509422302
data/shared_subset/hybrid/target/Tomato_leaf_yellow_virus/train_Tomato leaf yellow virus_61.jpg,15,9,0.7410170435905457
data/shared_subset/hybrid/target/Tomato_leaf_yellow_virus/train_Tomato leaf yellow virus_3_8.jpg,15,9,0.9329067468643188
data/shared_subset/hybrid/target/Tomato_leaf_yellow_virus/train_Tomato leaf yellow virus_48_3.jpg,15,5,0.4524276554584503
data/shared_subset/hybrid/target/Tomato_leaf_yellow_virus/train_Tomato leaf yellow virus_48_5.jpg,15,4,0.7167540192604065
data/shared_subset/hybrid/target/Tomato_leaf_yellow_virus/train_Tomato leaf yellow virus_35_5.jpg,15,9,0.7107849717140198
data/shared_subset/hybrid/target/Tomato_leaf_yellow_virus/train_Tomato leaf yellow virus_55_2.jpg,15,9,0.5713936686515808
data/shared_subset/hybrid/target/Tomato_leaf_yellow_virus/train_Tomato leaf yellow virus_22.jpg,15,9,0.9523712396621704
data/shared_subset/hybrid/target/Tomato_leaf_yellow_virus/train_Tomato leaf yellow virus_40_1.jpg,15,9,0.6889421343803406
data/shared_subset/hybrid/target/Tomato_leaf_yellow_virus/train_Tomato leaf yellow virus_5_2.jpg,15,4,0.593835175037384
data/shared_subset/hybrid/target/Tomato_leaf_yellow_virus/train_Tomato leaf yellow virus_27_3.jpg,15,9,0.4484480321407318
data/shared_subset/hybrid/target/Tomato_leaf_yellow_virus/train_Tomato leaf yellow virus_17_2.jpg,15,16,0.6805882453918457
data/shared_subset/hybrid/target/Tomato_leaf_yellow_virus/train_Tomato leaf yellow virus_66_3.jpg,15,9,0.9822911024093628
data/shared_subset/hybrid/target/Tomato_leaf_yellow_virus/train_Tomato leaf yellow virus_8_3.jpg,15,5,0.567078709602356
data/shared_subset/hybrid/target/Tomato_leaf_yellow_virus/train_Tomato leaf yellow virus_8_29.jpg,15,5,0.43945029377937317
data/shared_subset/hybrid/target/Tomato_leaf_yellow_virus/train_Tomato leaf yellow virus_8_7.jpg,15,16,0.7687046527862549
data/shared_subset/hybrid/target/Tomato_leaf_yellow_virus/train_Tomato leaf yellow virus_59_2.jpg,15,9,0.7182658314704895
data/shared_subset/hybrid/target/Tomato_leaf_yellow_virus/train_Tomato leaf yellow virus_24_4.jpg,15,2,0.8508854508399963
data/shared_subset/hybrid/target/Tomato_leaf_yellow_virus/train_Tomato leaf yellow virus_12_4.jpg,15,4,0.4040122330188751
data/shared_subset/hybrid/target/Tomato_leaf_yellow_virus/train_Tomato leaf yellow virus_21_3.jpg,15,16,0.7129039168357849
data/shared_subset/hybrid/target/Tomato_leaf_yellow_virus/train_Tomato leaf yellow virus_65_4.jpg,15,9,0.9431766271591187
data/shared_subset/hybrid/target/Tomato_leaf_yellow_virus/train_Tomato leaf yellow virus_41_4.jpg,15,4,0.7326003909111023
data/shared_subset/hybrid/target/Tomato_leaf_yellow_virus/train_Tomato leaf yellow virus_8_14.jpg,15,4,0.7886946797370911
data/shared_subset/hybrid/target/Tomato_leaf_yellow_virus/train_Tomato leaf yellow virus_8_16.jpg,15,16,0.4812626242637634
data/shared_subset/hybrid/target/Tomato_leaf_yellow_virus/train_Tomato leaf yellow virus_1_4.jpg,15,4,0.7885791659355164
data/shared_subset/hybrid/target/Tomato_leaf_yellow_virus/train_Tomato leaf yellow virus_8_20.jpg,15,5,0.5476199388504028
data/shared_subset/hybrid/target/Tomato_leaf_yellow_virus/train_Tomato leaf yellow virus_39_4.jpg,15,3,0.8875681161880493
data/shared_subset/hybrid/target/Tomato_leaf_yellow_virus/train_Tomato leaf yellow virus_8_2.jpg,15,16,0.45980459451675415
data/shared_subset/hybrid/target/Tomato_leaf_yellow_virus/train_Tomato leaf yellow virus_38_1.jpg,15,9,0.9695351123809814
data/shared_subset/hybrid/target/Tomato_leaf_yellow_virus/train_Tomato leaf yellow virus_13_1.jpg,15,5,0.5555487871170044
data/shared_subset/hybrid/target/Tomato_leaf_yellow_virus/train_Tomato leaf yellow virus_56.jpg,15,4,0.8103184103965759
data/shared_subset/hybrid/target/Tomato_leaf_yellow_virus/train_Tomato leaf yellow virus_51_2.jpg,15,9,0.882577121257782
data/shared_subset/hybrid/target/Tomato_leaf_yellow_virus/train_Tomato leaf yellow virus_46_3.jpg,15,3,0.3454568088054657
data/shared_subset/hybrid/target/Tomato_leaf_yellow_virus/train_Tomato leaf yellow virus_6_3.jpg,15,4,0.9356647729873657
data/shared_subset/hybrid/target/Tomato_leaf_yellow_virus/train_Tomato leaf yellow virus_23_1.jpg,15,5,0.44548365473747253
data/shared_subset/hybrid/target/Tomato_leaf_yellow_virus/train_Tomato leaf yellow virus_58_3.jpg,15,5,0.25735747814178467
data/shared_subset/hybrid/target/Tomato_leaf_yellow_virus/train_Tomato leaf yellow virus_30_1.jpg,15,9,0.630856990814209
data/shared_subset/hybrid/target/Tomato_leaf_yellow_virus/train_Tomato leaf yellow virus_11_4.jpg,15,9,0.9911308288574219
data/shared_subset/hybrid/target/Tomato_leaf_yellow_virus/train_Tomato leaf yellow virus_8_4.jpg,15,5,0.6946796178817749
data/shared_subset/hybrid/target/Tomato_leaf_yellow_virus/train_Tomato leaf yellow virus_10.jpg,15,5,0.278018593788147
data/shared_subset/hybrid/target/Tomato_leaf_yellow_virus/train_Tomato leaf yellow virus_11_7.jpg,15,9,0.805208146572113
data/shared_subset/hybrid/target/Tomato_leaf_yellow_virus/train_Tomato leaf yellow virus_11_1.jpg,15,9,0.9905893802642822
data/shared_subset/hybrid/target/Tomato_leaf_yellow_virus/train_Tomato leaf yellow virus_5.jpg,15,9,0.7344868779182434
data/shared_subset/hybrid/target/Tomato_leaf_yellow_virus/train_Tomato leaf yellow virus_3_6.jpg,15,9,0.9569629430770874
data/shared_subset/hybrid/target/Tomato_leaf_yellow_virus/train_Tomato leaf yellow virus_26.jpg,15,10,0.9852291941642761
data/shared_subset/hybrid/target/Tomato_leaf_yellow_virus/train_Tomato leaf yellow virus_25_1.jpg,15,9,0.9395564198493958
data/shared_subset/hybrid/target/Tomato_leaf_yellow_virus/train_Tomato leaf yellow virus_36.jpg,15,4,0.48033401370048523
data/shared_subset/hybrid/target/Tomato_leaf_yellow_virus/train_Tomato leaf yellow virus_63_2.jpg,15,9,0.9396494030952454
data/shared_subset/hybrid/target/Tomato_leaf_yellow_virus/train_Tomato leaf yellow virus_11_10.jpg,15,9,0.6998198628425598
data/shared_subset/hybrid/target/Tomato_leaf_yellow_virus/train_Tomato leaf yellow virus_6_2.jpg,15,4,0.8140206336975098
data/shared_subset/hybrid/target/Tomato_leaf_yellow_virus/train_Tomato leaf yellow virus_66_7.jpg,15,4,0.47094351053237915
data/shared_subset/hybrid/target/Tomato_leaf_yellow_virus/train_Tomato leaf yellow virus_1_1.jpg,15,4,0.6423140168190002
data/shared_subset/hybrid/target/Tomato_leaf_yellow_virus/train_Tomato leaf yellow virus_11_9.jpg,15,9,0.8108648657798767
data/shared_subset/hybrid/target/Tomato_leaf_yellow_virus/train_Tomato leaf yellow virus_46_5.jpg,15,13,0.5839742422103882
data/shared_subset/hybrid/target/Tomato_leaf_yellow_virus/train_Tomato leaf yellow virus_8_21.jpg,15,5,0.625325620174408
data/shared_subset/hybrid/target/Tomato_leaf_yellow_virus/train_Tomato leaf yellow virus_40_2.jpg,15,5,0.5227473378181458
data/shared_subset/hybrid/target/Tomato_leaf_yellow_virus/train_Tomato leaf yellow virus_3_9.jpg,15,9,0.9387571215629578
data/shared_subset/hybrid/target/Tomato_leaf_yellow_virus/train_Tomato leaf yellow virus_45.jpg,15,9,0.9957446455955505
data/shared_subset/hybrid/target/Tomato_leaf_yellow_virus/train_Tomato leaf yellow virus_23_2.jpg,15,16,0.9624450206756592
data/shared_subset/hybrid/target/Tomato_leaf_yellow_virus/train_Tomato leaf yellow virus_58_2.jpg,15,5,0.4008777141571045
data/shared_subset/hybrid/target/Tomato_leaf_yellow_virus/train_Tomato leaf yellow virus_21_2.jpg,15,5,0.4711269736289978
data/shared_subset/hybrid/target/Tomato_leaf_yellow_virus/train_Tomato leaf yellow virus_48_8.jpg,15,4,0.5434319376945496
data/shared_subset/hybrid/target/Tomato_leaf_yellow_virus/train_Tomato leaf yellow virus_8_18.jpg,15,5,0.6448874473571777
data/shared_subset/hybrid/target/Tomato_leaf_yellow_virus/train_Tomato leaf yellow virus_51_1.jpg,15,4,0.5486835837364197
data/shared_subset/hybrid/target/Tomato_leaf_yellow_virus/train_Tomato leaf yellow virus_54.jpg,15,9,0.40393057465553284
data/shared_subset/hybrid/target/Tomato_leaf_yellow_virus/train_Tomato leaf yellow virus_68_2.jpg,15,4,0.48117369413375854
data/shared_subset/hybrid/target/Tomato_leaf_yellow_virus/train_Tomato leaf yellow virus_35_4.jpg,15,5,0.3849365711212158
data/shared_subset/hybrid/target/Tomato_leaf_yellow_virus/train_Tomato leaf yellow virus_46_2.jpg,15,9,0.34860026836395264
data/shared_subset/hybrid/target/Tomato_leaf_yellow_virus/train_Tomato leaf yellow virus_8_11.jpg,15,5,0.7862098813056946
data/shared_subset/hybrid/target/Tomato_leaf_yellow_virus/train_Tomato leaf yellow virus_3_5.jpg,15,9,0.9940630793571472
data/shared_subset/hybrid/target/Tomato_leaf_yellow_virus/train_Tomato leaf yellow virus_35_2.jpg,15,4,0.55203777551651
data/shared_subset/hybrid/target/Tomato_leaf_yellow_virus/train_Tomato leaf yellow virus_6_1.jpg,15,4,0.7733299136161804
data/shared_subset/hybrid/target/Tomato_leaf_yellow_virus/train_Tomato leaf yellow virus_8_10.jpg,15,4,0.48600953817367554
data/shared_subset/hybrid/target/Tomato_leaf_yellow_virus/train_Tomato leaf yellow virus_20.jpg,15,10,0.9036527276039124
data/shared_subset/hybrid/target/Tomato_leaf_yellow_virus/train_Tomato leaf yellow virus_35_8.jpg,15,9,0.5817827582359314
data/shared_subset/hybrid/target/Tomato_leaf_yellow_virus/train_Tomato leaf yellow virus_8_26.jpg,15,15,0.381852924823761
data/shared_subset/hybrid/target/Tomato_leaf_yellow_virus/train_Tomato leaf yellow virus_69_5.jpg,15,5,0.4901401698589325
data/shared_subset/hybrid/target/Tomato_leaf_yellow_virus/train_Tomato leaf yellow virus_5_1.jpg,15,9,0.8230894207954407
data/shared_subset/hybrid/target/Tomato_leaf_yellow_virus/train_Tomato leaf yellow virus_69_3.jpg,15,5,0.9167543053627014
data/shared_subset/hybrid/target/Tomato_leaf_yellow_virus/train_Tomato leaf yellow virus_8_32.jpg,15,15,0.4497651755809784
data/shared_subset/hybrid/target/Tomato_leaf_yellow_virus/train_Tomato leaf yellow virus_11_3.jpg,15,9,0.993346095085144
data/shared_subset/hybrid/target/Tomato_leaf_yellow_virus/train_Tomato leaf yellow virus_48_2.jpg,15,4,0.531639575958252
data/shared_subset/hybrid/target/Tomato_leaf_yellow_virus/train_Tomato leaf yellow virus_12_1.jpg,15,9,0.9853075742721558
data/shared_subset/hybrid/target/Tomato_leaf_yellow_virus/train_Tomato leaf yellow virus_63_1.jpg,15,2,0.5211066603660583
data/shared_subset/hybrid/target/Tomato_leaf_yellow_virus/train_Tomato leaf yellow virus_8_22.jpg,15,4,0.5970938801765442
data/shared_subset/hybrid/target/Tomato_leaf_yellow_virus/train_Tomato leaf yellow virus_66_4.jpg,15,9,0.9831942915916443
data/shared_subset/hybrid/target/Tomato_leaf_yellow_virus/train_Tomato leaf yellow virus_46_1.jpg,15,13,0.9095988273620605
data/shared_subset/hybrid/target/Tomato_leaf_yellow_virus/train_Tomato leaf yellow virus_35_7.jpg,15,16,0.968543529510498
data/shared_subset/hybrid/target/Tomato_leaf_yellow_virus/train_Tomato leaf yellow virus_4.jpg,15,4,0.66217041015625
data/shared_subset/hybrid/target/Tomato_leaf_yellow_virus/train_Tomato leaf yellow virus_30_3.jpg,15,4,0.5959311127662659
data/shared_subset/hybrid/target/Tomato_leaf_yellow_virus/train_Tomato leaf yellow virus_21_5.jpg,15,3,0.5815098285675049
data/shared_subset/hybrid/target/Tomato_leaf_yellow_virus/train_Tomato leaf yellow virus_39_3.jpg,15,2,0.6149508357048035
data/shared_subset/hybrid/target/Tomato_leaf_yellow_virus/train_Tomato leaf yellow virus_44.jpg,15,15,0.6981627345085144
data/shared_subset/hybrid/target/Tomato_leaf_yellow_virus/train_Tomato leaf yellow virus_8_12.jpg,15,5,0.6640706062316895
data/shared_subset/hybrid/target/Tomato_leaf_yellow_virus/train_Tomato leaf yellow virus_8_30.jpg,15,5,0.6484534740447998
data/shared_subset/hybrid/target/Tomato_leaf_yellow_virus/train_Tomato leaf yellow virus_68_3.jpg,15,5,0.537350594997406
data/shared_subset/hybrid/target/Tomato_leaf_yellow_virus/train_Tomato leaf yellow virus_8_17.jpg,15,5,0.5248178839683533
data/shared_subset/hybrid/target/Tomato_leaf_yellow_virus/train_Tomato leaf yellow virus_55_1.jpg,15,9,0.7938429713249207
data/shared_subset/hybrid/target/Tomato_leaf_yellow_virus/train_Tomato leaf yellow virus_48_7.jpg,15,4,0.6865977048873901
data/shared_subset/hybrid/target/Tomato_leaf_yellow_virus/train_Tomato leaf yellow virus_11_5.jpg,15,9,0.9855117201805115
data/shared_subset/hybrid/target/Tomato_leaf_yellow_virus/train_Tomato leaf yellow virus_29.jpg,15,4,0.8508797883987427
data/shared_subset/hybrid/target/Tomato_leaf_yellow_virus/train_Tomato leaf yellow virus_6_5.jpg,15,4,0.5555960536003113
data/shared_subset/hybrid/target/Tomato_leaf_yellow_virus/train_Tomato leaf yellow virus_53_2.jpg,15,4,0.4991495907306671
data/shared_subset/hybrid/target/Tomato_leaf_yellow_virus/train_Tomato leaf yellow virus_16.jpg,15,4,0.9352937936782837
data/shared_subset/hybrid/target/Tomato_leaf_yellow_virus/train_Tomato leaf yellow virus_70.jpg,15,9,0.9780449271202087
data/shared_subset/hybrid/target/Tomato_leaf_yellow_virus/train_Tomato leaf yellow virus_24_3.jpg,15,9,0.4566064774990082
data/shared_subset/hybrid/target/Tomato_leaf_yellow_virus/train_Tomato leaf yellow virus_43.jpg,15,4,0.8998083472251892
data/shared_subset/hybrid/target/Tomato_leaf_yellow_virus/train_Tomato leaf yellow virus_53_1.jpg,15,13,0.4412071108818054
data/shared_subset/hybrid/target/Tomato_leaf_yellow_virus/train_Tomato leaf yellow virus_64.jpg,15,5,0.31128519773483276
data/shared_subset/hybrid/target/Tomato_leaf_yellow_virus/train_Tomato leaf yellow virus_69_2.jpg,15,4,0.5226156711578369
data/shared_subset/hybrid/target/Tomato_leaf_yellow_virus/train_Tomato leaf yellow virus_6_4.jpg,15,4,0.928437352180481
data/shared_subset/hybrid/target/Tomato_leaf_yellow_virus/train_Tomato leaf yellow virus_8_25.jpg,15,5,0.9002352356910706
data/shared_subset/hybrid/target/Tomato_leaf_yellow_virus/train_Tomato leaf yellow virus_8_9.jpg,15,4,0.5699688792228699
data/shared_subset/hybrid/target/Tomato_leaf_yellow_virus/train_Tomato leaf yellow virus_12_3.jpg,15,9,0.9962574243545532
data/shared_subset/hybrid/target/Tomato_leaf_yellow_virus/train_Tomato leaf yellow virus_12_5.jpg,15,9,0.7476712465286255
data/shared_subset/hybrid/target/Tomato_leaf_yellow_virus/train_Tomato leaf yellow virus_24_2.jpg,15,9,0.9104596376419067
data/shared_subset/hybrid/target/Tomato_leaf_yellow_virus/train_Tomato leaf yellow virus_8_5.jpg,15,5,0.5055021643638611
data/shared_subset/hybrid/target/Tomato_leaf_yellow_virus/train_Tomato leaf yellow virus_3_2.jpg,15,4,0.4940679669380188
data/shared_subset/hybrid/target/Tomato_leaf_yellow_virus/train_Tomato leaf yellow virus_66_8.jpg,15,4,0.8044994473457336
data/shared_subset/hybrid/target/Tomato_leaf_yellow_virus/train_Tomato leaf yellow virus_19_3.jpg,15,9,0.3482092022895813
data/shared_subset/hybrid/target/Tomato_leaf_yellow_virus/train_Tomato leaf yellow virus_68_4.jpg,15,4,0.7119401097297668
data/shared_subset/hybrid/target/Tomato_leaf_yellow_virus/train_Tomato leaf yellow virus_46_8.jpg,15,13,0.8421854376792908
data/shared_subset/hybrid/target/Tomato_leaf_yellow_virus/train_Tomato leaf yellow virus_15.jpg,15,4,0.9145398139953613
data/shared_subset/hybrid/target/Tomato_leaf_yellow_virus/train_Tomato leaf yellow virus_63_3.jpg,15,2,0.5667536854743958
data/shared_subset/hybrid/target/Tomato_leaf_yellow_virus/train_Tomato leaf yellow virus_50.jpg,15,4,0.6069228053092957
data/shared_subset/hybrid/target/Tomato_leaf_yellow_virus/train_Tomato leaf yellow virus_49.jpg,15,9,0.6301973462104797
data/shared_subset/hybrid/target/Tomato_leaf_yellow_virus/train_Tomato leaf yellow virus_11_8.jpg,15,9,0.8185507655143738
data/shared_subset/hybrid/target/Tomato_mold_leaf/train_Tomato mold leaf_8.jpg,16,4,0.692699670791626
data/shared_subset/hybrid/target/Tomato_mold_leaf/train_Tomato mold leaf_9.jpg,16,8,0.8518122434616089
data/shared_subset/hybrid/target/Tomato_mold_leaf/train_Tomato mold leaf_81.jpg,16,9,0.6859960556030273
data/shared_subset/hybrid/target/Tomato_mold_leaf/train_Tomato mold leaf_47.jpg,16,9,0.6465328335762024
data/shared_subset/hybrid/target/Tomato_mold_leaf/train_Tomato mold leaf_44.jpg,16,5,0.5288457870483398
data/shared_subset/hybrid/target/Tomato_mold_leaf/train_Tomato mold leaf_19.jpg,16,9,0.6026382446289062
data/shared_subset/hybrid/target/Tomato_mold_leaf/train_Tomato mold leaf_38.jpg,16,8,0.860381543636322
data/shared_subset/hybrid/target/Tomato_mold_leaf/train_Tomato mold leaf_26.jpg,16,4,0.6016553640365601
data/shared_subset/hybrid/target/Tomato_mold_leaf/train_Tomato mold leaf_39.jpg,16,9,0.47285935282707214
data/shared_subset/hybrid/target/Tomato_mold_leaf/train_Tomato mold leaf_79.jpg,16,5,0.5757054090499878
data/shared_subset/hybrid/target/Tomato_mold_leaf/train_Tomato mold leaf_75.jpg,16,16,0.9308288097381592
data/shared_subset/hybrid/target/Tomato_mold_leaf/train_Tomato mold leaf_78.jpg,16,16,0.4241759181022644
data/shared_subset/hybrid/target/Tomato_mold_leaf/train_Tomato mold leaf_49.jpg,16,16,0.9998626708984375
data/shared_subset/hybrid/target/Tomato_mold_leaf/train_Tomato mold leaf_77.jpg,16,16,0.9981993436813354
data/shared_subset/hybrid/target/Tomato_mold_leaf/train_Tomato mold leaf_71.jpg,16,5,0.20877966284751892
data/shared_subset/hybrid/target/Tomato_mold_leaf/train_Tomato mold leaf_31.jpg,16,3,0.7949954867362976
data/shared_subset/hybrid/target/Tomato_mold_leaf/train_Tomato mold leaf_36.jpg,16,5,0.20950768887996674
data/shared_subset/hybrid/target/Tomato_mold_leaf/train_Tomato mold leaf_52.jpg,16,9,0.9993715882301331
data/shared_subset/hybrid/target/Tomato_mold_leaf/train_Tomato mold leaf_12.jpg,16,5,0.44440075755119324
data/shared_subset/hybrid/target/Tomato_mold_leaf/train_Tomato mold leaf_24.jpg,16,4,0.5537824034690857
data/shared_subset/hybrid/target/Tomato_mold_leaf/train_Tomato mold leaf_54.jpg,16,4,0.4211106300354004
data/shared_subset/hybrid/target/Tomato_mold_leaf/train_Tomato mold leaf_65.jpg,16,6,0.9983667731285095
data/shared_subset/hybrid/target/Tomato_mold_leaf/train_Tomato mold leaf_21.jpg,16,4,0.5410604476928711
data/shared_subset/hybrid/target/Tomato_mold_leaf/train_Tomato mold leaf_18.jpg,16,5,0.7651256322860718
data/shared_subset/hybrid/target/Tomato_mold_leaf/train_Tomato mold leaf_59.jpg,16,4,0.9614337086677551
data/shared_subset/hybrid/target/Tomato_mold_leaf/train_Tomato mold leaf_27.jpg,16,5,0.5196496844291687
data/shared_subset/hybrid/target/Tomato_mold_leaf/train_Tomato mold leaf_6.jpg,16,4,0.39845672249794006
data/shared_subset/hybrid/target/Tomato_mold_leaf/train_Tomato mold leaf_2.jpg,16,9,0.8920531272888184
data/shared_subset/hybrid/target/Tomato_mold_leaf/train_Tomato mold leaf_29.jpg,16,7,0.8143635392189026
data/shared_subset/hybrid/target/Tomato_mold_leaf/train_Tomato mold leaf_68.jpg,16,5,0.6852204203605652
data/shared_subset/hybrid/target/Tomato_mold_leaf/train_Tomato mold leaf_35.jpg,16,9,0.9941179752349854
data/shared_subset/hybrid/target/Tomato_mold_leaf/train_Tomato mold leaf_43.jpg,16,3,0.9992545247077942
data/shared_subset/hybrid/target/Tomato_mold_leaf/train_Tomato mold leaf_51.jpg,16,4,0.5990869998931885
data/shared_subset/hybrid/target/Tomato_mold_leaf/train_Tomato mold leaf_69.jpg,16,5,0.44527241587638855
data/shared_subset/hybrid/target/Tomato_mold_leaf/train_Tomato mold leaf_60.jpg,16,8,0.41550561785697937
data/shared_subset/hybrid/target/Tomato_mold_leaf/train_Tomato mold leaf_15.jpg,16,4,0.5333998203277588
data/shared_subset/hybrid/target/Tomato_mold_leaf/train_Tomato mold leaf_40.jpg,16,13,0.441394180059433
data/shared_subset/hybrid/target/Tomato_mold_leaf/train_Tomato mold leaf_22.jpg,16,5,0.5384925603866577
data/shared_subset/hybrid/target/Tomato_mold_leaf/train_Tomato mold leaf_63.jpg,16,6,0.6178927421569824
data/shared_subset/hybrid/target/Tomato_mold_leaf/train_Tomato mold leaf_72.jpg,16,6,0.4952611029148102
data/shared_subset/hybrid/target/Tomato_mold_leaf/train_Tomato mold leaf_23.jpg,16,2,0.8238281011581421
data/shared_subset/hybrid/target/Tomato_mold_leaf/train_Tomato mold leaf_56.jpg,16,4,0.4641207158565521
data/shared_subset/hybrid/target/Tomato_mold_leaf/train_Tomato mold leaf_14.jpg,16,9,0.7669368386268616
data/shared_subset/hybrid/target/Tomato_mold_leaf/train_Tomato mold leaf_33.jpg,16,5,0.5207931995391846
data/shared_subset/hybrid/target/Tomato_mold_leaf/train_Tomato mold leaf_62.jpg,16,16,0.8238259553909302
data/shared_subset/hybrid/target/Tomato_mold_leaf/train_Tomato mold leaf_1.jpg,16,3,0.5513213872909546
data/shared_subset/hybrid/target/Tomato_mold_leaf/train_Tomato mold leaf_30.jpg,16,13,0.9212433695793152
data/shared_subset/hybrid/target/Tomato_mold_leaf/train_Tomato mold leaf_11.jpg,16,4,0.6373278498649597
data/shared_subset/hybrid/target/Tomato_mold_leaf/train_Tomato mold leaf_4.jpg,16,4,0.7273855805397034
data/shared_subset/hybrid/target/Tomato_mold_leaf/train_Tomato mold leaf_64.jpg,16,4,0.9731490612030029
data/shared_subset/hybrid/target/Tomato_mold_leaf/train_Tomato mold leaf_76.jpg,16,5,0.6440455913543701
data/shared_subset/hybrid/target/Tomato_mold_leaf/train_Tomato mold leaf_58.jpg,16,5,0.5126186013221741
data/shared_subset/hybrid/target/Tomato_mold_leaf/train_Tomato mold leaf_66.jpg,16,4,0.8673107624053955
data/shared_subset/hybrid/target/Tomato_mold_leaf/train_Tomato mold leaf_7.jpg,16,9,0.43922361731529236
data/shared_subset/hybrid/target/Tomato_mold_leaf/train_Tomato mold leaf_37.jpg,16,6,0.719429612159729
data/shared_subset/hybrid/target/Tomato_mold_leaf/train_Tomato mold leaf_3.jpg,16,6,0.39861488342285156
data/shared_subset/hybrid/target/Tomato_mold_leaf/train_Tomato mold leaf_41.jpg,16,6,0.8337075114250183
data/shared_subset/hybrid/target/Tomato_mold_leaf/train_Tomato mold leaf_83.jpg,16,9,0.6858886480331421
data/shared_subset/hybrid/target/Tomato_mold_leaf/train_Tomato mold leaf_45.jpg,16,9,0.8640540838241577
data/shared_subset/hybrid/target/Tomato_mold_leaf/train_Tomato mold leaf_13.jpg,16,16,0.8256542086601257
data/shared_subset/hybrid/target/Tomato_mold_leaf/train_Tomato mold leaf_25.jpg,16,5,0.5020564198493958
data/shared_subset/hybrid/target/Tomato_mold_leaf/train_Tomato mold leaf_73.jpg,16,16,0.9929940104484558
data/shared_subset/hybrid/target/Tomato_mold_leaf/train_Tomato mold leaf_61.jpg,16,4,0.4848845303058624
data/shared_subset/hybrid/target/Tomato_mold_leaf/train_Tomato mold leaf_16.jpg,16,9,0.9837643504142761
data/shared_subset/hybrid/target/Tomato_mold_leaf/train_Tomato mold leaf_46.jpg,16,4,0.7173904180526733
data/shared_subset/hybrid/target/Tomato_mold_leaf/train_Tomato mold leaf_28.jpg,16,4,0.508495569229126
data/shared_subset/hybrid/target/Tomato_mold_leaf/train_Tomato mold leaf_67.jpg,16,9,0.7220709323883057
data/shared_subset/hybrid/target/Tomato_mold_leaf/train_Tomato mold leaf_5.jpg,16,6,0.8999077677726746
data/shared_subset/hybrid/target/Tomato_mold_leaf/train_Tomato mold leaf_42.jpg,16,13,0.5863966941833496
data/shared_subset/hybrid/target/Tomato_mold_leaf/train_Tomato mold leaf_70.jpg,16,6,0.9387362599372864
data/shared_subset/hybrid/target/Tomato_mold_leaf/train_Tomato mold leaf_34.jpg,16,13,0.9849590063095093
data/shared_subset/hybrid/target/Tomato_mold_leaf/train_Tomato mold leaf_32.jpg,16,6,0.584603488445282
data/shared_subset/hybrid/target/Tomato_mold_leaf/train_Tomato mold leaf_85.jpg,16,5,0.5711988806724548
data/shared_subset/hybrid/target/Tomato_mold_leaf/train_Tomato mold leaf_17.jpg,16,5,0.6436076164245605
data/shared_subset/hybrid/target/Tomato_mold_leaf/train_Tomato mold leaf_53.jpg,16,13,0.2374291718006134
data/shared_subset/hybrid/target/Tomato_mold_leaf/train_Tomato mold leaf_10.jpg,16,4,0.3797682523727417
data/shared_subset/hybrid/target/Tomato_mold_leaf/train_Tomato mold leaf_48.jpg,16,9,0.9383102655410767
data/shared_subset/hybrid/target/Tomato_mold_leaf/train_Tomato mold leaf_57.jpg,16,8,0.9544263482093811
data/shared_subset/hybrid/target/Tomato_mold_leaf/train_Tomato mold leaf_82.jpg,16,5,0.6163047552108765
data/shared_subset/hybrid/target/Tomato_mold_leaf/train_Tomato mold leaf_80.jpg,16,4,0.794971764087677
data/shared_subset/hybrid/target/Tomato_mold_leaf/train_Tomato mold leaf_50.jpg,16,9,0.46008196473121643
data/shared_subset/hybrid/target/Tomato_mold_leaf/train_Tomato mold leaf_20.jpg,16,9,0.9016602635383606
data/shared_subset/hybrid/target/Tomato_mold_leaf/train_Tomato mold leaf_74.jpg,16,7,0.5142120718955994
data/shared_subset/hybrid/target/Tomato_mold_leaf/train_Tomato mold leaf_55.jpg,16,5,0.876754641532898
data/shared_subset/hybrid/target/Tomato_mold_leaf/train_Tomato mold leaf_84.jpg,16,5,0.8078608512878418
data/shared_subset/hybrid/target/grape_leaf_black_rot/train_grape leaf black rot_19.jpg,17,17,0.8187381029129028
data/shared_subset/hybrid/target/grape_leaf_black_rot/train_grape leaf black rot_9.jpg,17,6,0.9928418397903442
data/shared_subset/hybrid/target/grape_leaf_black_rot/train_grape leaf black rot_48_5.jpg,17,4,0.4740462005138397
data/shared_subset/hybrid/target/grape_leaf_black_rot/train_grape leaf black rot_52_3.jpg,17,4,0.3735027611255646
data/shared_subset/hybrid/target/grape_leaf_black_rot/train_grape leaf black rot_25.jpg,17,17,0.3594464659690857
data/shared_subset/hybrid/target/grape_leaf_black_rot/train_grape leaf black rot_47.jpg,17,17,0.4785063564777374
data/shared_subset/hybrid/target/grape_leaf_black_rot/train_grape leaf black rot_10.jpg,17,4,0.7897785902023315
data/shared_subset/hybrid/target/grape_leaf_black_rot/train_grape leaf black rot_54.jpg,17,4,0.5661602020263672
data/shared_subset/hybrid/target/grape_leaf_black_rot/train_grape leaf black rot_2_1.jpg,17,9,0.9573920369148254
data/shared_subset/hybrid/target/grape_leaf_black_rot/train_grape leaf black rot_52_2.jpg,17,17,0.7437888383865356
data/shared_subset/hybrid/target/grape_leaf_black_rot/train_grape leaf black rot_53.jpg,17,4,0.5622633099555969
data/shared_subset/hybrid/target/grape_leaf_black_rot/train_grape leaf black rot_37.jpg,17,8,0.4278714060783386
data/shared_subset/hybrid/target/grape_leaf_black_rot/train_grape leaf black rot_52_1.jpg,17,7,0.8888941407203674
data/shared_subset/hybrid/target/grape_leaf_black_rot/train_grape leaf black rot_38_3.jpg,17,12,0.4082074761390686
data/shared_subset/hybrid/target/grape_leaf_black_rot/train_grape leaf black rot_45_2.jpg,17,6,0.9999817609786987
data/shared_subset/hybrid/target/grape_leaf_black_rot/train_grape leaf black rot_6.jpg,17,5,0.5396127104759216
data/shared_subset/hybrid/target/grape_leaf_black_rot/train_grape leaf black rot_29_1.jpg,17,4,0.3870093524456024
data/shared_subset/hybrid/target/grape_leaf_black_rot/train_grape leaf black rot_41.jpg,17,11,0.5302863717079163
data/shared_subset/hybrid/target/grape_leaf_black_rot/train_grape leaf black rot_12_2.jpg,17,6,0.9634590744972229
data/shared_subset/hybrid/target/grape_leaf_black_rot/train_grape leaf black rot_3.jpg,17,17,0.3915959298610687
data/shared_subset/hybrid/target/grape_leaf_black_rot/train_grape leaf black rot_56.jpg,17,5,0.7631773352622986
data/shared_subset/hybrid/target/grape_leaf_black_rot/train_grape leaf black rot_55_1.jpg,17,6,0.9978949427604675
data/shared_subset/hybrid/target/grape_leaf_black_rot/train_grape leaf black rot_29_3.jpg,17,6,0.6622076630592346
data/shared_subset/hybrid/target/grape_leaf_black_rot/train_grape leaf black rot_49.jpg,17,17,0.9946157336235046
data/shared_subset/hybrid/target/grape_leaf_black_rot/train_grape leaf black rot_32.jpg,17,5,0.4690459966659546
data/shared_subset/hybrid/target/grape_leaf_black_rot/train_grape leaf black rot_5.jpg,17,6,0.672404408454895
data/shared_subset/hybrid/target/grape_leaf_black_rot/train_grape leaf black rot_23.jpg,17,5,0.6664385795593262
data/shared_subset/hybrid/target/grape_leaf_black_rot/train_grape leaf black rot_40.jpg,17,6,0.5115376114845276
data/shared_subset/hybrid/target/grape_leaf_black_rot/train_grape leaf black rot_11.jpg,17,17,0.4115517735481262
data/shared_subset/hybrid/target/grape_leaf_black_rot/train_grape leaf black rot_16.jpg,17,6,0.43690726161003113
data/shared_subset/hybrid/target/grape_leaf_black_rot/train_grape leaf black rot_39.jpg,17,13,0.8922210335731506
data/shared_subset/hybrid/target/grape_leaf_black_rot/train_grape leaf black rot_45_1.jpg,17,17,0.7391404509544373
data/shared_subset/hybrid/target/grape_leaf_black_rot/train_grape leaf black rot_4.jpg,17,17,0.9929755926132202
data/shared_subset/hybrid/target/grape_leaf_black_rot/train_grape leaf black rot_48_2.jpg,17,8,0.6195615530014038
data/shared_subset/hybrid/target/grape_leaf_black_rot/train_grape leaf black rot_33.jpg,17,1,0.9939190149307251
data/shared_subset/hybrid/target/grape_leaf_black_rot/train_grape leaf black rot_17_3.jpg,17,17,0.9683332443237305
data/shared_subset/hybrid/target/grape_leaf_black_rot/train_grape leaf black rot_22.jpg,17,9,0.9521065354347229
data/shared_subset/hybrid/target/grape_leaf_black_rot/train_grape leaf black rot_17_2.jpg,17,17,0.9810976982116699
data/shared_subset/hybrid/target/grape_leaf_black_rot/train_grape leaf black rot_13.jpg,17,9,0.635046660900116
data/shared_subset/hybrid/target/grape_leaf_black_rot/train_grape leaf black rot_34.jpg,17,5,0.541153609752655
data/shared_subset/hybrid/target/grape_leaf_black_rot/train_grape leaf black rot_44.jpg,17,5,0.6569094657897949
data/shared_subset/hybrid/target/grape_leaf_black_rot/train_grape leaf black rot_20.jpg,17,6,0.5850712060928345
data/shared_subset/hybrid/target/grape_leaf_black_rot/train_grape leaf black rot_50.jpg,17,5,0.5701619386672974
data/shared_subset/hybrid/target/grape_leaf_black_rot/train_grape leaf black rot_14.jpg,17,5,0.4835394024848938
data/shared_subset/hybrid/target/grape_leaf_black_rot/train_grape leaf black rot_7.jpg,17,17,0.9092451930046082
data/shared_subset/hybrid/target/grape_leaf_black_rot/train_grape leaf black rot_29_2.jpg,17,6,0.8567323088645935
data/shared_subset/hybrid/target/grape_leaf_black_rot/train_grape leaf black rot_35.jpg,17,6,0.7134401798248291
data/shared_subset/hybrid/target/grape_leaf_black_rot/train_grape leaf black rot_21.jpg,17,4,0.4947599768638611
data/shared_subset/hybrid/target/grape_leaf_black_rot/train_grape leaf black rot_42.jpg,17,17,0.5773738622665405
data/shared_subset/hybrid/target/grape_leaf_black_rot/train_grape leaf black rot_17_1.jpg,17,17,0.9735625386238098
data/shared_subset/hybrid/target/grape_leaf_black_rot/train_grape leaf black rot_38_1.jpg,17,1,0.5026906132698059
data/shared_subset/hybrid/target/grape_leaf_black_rot/train_grape leaf black rot_24_2.jpg,17,5,0.6948230266571045
data/shared_subset/hybrid/target/grape_leaf_black_rot/train_grape leaf black rot_30.jpg,17,6,0.81361323595047
data/shared_subset/hybrid/target/grape_leaf_black_rot/train_grape leaf black rot_27.jpg,17,9,0.8370011448860168
data/shared_subset/hybrid/target/grape_leaf_black_rot/train_grape leaf black rot_36.jpg,17,1,0.7462470531463623
data/shared_subset/hybrid/target/grape_leaf_black_rot/train_grape leaf black rot_12_1.jpg,17,5,0.5858100652694702
data/shared_subset/hybrid/target/grape_leaf_black_rot/train_grape leaf black rot_18.jpg,17,4,0.7687485218048096
data/shared_subset/hybrid/target/grape_leaf_black_rot/train_grape leaf black rot_46.jpg,17,6,0.8873233795166016
data/shared_subset/hybrid/target/grape_leaf_black_rot/train_grape leaf black rot_48_3.jpg,17,6,0.9125086665153503
data/shared_subset/hybrid/target/grape_leaf_black_rot/train_grape leaf black rot_1.jpg,17,4,0.6326121687889099
data/shared_subset/hybrid/target/grape_leaf_black_rot/train_grape leaf black rot_28.jpg,17,5,0.7823544144630432
data/shared_subset/hybrid/target/grape_leaf_black_rot/train_grape leaf black rot_24_1.jpg,17,3,0.8598546385765076
data/shared_subset/hybrid/target/grape_leaf_black_rot/train_grape leaf black rot_31.jpg,17,4,0.7928639650344849
data/shared_subset/hybrid/target/grape_leaf_black_rot/train_grape leaf black rot_48_1.jpg,17,6,0.8951456546783447
data/shared_subset/hybrid/target/grape_leaf_black_rot/train_grape leaf black rot_15.jpg,17,5,0.7432236075401306
data/shared_subset/hybrid/target/grape_leaf_black_rot/train_grape leaf black rot_26.jpg,17,9,0.42518898844718933
data/shared_subset/hybrid/target/grape_leaf_black_rot/train_grape leaf black rot_8.jpg,17,6,0.9816370606422424
data/shared_subset/hybrid/target/grape_leaf_black_rot/train_grape leaf black rot_43.jpg,17,6,0.9999278783798218
data/shared_subset/hybrid/target/grape_leaf_black_rot/train_grape leaf black rot_48_4.jpg,17,4,0.5618521571159363
data/shared_subset/hybrid/target/grape_leaf_black_rot/train_grape leaf black rot_51.jpg,17,5,0.8245816230773926
data/shared_subset/hybrid/target/grape_leaf_black_rot/train_grape leaf black rot_38_2.jpg,17,4,0.46748611330986023
