path,label_id
data/shared_subset/hybrid/pv/Tomato_Septoria_leaf_spot/28ac876e-4b48-4486-b40a-d4fad31f6880___Keller.St_CG 1805_final_masked.jpg,11
data/shared_subset/hybrid/pv/Corn_leaf_blight/f38dbeb3-7140-4470-911f-7545b495776f___RS_NLB 3473_final_masked.jpg,5
data/shared_subset/hybrid/pv/Tomato_leaf_yellow_virus/0b117366-e274-4379-a660-d0affe75c975___UF.GRC_YLCV_Lab 02904_final_masked.jpg,15
data/shared_subset/hybrid/pv/Tomato_leaf_yellow_virus/99502cb4-ffa4-41ba-b36a-64edf9c05b41___UF.GRC_YLCV_Lab 02126_final_masked.jpg,15
data/shared_subset/hybrid/pv/Corn_rust_leaf/4500a05e-638b-4a95-9841-777e77e7404f___RS_Rust 1657_final_masked.jpg,6
data/shared_subset/hybrid/pv/Corn_rust_leaf/2873b686-5c63-41c9-b412-57d8102b6103___RS_Rust 2680_final_masked.jpg,6
data/shared_subset/hybrid/pv/Tomato_leaf_yellow_virus/014d1604-dbbb-4b24-b167-37ec77cccfc6___UF.GRC_YLCV_Lab 01441_final_masked.jpg,15
data/shared_subset/hybrid/pv/Tomato_leaf_yellow_virus/9a7182f5-7161-4177-b5dc-142444669e4e___YLCV_GCREC 2029_final_masked.jpg,15
data/shared_subset/hybrid/pv/Tomato_leaf_late_blight/280cae12-7330-4202-b5cb-236fc869907c___GHLB2 Leaf 8821_final_masked.jpg,13
data/shared_subset/hybrid/pv/Corn_rust_leaf/987a5bc4-6e3c-471a-b892-4734a7b3d689___RS_Rust 1749_final_masked.jpg,6
data/shared_subset/hybrid/pv/Corn_rust_leaf/e444fe57-5c82-45f3-b63d-59d7464aa0e5___RS_Rust 2672_final_masked.jpg,6
data/shared_subset/hybrid/pv/Bell_pepper_leaf/4dae1983-04d3-44f9-a226-e94f256677e0___JR_HL 8355_final_masked.jpg,2
data/shared_subset/hybrid/pv/Tomato_mold_leaf/27c4fc3e-760a-4d3c-8552-bb5ca4eab3d8___Crnl_L.Mold 6781_final_masked.jpg,16
data/shared_subset/hybrid/pv/Potato_leaf_late_blight/6a72ed4a-cdb5-4a50-9a0d-efc119066fd7___RS_LB 2865_final_masked.jpg,8
data/shared_subset/hybrid/pv/grape_leaf_black_rot/c38471f9-9a18-4816-8237-36e727c17a93___FAM_B.Rot 0695_final_masked.jpg,17
data/shared_subset/hybrid/pv/Potato_leaf_early_blight/bd4c7de8-0616-45d4-a060-54b8329a9462___RS_Early.B 6902_final_masked.jpg,7
data/shared_subset/hybrid/pv/grape_leaf_black_rot/2e63e970-cfb6-4bcf-865b-7b3cdf3d51e0___FAM_B.Rot 3338_final_masked.jpg,17
data/shared_subset/hybrid/pv/Squash_Powdery_mildew_leaf/80494882-41ae-4246-9fad-b5f149d3d011___MD_Powd.M 9888_final_masked.jpg,9
data/shared_subset/hybrid/pv/Tomato_leaf_bacterial_spot/9ec2ee25-8006-49f3-bde0-fb26f37a62f2___GCREC_Bact.Sp 3421_final_masked.jpg,12
data/shared_subset/hybrid/pv/grape_leaf_black_rot/9d4bbf00-5ef1-4bd1-b7bc-deb45d3deed8___FAM_B.Rot 0692_final_masked.jpg,17
data/shared_subset/hybrid/pv/Tomato_leaf_bacterial_spot/717c7e16-5170-4f12-9e76-cffdfe950803___GCREC_Bact.Sp 3718_final_masked.jpg,12
data/shared_subset/hybrid/pv/Tomato_Septoria_leaf_spot/2dd9eb69-138d-4cb6-98f6-e328c5ea25e1___Matt.S_CG 1359_final_masked.jpg,11
data/shared_subset/hybrid/pv/Bell_pepper_leaf/ce7d2ea8-c920-4ab0-a59c-807028c3baa6___JR_HL 8128_final_masked.jpg,2
data/shared_subset/hybrid/pv/Tomato_leaf_late_blight/09590524-981f-4dc5-b6e3-5225a0c48019___GHLB2ES Leaf 140_final_masked.jpg,13
data/shared_subset/hybrid/pv/Corn_leaf_blight/c12432b0-42be-456f-abb0-8cf30437498b___RS_NLB  4610_final_masked.jpg,5
data/shared_subset/hybrid/pv/Tomato_leaf_bacterial_spot/517dac9f-61a6-4e5a-928e-b0009c2d6d47___GCREC_Bact.Sp 3516_final_masked.jpg,12
data/shared_subset/hybrid/pv/Tomato_leaf_late_blight/c9258e44-7f45-4baf-8140-69d4857c56ee___GHLB_PS Leaf 45 Day 18_final_masked.jpg,13
data/shared_subset/hybrid/pv/Bell_pepper_leaf_spot/abc52078-90cf-426a-8ed8-602a35243d3e___NREC_B.Spot 9221_final_masked.jpg,3
data/shared_subset/hybrid/pv/Tomato_leaf_yellow_virus/81dd4d22-e4b0-4a8f-87b4-8acf3cf41d85___YLCV_GCREC 5287_final_masked.jpg,15
data/shared_subset/hybrid/pv/Corn_rust_leaf/93834aee-940d-439a-b89f-0be10770e801___RS_Rust 2184_final_masked.jpg,6
data/shared_subset/hybrid/pv/Tomato_leaf_yellow_virus/58977b0d-e818-4c56-937e-f0d7dc58f25b___UF.GRC_YLCV_Lab 02123_final_masked.jpg,15
data/shared_subset/hybrid/pv/Tomato_leaf_yellow_virus/6c6fcd54-9d2b-49f5-9337-1f0d86e60fd1___UF.GRC_YLCV_Lab 03399_final_masked.jpg,15
data/shared_subset/hybrid/pv/grape_leaf_black_rot/26c24a0b-568c-407b-90b6-7335ac631f8a___FAM_B.Rot 0536_final_masked.jpg,17
data/shared_subset/hybrid/pv/Tomato_leaf_bacterial_spot/d2baf547-f447-4b60-b642-7e1008ac6187___GCREC_Bact.Sp 5920_final_masked.jpg,12
data/shared_subset/hybrid/pv/Potato_leaf_early_blight/bc8a7fa5-1f77-4829-a1ee-0ccbeef289eb___RS_Early.B 7228_final_masked.jpg,7
data/shared_subset/hybrid/pv/Bell_pepper_leaf_spot/1f3b1b11-4934-4c0b-b054-8f8a977b488c___JR_B.Spot 3373_final_masked.jpg,3
data/shared_subset/hybrid/pv/Potato_leaf_early_blight/d50dde4d-fe2f-4e8c-b336-69be71e34ce8___RS_Early.B 6905_final_masked.jpg,7
data/shared_subset/hybrid/pv/Potato_leaf_late_blight/890ffd2b-7365-4a91-b0e1-f414da0a17a4___RS_LB 3216_final_masked.jpg,8
data/shared_subset/hybrid/pv/Tomato_Septoria_leaf_spot/32be5e7b-4215-4719-a1e8-d6f7a0a388f7___Matt.S_CG 0752_final_masked.jpg,11
data/shared_subset/hybrid/pv/Corn_leaf_blight/11d96d18-2ccd-488d-a831-266871ee59b5___RS_NLB 4124_final_masked.jpg,5
data/shared_subset/hybrid/pv/Tomato_leaf_late_blight/76ca83b8-0695-470d-a715-2fcb9efb4fc4___RS_Late.B 5062_final_masked.jpg,13
data/shared_subset/hybrid/pv/Tomato_leaf_yellow_virus/d0be6c81-9b1e-43e2-a468-373cd0987885___UF.GRC_YLCV_Lab 01907_final_masked.jpg,15
data/shared_subset/hybrid/pv/Corn_leaf_blight/398fe3cf-ca89-421f-ad3e-b16c720835c3___RS_NLB 3723_final_masked.jpg,5
data/shared_subset/hybrid/pv/Tomato_leaf_late_blight/80143d7f-db3e-4ed8-8a20-647dc0caa908___GHLB2 Leaf 78_final_masked.jpg,13
data/shared_subset/hybrid/pv/Tomato_leaf_bacterial_spot/70cbe0b7-6861-45fa-ad12-8766e5316b20___GCREC_Bact.Sp 3175_final_masked.jpg,12
data/shared_subset/hybrid/pv/Bell_pepper_leaf_spot/6a457821-e634-425c-90f0-a4bbd76b5722___JR_B.Spot 3159_final_masked.jpg,3
data/shared_subset/hybrid/pv/Tomato_leaf_bacterial_spot/08a25478-76ed-4e4c-8ad0-bc7322f050b0___GCREC_Bact.Sp 3028_final_masked.jpg,12
data/shared_subset/hybrid/pv/Tomato_leaf_yellow_virus/15d3bdd8-fa49-4fba-853d-7789d9893863___YLCV_NREC 2400_final_masked.jpg,15
data/shared_subset/hybrid/pv/Tomato_leaf_mosaic_virus/25857136-3515-4433-8129-c26f91e94cbe___PSU_CG 2233_final_masked.jpg,14
data/shared_subset/hybrid/pv/Tomato_leaf_late_blight/4e1d7a08-a036-474f-8b4c-eef9d7c093fa___RS_Late.B 5043_final_masked.jpg,13
data/shared_subset/hybrid/pv/Tomato_leaf_yellow_virus/9a93aee2-b611-44b2-a2fd-774af2c61628___YLCV_GCREC 2021_final_masked.jpg,15
data/shared_subset/hybrid/pv/Corn_leaf_blight/36c5fd81-d688-4013-8635-19d0fd14eeb9___RS_NLB 4666_final_masked.jpg,5
data/shared_subset/hybrid/pv/Tomato_leaf_late_blight/666f07e1-b030-4ba4-8111-9a1024763a1b___RS_Late.B 6932_final_masked.jpg,13
data/shared_subset/hybrid/pv/Tomato_leaf_mosaic_virus/a142b58c-1713-4e17-a68c-96eaf4b5ae23___PSU_CG 2219_final_masked.jpg,14
data/shared_subset/hybrid/pv/Tomato_leaf_bacterial_spot/0c883752-3334-4615-841d-287d58ecf60d___GCREC_Bact.Sp 6119_final_masked.jpg,12
data/shared_subset/hybrid/pv/Potato_leaf_early_blight/61f4f7c5-cebe-471a-9be9-b595255b7fb4___RS_Early.B 7029_final_masked.jpg,7
data/shared_subset/hybrid/pv/Bell_pepper_leaf/3c9d9b2b-23de-48f6-98cf-cedf3d86359b___JR_HL 7599_final_masked.jpg,2
data/shared_subset/hybrid/pv/Bell_pepper_leaf_spot/1b589f92-a658-4e58-96de-db41acc411ce___JR_B.Spot 3239_final_masked.jpg,3
data/shared_subset/hybrid/pv/Tomato_leaf_late_blight/0f67214c-eede-4292-b731-30ef1c47b7b6___RS_Late.B 4902_final_masked.jpg,13
data/shared_subset/hybrid/pv/grape_leaf_black_rot/3f70c9d3-cf8a-43c3-87e3-c7a788579e7a___FAM_B.Rot 3534_final_masked.jpg,17
data/shared_subset/hybrid/pv/Apple_rust_leaf/b2723e0b-7e61-48ae-b50e-0cee5d437cb3___FREC_C.Rust 3823_final_masked.jpg,1
data/shared_subset/hybrid/pv/Tomato_Early_blight_leaf/a3d07302-420d-4b4e-94f2-6694ef9d2088___RS_Erly.B 7652_final_masked.jpg,10
data/shared_subset/hybrid/pv/Tomato_leaf_yellow_virus/9430ec1f-c0c4-40ea-9dc1-6821a4c4f84f___YLCV_GCREC 5537_final_masked.jpg,15
data/shared_subset/hybrid/pv/Tomato_leaf_yellow_virus/4ebe0762-d421-4a65-ae3b-2ecfe863a88a___YLCV_NREC 2429_final_masked.jpg,15
data/shared_subset/hybrid/pv/Tomato_leaf_late_blight/92508617-1037-4d3f-b2c2-c9f0c15c3263___RS_Late.B 5286_final_masked.jpg,13
data/shared_subset/hybrid/pv/Tomato_leaf_yellow_virus/b3481eef-aed0-41cf-a27b-ffbcff8b7928___UF.GRC_YLCV_Lab 02464_final_masked.jpg,15
data/shared_subset/hybrid/pv/Tomato_leaf_yellow_virus/7bd5f0ae-4a05-4d77-93e2-831baf851726___UF.GRC_YLCV_Lab 08476_final_masked.jpg,15
data/shared_subset/hybrid/pv/Tomato_leaf_late_blight/25a83fb3-e27a-419c-a9db-652fae319fcd___RS_Late.B 6191_final_masked.jpg,13
data/shared_subset/hybrid/pv/Tomato_leaf_yellow_virus/13ece3d5-a35e-4da2-9390-e58f4aa242e3___UF.GRC_YLCV_Lab 02403_final_masked.jpg,15
data/shared_subset/hybrid/pv/Tomato_leaf_late_blight/40a79a6f-e1fc-428c-bd57-3af1a7236156___RS_Late.B 5432_final_masked.jpg,13
data/shared_subset/hybrid/pv/Bell_pepper_leaf/fcdaf487-38c1-43b8-906e-127185976fe7___JR_HL 8784_final_masked.jpg,2
data/shared_subset/hybrid/pv/Tomato_leaf_yellow_virus/e030230a-e378-4ccd-b086-17710f52cec1___YLCV_NREC 0127_final_masked.jpg,15
data/shared_subset/hybrid/pv/Tomato_Septoria_leaf_spot/7932cda6-c2ea-4211-9e34-5a5170687d23___Matt.S_CG 7498_final_masked.jpg,11
data/shared_subset/hybrid/pv/Corn_leaf_blight/0e9f32b5-3423-4412-a9b6-69ba653db207___RS_NLB 3565 copy 2_final_masked.jpg,5
data/shared_subset/hybrid/pv/Tomato_leaf_bacterial_spot/c6eee071-b1e6-4237-9a0a-8f49e4665dc4___GCREC_Bact.Sp 3185_final_masked.jpg,12
data/shared_subset/hybrid/pv/grape_leaf_black_rot/e746d45b-f78b-4c7b-a419-acb0e8127448___FAM_B.Rot 3544_final_masked.jpg,17
data/shared_subset/hybrid/pv/Tomato_leaf_bacterial_spot/6744d76c-c446-4b9c-bef7-796c0600fa40___GCREC_Bact.Sp 3719_final_masked.jpg,12
data/shared_subset/hybrid/pv/Tomato_leaf_mosaic_virus/457f4e02-65b3-4e02-ba87-7f20ab44f89e___PSU_CG 2180_final_masked.jpg,14
data/shared_subset/hybrid/pv/Bell_pepper_leaf_spot/21f7119e-d926-4be3-9ace-d6b26b280e64___JR_B.Spot 8837_final_masked.jpg,3
data/shared_subset/hybrid/pv/Corn_rust_leaf/968fdb08-4346-455b-a2d6-2b4dc69085be___RS_Rust 2219_final_masked.jpg,6
data/shared_subset/hybrid/pv/Corn_rust_leaf/f62589a0-cc32-4f92-82f1-cba3292eba92___RS_Rust 1892_final_masked.jpg,6
data/shared_subset/hybrid/pv/Potato_leaf_early_blight/541f3dc9-a330-4caf-97f3-88bec1b60c53___RS_Early.B 7767_final_masked.jpg,7
data/shared_subset/hybrid/pv/Tomato_Early_blight_leaf/872ec950-8238-4f73-a366-f72f2f92d3fe___RS_Erly.B 7487_final_masked.jpg,10
data/shared_subset/hybrid/pv/Tomato_leaf_yellow_virus/dcdbd8f4-8d1d-4646-9285-850be7cce71c___UF.GRC_YLCV_Lab 02406_final_masked.jpg,15
data/shared_subset/hybrid/pv/Tomato_Early_blight_leaf/96f7a84a-cafa-487d-a032-548cfe965bdb___RS_Erly.B 9621_final_masked.jpg,10
data/shared_subset/hybrid/pv/Bell_pepper_leaf/3ba519c0-340f-4cef-bbea-fcb67645868e___JR_HL 7828_final_masked.jpg,2
data/shared_subset/hybrid/pv/Tomato_leaf_yellow_virus/086d934e-5c88-4eb1-9011-5a7358529704___YLCV_GCREC 5450_final_masked.jpg,15
data/shared_subset/hybrid/pv/Bell_pepper_leaf_spot/8ea79527-9b03-44c1-a686-db2ab4b87623___JR_B.Spot 3335_final_masked.jpg,3
data/shared_subset/hybrid/pv/Corn_Gray_leaf_spot/9a59a663-089f-4722-8bb5-937f18978888___RS_GLSp 7301_final_masked.jpg,4
data/shared_subset/hybrid/pv/Bell_pepper_leaf_spot/e5781299-7fd6-4d80-aca1-d78910d9da1c___JR_B.Spot 3371_final_masked.jpg,3
data/shared_subset/hybrid/pv/Corn_leaf_blight/47eca8a9-befb-4c5e-b2da-991655be867b___RS_NLB 3838_final_masked.jpg,5
data/shared_subset/hybrid/pv/Tomato_leaf_late_blight/c215da6d-139c-40b7-aeae-41138ff98a1c___GHLB2 Leaf 8932_final_masked.jpg,13
data/shared_subset/hybrid/pv/Bell_pepper_leaf/ec363e4b-79c9-460a-a6a4-cac25a71d6ba___JR_HL 8478_final_masked.jpg,2
data/shared_subset/hybrid/pv/Tomato_leaf_yellow_virus/695d436f-c1af-46d9-860e-aec59448a4f5___YLCV_GCREC 5455_final_masked.jpg,15
data/shared_subset/hybrid/pv/Bell_pepper_leaf_spot/eeb59903-65af-4d9f-9ab9-ec6725aa3a39___JR_B.Spot 3359_final_masked.jpg,3
data/shared_subset/hybrid/pv/Tomato_leaf_yellow_virus/67b7c85c-f6e2-419f-b3a7-20bcae8c3afa___UF.GRC_YLCV_Lab 01429_final_masked.jpg,15
data/shared_subset/hybrid/pv/Corn_leaf_blight/1e974f0a-834e-4288-bba8-134c860882f5___RS_NLB 4268_final_masked.jpg,5
data/shared_subset/hybrid/pv/Bell_pepper_leaf/61e598a1-aaef-48ef-b2d3-773619d25b21___JR_HL 7910_final_masked.jpg,2
data/shared_subset/hybrid/pv/Squash_Powdery_mildew_leaf/ea678e20-90d1-4d77-a290-3d9cd8e93b86___UMD_Powd.M 0276_final_masked.jpg,9
data/shared_subset/hybrid/pv/Tomato_leaf_bacterial_spot/5a43dabd-d732-4fe5-bd01-1d23f4a41d5e___GCREC_Bact.Sp 6389_final_masked.jpg,12
data/shared_subset/hybrid/pv/Bell_pepper_leaf/2f2aa4d8-cb43-4745-8cac-7560829ba950___JR_HL 8020_final_masked.jpg,2
data/shared_subset/hybrid/pv/Tomato_leaf_yellow_virus/d7e92f44-d414-4201-83f7-40663d5e57c2___UF.GRC_YLCV_Lab 03295_final_masked.jpg,15
data/shared_subset/hybrid/pv/grape_leaf_black_rot/35b05f58-cb96-4d85-b5b7-9c03c84862b3___FAM_B.Rot 0351_final_masked.jpg,17
data/shared_subset/hybrid/pv/Tomato_leaf_yellow_virus/d03292d0-0b5d-4b4c-b86d-1a0dad4842e8___YLCV_GCREC 1922_final_masked.jpg,15
data/shared_subset/hybrid/pv/Tomato_leaf_yellow_virus/6438b04f-0013-4e36-9481-0c9e54f3447f___YLCV_NREC 0278_final_masked.jpg,15
data/shared_subset/hybrid/pv/Corn_leaf_blight/7272d46b-b201-4ffc-8634-1555b87e23ff___RS_NLB 3472_final_masked.jpg,5
data/shared_subset/hybrid/pv/Corn_rust_leaf/dd276977-f710-4a65-8803-92aac3cf77c1___RS_Rust 2104_final_masked.jpg,6
data/shared_subset/hybrid/pv/Tomato_leaf_yellow_virus/9cbd559d-43df-436a-958b-e652e78fe9b9___UF.GRC_YLCV_Lab 02443_final_masked.jpg,15
data/shared_subset/hybrid/pv/Potato_leaf_early_blight/a10b278a-fcce-4cf4-aada-254e89050be5___RS_Early.B 7524_final_masked.jpg,7
data/shared_subset/hybrid/pv/Tomato_Septoria_leaf_spot/699bc438-4477-447e-92a7-038662112f61___Keller.St_CG 2006_final_masked.jpg,11
data/shared_subset/hybrid/pv/grape_leaf_black_rot/83ce53fb-8ca6-4bf3-a07b-f0f3ea4ed16a___FAM_B.Rot 0663_final_masked.jpg,17
data/shared_subset/hybrid/pv/Squash_Powdery_mildew_leaf/51f59731-c888-4027-90f8-261508b2fef7___MD_Powd.M 0975_final_masked.jpg,9
data/shared_subset/hybrid/pv/Tomato_Early_blight_leaf/26e2e7aa-800c-421b-92e8-3e20c5f5757e___RS_Erly.B 7656_final_masked.jpg,10
data/shared_subset/hybrid/pv/Apple_Scab_Leaf/073b509f-c1ea-4e61-881b-2e874c5f4199___FREC_Scab 3286_final_masked.jpg,0
data/shared_subset/hybrid/pv/Bell_pepper_leaf/8de81983-7026-47e2-a972-854af986bfc0___JR_HL 5879_final_masked.jpg,2
data/shared_subset/hybrid/pv/Tomato_leaf_bacterial_spot/35c80526-d4ca-4742-9903-6a9463c532e4___GCREC_Bact.Sp 2965_final_masked.jpg,12
data/shared_subset/hybrid/pv/Tomato_leaf_mosaic_virus/eec8df45-9f5b-4121-a630-8088c5422efd___PSU_CG 2157_final_masked.jpg,14
data/shared_subset/hybrid/pv/Tomato_leaf_late_blight/b47f267d-7a17-4e4e-935e-4e6c0d7fd4f9___RS_Late.B 6146_final_masked.jpg,13
data/shared_subset/hybrid/pv/Tomato_Septoria_leaf_spot/bdaa50fa-956a-4452-8c8c-c846fbcc7b19___Matt.S_CG 1406_final_masked.jpg,11
data/shared_subset/hybrid/pv/Squash_Powdery_mildew_leaf/41958003-fb52-41f4-a679-9c7a0e731b54___MD_Powd.M 1039_final_masked.jpg,9
data/shared_subset/hybrid/pv/Corn_leaf_blight/142cd767-835c-4465-9ac9-4c569c5ea542___RS_NLB 3822_final_masked.jpg,5
data/shared_subset/hybrid/pv/Tomato_leaf_late_blight/5d5d8789-8979-4e2d-ac17-7228e8af61c9___RS_Late.B 5109_final_masked.jpg,13
data/shared_subset/hybrid/pv/Bell_pepper_leaf/a34d9ad8-1024-4628-bead-dcd593d37400___JR_HL 8333_final_masked.jpg,2
data/shared_subset/hybrid/pv/Corn_Gray_leaf_spot/5cd4836c-b974-4228-b23f-1e70e8c3ea11___RS_GLSp 7328_final_masked.jpg,4
data/shared_subset/hybrid/pv/Corn_rust_leaf/b44297d5-2c41-4582-bfe9-68a0d97e5a95___RS_Rust 1600_final_masked.jpg,6
data/shared_subset/hybrid/pv/Tomato_mold_leaf/538d20ab-b01e-4d55-ad39-b0fbeb3babbe___Crnl_L.Mold 7002_final_masked.jpg,16
data/shared_subset/hybrid/pv/Potato_leaf_late_blight/d50d5ba8-c809-431c-8cc1-e297bc2706f7___RS_LB 4467_final_masked.jpg,8
data/shared_subset/hybrid/pv/Tomato_leaf_yellow_virus/54447f20-dc92-409b-b831-6b2a2449adf9___UF.GRC_YLCV_Lab 03346_final_masked.jpg,15
data/shared_subset/hybrid/pv/Tomato_leaf_late_blight/ac205c4a-58c5-430f-8b4c-f853652df749___GHLB_PS Leaf 30 Day 13_final_masked.jpg,13
data/shared_subset/hybrid/pv/Tomato_leaf_yellow_virus/3d14acd6-7729-4375-ac73-4177cd5e504b___UF.GRC_YLCV_Lab 02994_final_masked.jpg,15
data/shared_subset/hybrid/pv/Tomato_leaf_late_blight/f08ebd91-a148-4494-a45c-55ebc1bf1f60___GHLB2 Leaf 8942_final_masked.jpg,13
data/shared_subset/hybrid/pv/Tomato_leaf_yellow_virus/f527ed8b-e5c2-4412-948f-d940039d60d3___YLCV_GCREC 5168_final_masked.jpg,15
data/shared_subset/hybrid/pv/Squash_Powdery_mildew_leaf/235c38ae-fa46-4d42-9d90-0482c39a35db___MD_Powd.M 0572_final_masked.jpg,9
data/shared_subset/hybrid/pv/Tomato_mold_leaf/e401be04-ce62-4682-ae91-765fc4c2cc31___Crnl_L.Mold 7114_final_masked.jpg,16
data/shared_subset/hybrid/pv/Tomato_mold_leaf/edf50862-c5ce-406d-a3f1-f228bd358ca3___Crnl_L.Mold 7038_final_masked.jpg,16
data/shared_subset/hybrid/pv/grape_leaf_black_rot/30cd541f-ff78-49e8-b114-01508f09144b___FAM_B.Rot 5020_final_masked.jpg,17
data/shared_subset/hybrid/pv/Tomato_leaf_yellow_virus/22062fea-5f67-45d8-b795-7f7dae68e32f___YLCV_GCREC 5367_final_masked.jpg,15
data/shared_subset/hybrid/pv/Tomato_Early_blight_leaf/a8e1a7a4-d45d-4072-9c25-6f7685f8f08b___RS_Erly.B 9387_final_masked.jpg,10
data/shared_subset/hybrid/pv/Tomato_leaf_yellow_virus/977a0667-709d-487f-8a93-7307452ee661___UF.GRC_YLCV_Lab 01566_final_masked.jpg,15
data/shared_subset/hybrid/pv/Tomato_leaf_yellow_virus/79467ea0-5c59-4094-bddd-02074075b621___YLCV_NREC 2589_final_masked.jpg,15
data/shared_subset/hybrid/pv/Tomato_leaf_yellow_virus/bc2118c0-496d-41ad-a96f-1e26a244b528___YLCV_NREC 2613_final_masked.jpg,15
data/shared_subset/hybrid/pv/Bell_pepper_leaf_spot/0f2b941b-cce2-46e1-a6e3-6924604e9926___NREC_B.Spot 9073_final_masked.jpg,3
data/shared_subset/hybrid/pv/Tomato_leaf_late_blight/20b33342-6c05-4cab-9008-6f09548a0db9___RS_Late.B 5128_final_masked.jpg,13
data/shared_subset/hybrid/pv/Potato_leaf_late_blight/6c5ac624-844c-4d01-b030-38e1130e890a___RS_LB 3973_final_masked.jpg,8
data/shared_subset/hybrid/pv/Bell_pepper_leaf/1fdbead6-97f6-4712-8c5e-2a1285e1e777___JR_HL 8681_final_masked.jpg,2
data/shared_subset/hybrid/pv/Bell_pepper_leaf_spot/b766708d-5d33-4034-afc8-fbf9ffece733___JR_B.Spot 9037_final_masked.jpg,3
data/shared_subset/hybrid/pv/Squash_Powdery_mildew_leaf/c556ad9e-d84f-4d18-a4c8-681acb283999___UMD_Powd.M 0038_final_masked.jpg,9
data/shared_subset/hybrid/pv/Corn_rust_leaf/adbab47c-87a5-4800-a8bf-48f3d6abe235___RS_Rust 2432_final_masked.jpg,6
data/shared_subset/hybrid/pv/Tomato_leaf_yellow_virus/19381f77-9ca4-427e-9abe-13868443addf___YLCV_NREC 2217_final_masked.jpg,15
data/shared_subset/hybrid/pv/Tomato_Septoria_leaf_spot/fbd92c9a-47de-431a-b3cb-fb25193b1e09___Keller.St_CG 2045_final_masked.jpg,11
data/shared_subset/hybrid/pv/Tomato_leaf_yellow_virus/7e0d5243-30b8-4e75-a530-a07e20c3ee13___YLCV_NREC 2043_final_masked.jpg,15
data/shared_subset/hybrid/pv/Bell_pepper_leaf/c0970a6a-0a3c-4582-99c1-1c2bf433b253___JR_HL 8757_final_masked.jpg,2
data/shared_subset/hybrid/pv/Tomato_leaf_bacterial_spot/2f48b422-e9b2-4143-8b7f-c44cea6fb2fd___UF.GRC_BS_Lab Leaf 0450_final_masked.jpg,12
data/shared_subset/hybrid/pv/Tomato_leaf_yellow_virus/99abcc2c-0b45-4868-bf37-23c347dbb4b8___YLCV_GCREC 2257_final_masked.jpg,15
data/shared_subset/hybrid/pv/Tomato_leaf_yellow_virus/61956cbd-f717-4785-aa37-05f3a369c968___UF.GRC_YLCV_Lab 02394_final_masked.jpg,15
data/shared_subset/hybrid/pv/Tomato_leaf_bacterial_spot/2d774052-b20a-441e-8ac1-f35239810e67___UF.GRC_BS_Lab Leaf 0336_final_masked.jpg,12
data/shared_subset/hybrid/pv/Apple_rust_leaf/d64bd246-5ab0-4b1e-b522-3f69668214d1___FREC_C.Rust 4290_final_masked.jpg,1
data/shared_subset/hybrid/pv/Tomato_Early_blight_leaf/a9a349e8-bf20-4495-8db5-70ca9293608d___RS_Erly.B 7367_final_masked.jpg,10
data/shared_subset/hybrid/pv/Corn_leaf_blight/79d78748-a6b6-489f-813d-5bceb0e9988b___RS_NLB 3666_final_masked.jpg,5
data/shared_subset/hybrid/pv/Tomato_leaf_yellow_virus/be6bb0b2-fa10-4b18-884a-deee85358e85___YLCV_NREC 2782_final_masked.jpg,15
data/shared_subset/hybrid/pv/Potato_leaf_late_blight/6f0fffdc-876f-449f-b03e-f25081f2c44f___RS_LB 4096_final_masked.jpg,8
data/shared_subset/hybrid/pv/Tomato_leaf_yellow_virus/eade7ec9-06b1-4bb7-a9d5-6872d7c181b1___UF.GRC_YLCV_Lab 09567_final_masked.jpg,15
data/shared_subset/hybrid/pv/Corn_rust_leaf/d09e3cf9-50a3-48c5-9b94-bce61fa340c5___RS_Rust 1653_final_masked.jpg,6
data/shared_subset/hybrid/pv/Tomato_leaf_yellow_virus/2c4409de-190b-47d6-8af7-6a51b2fa6ea9___UF.GRC_YLCV_Lab 03088_final_masked.jpg,15
data/shared_subset/hybrid/pv/Tomato_mold_leaf/47368e87-9afe-4943-8929-e5e8a652bf60___Crnl_L.Mold 8950_final_masked.jpg,16
data/shared_subset/hybrid/pv/Tomato_leaf_bacterial_spot/49c34c1b-08a8-4bdd-a933-0eb4daff5f97___GCREC_Bact.Sp 3501_final_masked.jpg,12
data/shared_subset/hybrid/pv/Corn_leaf_blight/76ac9115-7016-46bb-93a2-cbc420792406___RS_NLB 0782_final_masked.jpg,5
data/shared_subset/hybrid/pv/Corn_leaf_blight/919505a0-7e06-4a89-8faf-f308bd644a6a___RS_NLB 4141_final_masked.jpg,5
data/shared_subset/hybrid/pv/Apple_Scab_Leaf/40a5e87c-ee32-4d67-9b28-926e94638a1d___FREC_Scab 3251_final_masked.jpg,0
data/shared_subset/hybrid/pv/grape_leaf_black_rot/cf1f331a-313d-4fa5-9397-ea99a0cd2a59___FAM_B.Rot 3139_final_masked.jpg,17
data/shared_subset/hybrid/pv/Tomato_leaf_mosaic_virus/6e67c953-5934-439c-8303-e1762793a36a___PSU_CG 2181_final_masked.jpg,14
data/shared_subset/hybrid/pv/Tomato_leaf_late_blight/c57464ef-c813-4ee5-90db-2b196b996d57___GHLB2 Leaf 154.3_final_masked.jpg,13
data/shared_subset/hybrid/pv/Tomato_mold_leaf/78cfaa28-9259-4225-8641-5dfaceab2118___Crnl_L.Mold 6690_final_masked.jpg,16
data/shared_subset/hybrid/pv/Bell_pepper_leaf/9b9bf01f-e632-4bc9-a903-ba708b15d876___JR_HL 7617_final_masked.jpg,2
data/shared_subset/hybrid/pv/Tomato_leaf_yellow_virus/2ee1a3f5-a3e9-4cc3-9d57-6e32f4c350f4___YLCV_GCREC 5124_final_masked.jpg,15
data/shared_subset/hybrid/pv/Squash_Powdery_mildew_leaf/8f1c8aca-cffd-4db6-ab17-6c541750557c___UMD_Powd.M 0564_final_masked.jpg,9
data/shared_subset/hybrid/pv/Tomato_leaf_late_blight/f2c089b3-34a5-4300-848f-a0d6eebcb756___RS_Late.B 5174_final_masked.jpg,13
data/shared_subset/hybrid/pv/Tomato_leaf_yellow_virus/b835db33-4bfa-46ce-a6b0-30899a215618___UF.GRC_YLCV_Lab 01401_final_masked.jpg,15
data/shared_subset/hybrid/pv/grape_leaf_black_rot/af216e79-31f5-48e9-9fd5-817fc86b694a___FAM_B.Rot 3018_final_masked.jpg,17
data/shared_subset/hybrid/pv/Tomato_leaf_bacterial_spot/5c130080-6cae-4d1e-acd7-629129d66a47___UF.GRC_BS_Lab Leaf 0412_final_masked.jpg,12
data/shared_subset/hybrid/pv/Tomato_leaf_late_blight/6f7a49a1-db0e-486f-b836-51827df940df___GHLB2 Leaf 8735_final_masked.jpg,13
data/shared_subset/hybrid/pv/Tomato_leaf_yellow_virus/a4fa8e27-a175-4459-9a39-3082870f1ae7___UF.GRC_YLCV_Lab 02307_final_masked.jpg,15
data/shared_subset/hybrid/pv/Squash_Powdery_mildew_leaf/b93ed7ed-f19d-4ddd-920d-485508f7eba2___MD_Powd.M 0093_final_masked.jpg,9
data/shared_subset/hybrid/pv/Tomato_Septoria_leaf_spot/e6503dc4-5ab3-427b-9bd7-08c67776352a___Matt.S_CG 6113_final_masked.jpg,11
data/shared_subset/hybrid/pv/Corn_rust_leaf/552abca3-bd40-4582-b671-d25c241d9ecd___RS_Rust 1822_final_masked.jpg,6
data/shared_subset/hybrid/pv/grape_leaf_black_rot/7eb8674f-7f5e-4d1c-b661-2765a50208c1___FAM_B.Rot 0711_final_masked.jpg,17
data/shared_subset/hybrid/pv/Tomato_leaf_yellow_virus/036662aa-5a39-4e1a-adc7-32017654d0ef___YLCV_GCREC 2463_final_masked.jpg,15
data/shared_subset/hybrid/pv/Bell_pepper_leaf/4e9af7bf-96f5-4973-8470-0db94ef8e375___JR_HL 7896_final_masked.jpg,2
data/shared_subset/hybrid/pv/Potato_leaf_late_blight/36d3502f-32cd-4ef9-b63d-575db1c18cf8___RS_LB 4908_final_masked.jpg,8
data/shared_subset/hybrid/pv/Tomato_leaf_yellow_virus/53b703ba-e5f3-4d9f-8f90-b1a7b7ad2345___UF.GRC_YLCV_Lab 02430_final_masked.jpg,15
data/shared_subset/hybrid/pv/Squash_Powdery_mildew_leaf/dab8b680-f930-4e59-aa99-7cf94f6c02d0___MD_Powd.M 0508_final_masked.jpg,9
data/shared_subset/hybrid/pv/Tomato_leaf_yellow_virus/43a5145b-57e9-4605-8ba3-1fb90f61d460___YLCV_NREC 0108_final_masked.jpg,15
data/shared_subset/hybrid/pv/Tomato_Septoria_leaf_spot/bae6002f-a8f1-4229-aaf3-024feb50c7d8___Matt.S_CG 6674_final_masked.jpg,11
data/shared_subset/hybrid/pv/Corn_Gray_leaf_spot/0ba90f90-3702-438a-908b-85871f3a34cb___RS_GLSp 4342_final_masked.jpg,4
data/shared_subset/hybrid/pv/Tomato_Septoria_leaf_spot/1f9fe103-ec5a-4ebb-bd93-14c97537dd3a___Matt.S_CG 6572_final_masked.jpg,11
data/shared_subset/hybrid/pv/Tomato_leaf_yellow_virus/6e17e652-8df1-49ef-a460-d20024fb4912___UF.GRC_YLCV_Lab 01458_final_masked.jpg,15
data/shared_subset/hybrid/pv/Corn_leaf_blight/ac42d899-17ee-4807-a822-dbb105fd88eb___RS_NLB 3965_final_masked.jpg,5
data/shared_subset/hybrid/pv/Bell_pepper_leaf/dfd700a9-cef2-453e-8006-52fd08c0ca35___JR_HL 8770_final_masked.jpg,2
data/shared_subset/hybrid/pv/Tomato_leaf_yellow_virus/84ccf2e9-b835-4b63-8628-164e84b78a70___UF.GRC_YLCV_Lab 09509_final_masked.jpg,15
data/shared_subset/hybrid/pv/Corn_Gray_leaf_spot/77ae7d6f-8373-481e-b216-6fec69f06145___RS_GLSp 4622_final_masked.jpg,4
data/shared_subset/hybrid/pv/Potato_leaf_late_blight/f5ad9b49-ea3a-46c0-8a54-d4e0aa76eda4___RS_LB 4379_final_masked.jpg,8
data/shared_subset/hybrid/pv/Bell_pepper_leaf/07eda9a1-8f8a-471b-b3c6-9093c3d6ca90___JR_HL 8177_final_masked.jpg,2
data/shared_subset/hybrid/pv/Tomato_Septoria_leaf_spot/5b0cd135-94b9-4591-966c-0257a0beea5e___JR_Sept.L.S 8486_final_masked.jpg,11
data/shared_subset/hybrid/pv/Tomato_leaf_yellow_virus/4d69dd8a-409d-4f7f-841d-a07fdcb718ac___YLCV_GCREC 2071_final_masked.jpg,15
data/shared_subset/hybrid/pv/Tomato_leaf_yellow_virus/bca2b412-d4df-4de8-9921-86c26048ad7d___YLCV_NREC 2905_final_masked.jpg,15
data/shared_subset/hybrid/pv/Tomato_leaf_bacterial_spot/e2c2e02e-091d-46ef-a9a7-638dfd4decd6___GCREC_Bact.Sp 3228_final_masked.jpg,12
data/shared_subset/hybrid/pv/Tomato_leaf_yellow_virus/4c388165-8214-4adf-957c-feacb3b2001a___YLCV_GCREC 5448_final_masked.jpg,15
data/shared_subset/hybrid/pv/Tomato_leaf_yellow_virus/07aa5223-ed3c-48a9-83e7-bd76a110f941___UF.GRC_YLCV_Lab 03119_final_masked.jpg,15
data/shared_subset/hybrid/pv/Tomato_leaf_late_blight/9823fb17-3426-48be-a3de-ed8a3d742674___RS_Late.B 6320_final_masked.jpg,13
data/shared_subset/hybrid/pv/Tomato_leaf_yellow_virus/5caf439d-02d9-41c3-b34a-ac592efa9ff0___YLCV_NREC 2736_final_masked.jpg,15
data/shared_subset/hybrid/pv/Tomato_Septoria_leaf_spot/2ca0f649-659c-458d-aaed-d51529372633___Keller.St_CG 1888_final_masked.jpg,11
data/shared_subset/hybrid/pv/Potato_leaf_late_blight/6be49d30-1b69-435a-a533-21b2b1a7fd41___RS_LB 3309_final_masked.jpg,8
data/shared_subset/hybrid/pv/Bell_pepper_leaf/728ff40b-fbff-4910-b345-4c9a47d7a712___JR_HL 8759_final_masked.jpg,2
data/shared_subset/hybrid/pv/Corn_leaf_blight/6fd2d660-7294-4a2c-8626-27228b1c8b70___RS_NLB 3627_final_masked.jpg,5
data/shared_subset/hybrid/pv/Tomato_leaf_bacterial_spot/c977dd39-0fe7-4370-a7db-58c62b386f22___GCREC_Bact.Sp 6089_final_masked.jpg,12
data/shared_subset/hybrid/pv/Bell_pepper_leaf_spot/f76704b2-2ff0-4ef9-9f82-78ee5a5ad12c___NREC_B.Spot 1897_final_masked.jpg,3
data/shared_subset/hybrid/pv/Corn_leaf_blight/31a6d935-89b5-4feb-8fc6-44300ab3639e___RS_NLB 3640_final_masked.jpg,5
data/shared_subset/hybrid/pv/Corn_leaf_blight/180b911a-5c9f-4c76-972a-999e81d3b772___RS_NLB 3710_final_masked.jpg,5
data/shared_subset/hybrid/pv/Apple_Scab_Leaf/52d5723a-b498-4759-89a1-a7d815689716___FREC_Scab 3034_final_masked.jpg,0
data/shared_subset/hybrid/pv/Tomato_mold_leaf/9fb7c429-8238-4032-9a4e-e5ac25742f88___Crnl_L.Mold 6867_final_masked.jpg,16
data/shared_subset/hybrid/pv/Tomato_leaf_yellow_virus/8c89465d-6cb8-44a4-a537-645ecc8b0b4b___YLCV_NREC 0291_final_masked.jpg,15
data/shared_subset/hybrid/pv/grape_leaf_black_rot/7c074ced-f3b9-4fcb-81ae-7fea89fe30ca___FAM_B.Rot 0448_final_masked.jpg,17
data/shared_subset/hybrid/pv/Squash_Powdery_mildew_leaf/fb578aad-d755-486b-9233-f4bd312c48c8___MD_Powd.M 0691_final_masked.jpg,9
data/shared_subset/hybrid/pv/Potato_leaf_early_blight/99d75573-472e-4f57-ab82-b49b78853d03___RS_Early.B 7847_final_masked.jpg,7
data/shared_subset/hybrid/pv/Tomato_leaf_bacterial_spot/4f617600-4d99-4f96-98c6-27a08425dbda___GCREC_Bact.Sp 6251_final_masked.jpg,12
data/shared_subset/hybrid/pv/Tomato_leaf_yellow_virus/887aa630-362e-431a-83be-8abac44a76e9___UF.GRC_YLCV_Lab 03099_final_masked.jpg,15
data/shared_subset/hybrid/pv/Tomato_leaf_late_blight/5aac391c-87ed-44cd-84f0-a7bf235003fd___RS_Late.B 4842_final_masked.jpg,13
data/shared_subset/hybrid/pv/Potato_leaf_early_blight/f9461507-6875-43f7-800d-502ffdb8ec05___RS_Early.B 7604_final_masked.jpg,7
data/shared_subset/hybrid/pv/Bell_pepper_leaf_spot/2414f9df-91fd-4aed-b772-bd6b5311eb0b___JR_B.Spot 3141_final_masked.jpg,3
data/shared_subset/hybrid/pv/Tomato_leaf_yellow_virus/1413021e-6fcb-40e1-8802-0eb38f0c0593___YLCV_GCREC 5254_final_masked.jpg,15
data/shared_subset/hybrid/pv/Tomato_leaf_yellow_virus/895f3d8c-bdfc-4e66-acc0-ae0f3c18b395___YLCV_NREC 2355_final_masked.jpg,15
data/shared_subset/hybrid/pv/Tomato_leaf_bacterial_spot/970fcaf8-57a8-4219-810b-291ef0283e7a___UF.GRC_BS_Lab Leaf 9285_final_masked.jpg,12
data/shared_subset/hybrid/pv/Tomato_leaf_yellow_virus/828b86cf-eb9b-46cd-9912-92bae30623af___YLCV_GCREC 2929_final_masked.jpg,15
data/shared_subset/hybrid/pv/Squash_Powdery_mildew_leaf/af234cc7-6880-4597-a702-8ced1f8ff433___UMD_Powd.M 9734_final_masked.jpg,9
data/shared_subset/hybrid/pv/Apple_rust_leaf/24f68f21-8edb-49df-b0f1-d75ac66631fd___FREC_C.Rust 9937_final_masked.jpg,1
data/shared_subset/hybrid/pv/Tomato_leaf_bacterial_spot/d4b77bcd-b609-40db-964c-8515dabe74bf___GCREC_Bact.Sp 3670_final_masked.jpg,12
data/shared_subset/hybrid/pv/Tomato_leaf_yellow_virus/884c75d8-4cb8-40d3-9730-8ece772595a0___UF.GRC_YLCV_Lab 09537_final_masked.jpg,15
data/shared_subset/hybrid/pv/Tomato_leaf_yellow_virus/b431219b-0122-4e15-8dc9-5227e3ca3cbd___YLCV_NREC 2007_final_masked.jpg,15
data/shared_subset/hybrid/pv/Tomato_leaf_yellow_virus/e5bb19cb-cd08-4701-a439-4da0f0bb65c3___UF.GRC_YLCV_Lab 02741_final_masked.jpg,15
data/shared_subset/hybrid/pv/Tomato_leaf_late_blight/33b5c25b-ab14-4b22-a7f0-764b2070b2d7___GHLB2 Leaf 8670_final_masked.jpg,13
data/shared_subset/hybrid/pv/Tomato_leaf_bacterial_spot/bcc50c85-c7d1-4da7-a121-e15d028aef69___UF.GRC_BS_Lab Leaf 0295_final_masked.jpg,12
data/shared_subset/hybrid/pv/Corn_Gray_leaf_spot/bbea95f8-cc26-40b6-9436-228f70d605d7___RS_GLSp 7332_final_masked.jpg,4
data/shared_subset/hybrid/pv/Tomato_leaf_yellow_virus/66049e2e-1815-49c7-912a-f51a48a6054b___YLCV_NREC 2854_final_masked.jpg,15
data/shared_subset/hybrid/pv/Squash_Powdery_mildew_leaf/1054d080-3ffe-4abb-897a-78721c944ed9___UMD_Powd.M 0097_final_masked.jpg,9
data/shared_subset/hybrid/pv/Tomato_Early_blight_leaf/e87f8d6a-9728-4d12-b6b3-e07c77db939b___RS_Erly.B 9576_final_masked.jpg,10
data/shared_subset/hybrid/pv/Corn_rust_leaf/d3414c2d-e67e-4bcd-ab67-ba7ab10eac9e___RS_Rust 1903_final_masked.jpg,6
data/shared_subset/hybrid/pv/Bell_pepper_leaf_spot/ee7addf1-7941-463f-899e-3c38cafea9df___JR_B.Spot 9002_final_masked.jpg,3
data/shared_subset/hybrid/pv/Bell_pepper_leaf_spot/921dfe0f-cf58-4d48-a9c0-33eff76b7191___NREC_B.Spot 9100_final_masked.jpg,3
data/shared_subset/hybrid/pv/Tomato_leaf_yellow_virus/a2b4ad10-1d16-4d31-baeb-d26fd2a03dc2___YLCV_GCREC 2708_final_masked.jpg,15
data/shared_subset/hybrid/pv/grape_leaf_black_rot/4b0efd47-1736-40e8-844f-077a0cf12294___FAM_B.Rot 5104_final_masked.jpg,17
data/shared_subset/hybrid/pv/Apple_Scab_Leaf/c84037f0-a9ba-46fc-9e44-ca67914ae7d0___FREC_Scab 3171_final_masked.jpg,0
data/shared_subset/hybrid/pv/Tomato_leaf_late_blight/eed357a4-620c-42ef-b626-cb3b5026abca___GHLB2 Leaf 8970_final_masked.jpg,13
data/shared_subset/hybrid/pv/Tomato_leaf_yellow_virus/1a41e1f4-7dc9-4e17-a2b9-bd708abdeb96___UF.GRC_YLCV_Lab 08529_final_masked.jpg,15
data/shared_subset/hybrid/pv/Tomato_Septoria_leaf_spot/3e06fe16-f6e0-4681-8049-f362ee0aafba___Matt.S_CG 2505_final_masked.jpg,11
data/shared_subset/hybrid/pv/Potato_leaf_early_blight/2639ad26-c7e9-4bd6-8000-c002f676a4c6___RS_Early.B 7150_final_masked.jpg,7
data/shared_subset/hybrid/pv/Tomato_Early_blight_leaf/0db67be3-f733-4d15-b7d9-5d075b2cafc7___RS_Erly.B 6401_final_masked.jpg,10
data/shared_subset/hybrid/pv/Tomato_Early_blight_leaf/b868515e-a566-4b0b-9633-30203270943f___RS_Erly.B 9401_final_masked.jpg,10
data/shared_subset/hybrid/pv/Squash_Powdery_mildew_leaf/f6a1cf7e-4270-458a-bfd0-40a27a436c2e___MD_Powd.M 0735_final_masked.jpg,9
data/shared_subset/hybrid/pv/Tomato_leaf_yellow_virus/06998bad-c759-43e6-9de4-6f9e505ae918___UF.GRC_YLCV_Lab 01251_final_masked.jpg,15
data/shared_subset/hybrid/pv/Tomato_Early_blight_leaf/5adb20df-006b-4a5d-a1c4-c8284eee9e20___RS_Erly.B 9484_final_masked.jpg,10
data/shared_subset/hybrid/pv/Corn_leaf_blight/fa30c8e9-b74d-49a2-8611-c9b9098e21c3___RS_NLB 3507_final_masked.jpg,5
data/shared_subset/hybrid/pv/Tomato_Septoria_leaf_spot/81a9e9ba-423d-4fd1-b5ee-8bc655a01df7___JR_Sept.L.S 8483_final_masked.jpg,11
data/shared_subset/hybrid/pv/Tomato_leaf_bacterial_spot/b1ad1aff-89ac-47fb-ba0b-d88f1517a63f___UF.GRC_BS_Lab Leaf 8824_final_masked.jpg,12
data/shared_subset/hybrid/pv/Tomato_leaf_bacterial_spot/443242bf-ad63-440d-89bd-cb11c2fc1e51___UF.GRC_BS_Lab Leaf 0874_final_masked.jpg,12
data/shared_subset/hybrid/pv/Squash_Powdery_mildew_leaf/d115701a-9847-4414-884c-6d7a7fc7e671___UMD_Powd.M 0476_final_masked.jpg,9
data/shared_subset/hybrid/pv/Corn_leaf_blight/747fb09f-a7c2-4465-833f-537b32edd8ea___RS_NLB 4123_final_masked.jpg,5
data/shared_subset/hybrid/pv/grape_leaf_black_rot/23902df1-1c32-482d-8b4a-3fbda797ca73___FAM_B.Rot 3216_final_masked.jpg,17
data/shared_subset/hybrid/pv/Bell_pepper_leaf/f4052038-8f4b-48f2-9427-f69ade61ac7c___JR_HL 8456_final_masked.jpg,2
data/shared_subset/hybrid/pv/Apple_Scab_Leaf/20f4f8d1-7527-420b-a90d-e17b9e45549a___FREC_Scab 2997_final_masked.jpg,0
data/shared_subset/hybrid/pv/Tomato_Septoria_leaf_spot/ee30b8ea-8962-4f95-9ad6-9f0c11d31fd3___Matt.S_CG 2620_final_masked.jpg,11
data/shared_subset/hybrid/pv/Tomato_Early_blight_leaf/4d007f46-814a-4cec-93d4-0be4b32a9ed6___RS_Erly.B 6495_final_masked.jpg,10
data/shared_subset/hybrid/pv/Tomato_leaf_yellow_virus/0b29fe6c-b8da-4a5e-b94a-79b0b42fd905___UF.GRC_YLCV_Lab 01813_final_masked.jpg,15
data/shared_subset/hybrid/pv/Tomato_leaf_yellow_virus/dec94ce6-e4ce-4b07-a996-3fca2d87224c___YLCV_NREC 2038_final_masked.jpg,15
data/shared_subset/hybrid/pv/Tomato_leaf_yellow_virus/11e02c0b-902c-4d01-879f-5fb4b71d831d___UF.GRC_YLCV_Lab 03132_final_masked.jpg,15
data/shared_subset/hybrid/pv/Tomato_leaf_yellow_virus/e53f03f6-3398-4420-9e5c-216f25c03b99___YLCV_GCREC 2443_final_masked.jpg,15
data/shared_subset/hybrid/pv/Squash_Powdery_mildew_leaf/fe079f86-bf71-4c4e-9949-8b3b4455d3e2___MD_Powd.M 0884_final_masked.jpg,9
data/shared_subset/hybrid/pv/Corn_leaf_blight/2c2dd54a-38b2-4b9b-833a-52c5ed1ccede___RS_NLB 4050_final_masked.jpg,5
data/shared_subset/hybrid/pv/grape_leaf_black_rot/11ed8598-1b06-498a-ac27-7feda481e0b7___FAM_B.Rot 3593_final_masked.jpg,17
data/shared_subset/hybrid/pv/Tomato_leaf_bacterial_spot/d3388cc8-1d28-4d94-9784-d441f05fcccb___GCREC_Bact.Sp 3351_final_masked.jpg,12
data/shared_subset/hybrid/pv/Potato_leaf_late_blight/8a70b737-9270-49ca-9fd2-e6468592c393___RS_LB 2978_final_masked.jpg,8
data/shared_subset/hybrid/pv/Bell_pepper_leaf/bb4b37a6-9666-4a7d-ac49-99bb785d2dc0___JR_HL 7566_final_masked.jpg,2
data/shared_subset/hybrid/pv/Tomato_leaf_yellow_virus/dd9ce866-cec0-4aaa-8ee2-70cd4a623f95___YLCV_GCREC 5403_final_masked.jpg,15
data/shared_subset/hybrid/pv/Tomato_leaf_bacterial_spot/2c0d4b4f-d53f-4acc-bc40-ae766236b526___UF.GRC_BS_Lab Leaf 9298_final_masked.jpg,12
data/shared_subset/hybrid/pv/Potato_leaf_early_blight/d6ffc732-27cc-4391-9820-be9d386fb245___RS_Early.B 7032_final_masked.jpg,7
data/shared_subset/hybrid/pv/Squash_Powdery_mildew_leaf/973de90c-90d7-4c74-9f65-36ba4a14befd___MD_Powd.M 0081_final_masked.jpg,9
data/shared_subset/hybrid/pv/Corn_leaf_blight/24074ddc-4302-4dab-9cd4-c34e3f071dc8___RS_NLB 3836_final_masked.jpg,5
data/shared_subset/hybrid/pv/Corn_rust_leaf/ca8de3a5-62e3-406a-a54e-60e4e2b84b31___RS_Rust 2688_final_masked.jpg,6
data/shared_subset/hybrid/pv/Tomato_Early_blight_leaf/1c9e0f1a-7314-449c-9482-9059684ac82d___RS_Erly.B 7840_final_masked.jpg,10
data/shared_subset/hybrid/pv/Corn_Gray_leaf_spot/ff619f22-b7a3-422f-a410-6c7b244738f2___RS_GLSp 4615_final_masked.jpg,4
data/shared_subset/hybrid/pv/Bell_pepper_leaf_spot/14fa67ae-6059-40e9-9eca-2c5000c1d9cd___NREC_B.Spot 9225_final_masked.jpg,3
data/shared_subset/hybrid/pv/Tomato_mold_leaf/fe0bcd7f-a7de-4155-95a5-79043190eef7___Crnl_L.Mold 7030_final_masked.jpg,16
data/shared_subset/hybrid/pv/Corn_leaf_blight/f301b26e-ec9c-4d03-94fa-28a2a8fe617a___RS_NLB 4254_final_masked.jpg,5
data/shared_subset/hybrid/pv/Tomato_Septoria_leaf_spot/253ddc99-8132-4710-bb89-eb83ab271abc___Matt.S_CG 0698_final_masked.jpg,11
data/shared_subset/hybrid/pv/Tomato_leaf_yellow_virus/1d71aaf7-0c50-4668-818f-1481a1c367cd___YLCV_GCREC 2857_final_masked.jpg,15
data/shared_subset/hybrid/pv/Tomato_leaf_yellow_virus/87f071a9-9857-437e-8eb3-b699eb945ad3___UF.GRC_YLCV_Lab 09406_final_masked.jpg,15
data/shared_subset/hybrid/pv/Tomato_leaf_bacterial_spot/d9abd611-5a0a-4d54-8c73-8df2c7f909d2___GCREC_Bact.Sp 5815_final_masked.jpg,12
data/shared_subset/hybrid/pv/Tomato_leaf_yellow_virus/7a008045-3df4-4558-bcc3-5cab89831490___UF.GRC_YLCV_Lab 02847_final_masked.jpg,15
data/shared_subset/hybrid/pv/Tomato_Early_blight_leaf/af454559-8f93-4b2d-b961-80bafe6bf43b___RS_Erly.B 8367_final_masked.jpg,10
data/shared_subset/hybrid/pv/Squash_Powdery_mildew_leaf/8c6ae0c2-970d-4991-b823-77b4141cc109___MD_Powd.M 0597_final_masked.jpg,9
data/shared_subset/hybrid/pv/Bell_pepper_leaf/87483ac6-8115-4d93-82ad-fbcaeca4a688___JR_HL 8211_final_masked.jpg,2
data/shared_subset/hybrid/pv/Tomato_leaf_yellow_virus/9ecd884d-9394-4676-88d9-18f17f046361___YLCV_GCREC 2413_final_masked.jpg,15
data/shared_subset/hybrid/pv/Bell_pepper_leaf_spot/d563f31e-4aec-4c53-baaa-ab3a3faa2a89___JR_B.Spot 3356_final_masked.jpg,3
data/shared_subset/hybrid/pv/Corn_leaf_blight/0ea6082b-93ed-4823-a7c5-acd907695d6f___RS_NLB 4080_final_masked.jpg,5
data/shared_subset/hybrid/pv/Tomato_leaf_mosaic_virus/860780b3-9c8b-4f90-9010-ac255e953784___PSU_CG 2150_final_masked.jpg,14
data/shared_subset/hybrid/pv/Bell_pepper_leaf_spot/2ca511f9-951d-4f34-89af-25fd1a609584___NREC_B.Spot 9138_final_masked.jpg,3
data/shared_subset/hybrid/pv/Tomato_leaf_yellow_virus/9e09f7f7-a62d-4c5a-9adb-62b1811ca244___UF.GRC_YLCV_Lab 03053_final_masked.jpg,15
data/shared_subset/hybrid/pv/Tomato_leaf_late_blight/517a9ea3-3465-4855-997e-dde30e566ab3___GHLB_PS Leaf 15 Day 7_final_masked.jpg,13
data/shared_subset/hybrid/pv/Squash_Powdery_mildew_leaf/389a1c82-f76a-4876-8a39-4b60b5d1226d___MD_Powd.M 1013_final_masked.jpg,9
data/shared_subset/hybrid/pv/grape_leaf_black_rot/226d7916-5a55-4593-b85f-1e53235b04d2___FAM_B.Rot 3099_final_masked.jpg,17
data/shared_subset/hybrid/pv/Tomato_Septoria_leaf_spot/b029df2d-8ca4-40e4-98d3-72432599d4a2___Matt.S_CG 6306_final_masked.jpg,11
data/shared_subset/hybrid/pv/Potato_leaf_early_blight/08194ca3-f0b2-4aaa-8df8-5ec5ddc6696a___RS_Early.B 8151_final_masked.jpg,7
data/shared_subset/hybrid/pv/Corn_rust_leaf/42659a9a-eebd-4f90-993c-f27c7434324f___RS_Rust 2193_final_masked.jpg,6
data/shared_subset/hybrid/pv/Tomato_leaf_yellow_virus/ecc451eb-0098-4bc7-be09-81cc604eb984___YLCV_NREC 2504_final_masked.jpg,15
data/shared_subset/hybrid/pv/Potato_leaf_early_blight/b8578828-0e34-4511-9739-9ef0170774b2___RS_Early.B 7416_final_masked.jpg,7
data/shared_subset/hybrid/pv/Corn_rust_leaf/989e75b2-22c6-47d1-9385-dd2e7b4f1bed___RS_Rust 2698_final_masked.jpg,6
data/shared_subset/hybrid/pv/Tomato_Septoria_leaf_spot/b0db8ed2-d2eb-421a-8159-234f88e0aaa9___Matt.S_CG 7860_final_masked.jpg,11
data/shared_subset/hybrid/pv/Bell_pepper_leaf/664d7802-d1ee-4095-ac6a-61bd3e2f1c13___JR_HL 8666_final_masked.jpg,2
data/shared_subset/hybrid/pv/Corn_rust_leaf/43bda603-e9f7-464e-952d-db5c387a5af1___RS_Rust 1632_final_masked.jpg,6
data/shared_subset/hybrid/pv/Tomato_leaf_yellow_virus/bae705f0-d149-474c-b6ee-f7d026dd0e5e___YLCV_NREC 2230_final_masked.jpg,15
data/shared_subset/hybrid/pv/Tomato_leaf_bacterial_spot/513411b7-3388-4d3f-b1d2-6fe67b11a5ec___GCREC_Bact.Sp 5814_final_masked.jpg,12
data/shared_subset/hybrid/pv/Potato_leaf_early_blight/d472b6e3-a00c-4b4e-b13a-cdababff9d24___RS_Early.B 7699_final_masked.jpg,7
data/shared_subset/hybrid/pv/Tomato_leaf_yellow_virus/a5cbac4c-3a63-4719-9506-9a5a6effc14f___UF.GRC_YLCV_Lab 01828_final_masked.jpg,15
data/shared_subset/hybrid/pv/Corn_leaf_blight/008d9af0-7568-4a67-bb1a-0e915836ddc0___RS_NLB 4165 copy 2_final_masked.jpg,5
data/shared_subset/hybrid/pv/Corn_Gray_leaf_spot/6bb782e3-5856-40e5-9f52-e0f5a0bf51cb___RS_GLSp 4646_final_masked.jpg,4
data/shared_subset/hybrid/pv/Bell_pepper_leaf/f3cb1c60-4aae-4f2d-ae59-6654296a969b___JR_HL 8399_final_masked.jpg,2
data/shared_subset/hybrid/pv/Tomato_mold_leaf/9bc3f5d2-a34c-45b1-9c8e-970c6c0e688b___Crnl_L.Mold 8971_final_masked.jpg,16
data/shared_subset/hybrid/pv/Tomato_Septoria_leaf_spot/11a34cf0-d80f-420e-8234-5d0e7295ca5d___Matt.S_CG 2691_final_masked.jpg,11
data/shared_subset/hybrid/pv/Corn_leaf_blight/6d307b49-1d24-48da-88ba-51d4753aed3f___RS_NLB 3988_final_masked.jpg,5
data/shared_subset/hybrid/pv/Tomato_leaf_late_blight/17948fd9-d37a-4324-b0e1-0b03701682f0___GHLB2 Leaf 8746_final_masked.jpg,13
data/shared_subset/hybrid/pv/grape_leaf_black_rot/dc6779a0-61e0-4821-901a-ac0e73b12288___FAM_B.Rot 3291_final_masked.jpg,17
data/shared_subset/hybrid/pv/grape_leaf_black_rot/04e6bfe5-ccc3-4888-87bb-780035a243e1___FAM_B.Rot 0577_final_masked.jpg,17
data/shared_subset/hybrid/pv/Corn_Gray_leaf_spot/2a2ad0a4-9f19-4366-88d3-c1c87ffc9f90___RS_GLSp 4385_final_masked.jpg,4
data/shared_subset/hybrid/pv/Apple_Scab_Leaf/c4e2b47d-d3c9-418e-9e60-78cead67c5d7___FREC_Scab 2928_final_masked.jpg,0
data/shared_subset/hybrid/pv/Corn_leaf_blight/2992f778-be2a-49f0-8319-0a82c7422d0a___RS_NLB 3775_final_masked.jpg,5
data/shared_subset/hybrid/pv/Tomato_leaf_yellow_virus/09320877-b96e-46ea-b1d3-6f915d60180f___UF.GRC_YLCV_Lab 02550_final_masked.jpg,15
data/shared_subset/hybrid/pv/Apple_Scab_Leaf/376aaef3-8649-43aa-89f8-166bd349a3d3___FREC_Scab 3064_final_masked.jpg,0
data/shared_subset/hybrid/pv/Tomato_leaf_bacterial_spot/bea776af-8c63-4376-a7f2-7cbd0e15e743___GCREC_Bact.Sp 3631_final_masked.jpg,12
data/shared_subset/hybrid/pv/Tomato_mold_leaf/446be8f2-d462-40f6-87db-ed63fffedb0d___Crnl_L.Mold 9176_final_masked.jpg,16
data/shared_subset/hybrid/pv/Tomato_Septoria_leaf_spot/bfea5a30-8ece-4c04-b437-ca17fe9fab95___JR_Sept.L.S 2481_final_masked.jpg,11
data/shared_subset/hybrid/pv/Potato_leaf_late_blight/19393f68-e96c-4c93-b4d1-39e1c54e53b1___RS_LB 4051_final_masked.jpg,8
data/shared_subset/hybrid/pv/Squash_Powdery_mildew_leaf/29603b9a-79fc-4cb4-814c-fe9db0fc3973___UMD_Powd.M 0126_final_masked.jpg,9
data/shared_subset/hybrid/pv/grape_leaf_black_rot/ddb68cbe-d031-4adc-b7d3-04cc6fcbd042___FAM_B.Rot 5076_final_masked.jpg,17
data/shared_subset/hybrid/pv/Tomato_leaf_yellow_virus/65801388-466c-42f5-b517-5c4a170b8f43___UF.GRC_YLCV_Lab 02428_final_masked.jpg,15
data/shared_subset/hybrid/pv/grape_leaf_black_rot/fab089b2-764f-4ac9-9e90-bfce48d92431___FAM_B.Rot 0526_final_masked.jpg,17
data/shared_subset/hybrid/pv/Tomato_mold_leaf/f61fcad0-2f24-461e-9dc7-4908d950f397___Crnl_L.Mold 8860_final_masked.jpg,16
data/shared_subset/hybrid/pv/Potato_leaf_late_blight/3362decd-b0d5-4cc6-81f8-3c051a285875___RS_LB 4109_final_masked.jpg,8
data/shared_subset/hybrid/pv/Squash_Powdery_mildew_leaf/69bd8ff7-6a82-4cc1-972d-986123bf517a___MD_Powd.M 0745_final_masked.jpg,9
data/shared_subset/hybrid/pv/Tomato_leaf_yellow_virus/13af4744-9e18-4571-a288-4ebd8fa1a7be___UF.GRC_YLCV_Lab 08585_final_masked.jpg,15
data/shared_subset/hybrid/pv/Tomato_leaf_bacterial_spot/68dd8df7-2968-4374-9f9c-18914b1ee352___GCREC_Bact.Sp 3783_final_masked.jpg,12
data/shared_subset/hybrid/pv/Tomato_leaf_bacterial_spot/16467af5-6cd6-47c8-b3bc-405dc68a462d___GCREC_Bact.Sp 3258_final_masked.jpg,12
data/shared_subset/hybrid/pv/Tomato_leaf_yellow_virus/db792eb1-6112-49ff-992d-16e5f5b906dc___YLCV_NREC 2114_final_masked.jpg,15
data/shared_subset/hybrid/pv/Tomato_leaf_yellow_virus/83bb32e9-e353-413c-962d-0f20eba56dff___YLCV_NREC 2443_final_masked.jpg,15
data/shared_subset/hybrid/pv/Squash_Powdery_mildew_leaf/c30ccd60-28f5-4a34-9a06-1bdd7a7475e1___UMD_Powd.M 9782_final_masked.jpg,9
data/shared_subset/hybrid/pv/Tomato_mold_leaf/6e33ee8d-616a-47f2-8229-d4375c47346c___Crnl_L.Mold 8795_final_masked.jpg,16
data/shared_subset/hybrid/pv/Tomato_leaf_late_blight/91b7baba-9b15-4f24-9db7-86ca95ac884c___GHLB2 Leaf 9087_final_masked.jpg,13
data/shared_subset/hybrid/pv/Tomato_Septoria_leaf_spot/0b36c5a2-6c9f-40d9-af4b-d4b0e66997da___Matt.S_CG 6653_final_masked.jpg,11
data/shared_subset/hybrid/pv/Tomato_leaf_bacterial_spot/d34ab0c8-700c-4c3d-8d30-7b52ea715bc7___GCREC_Bact.Sp 6122_final_masked.jpg,12
data/shared_subset/hybrid/pv/Squash_Powdery_mildew_leaf/c800df12-8f1d-448c-b297-724d55e35fd2___MD_Powd.M 0105_final_masked.jpg,9
data/shared_subset/hybrid/pv/Corn_leaf_blight/2afecd32-d0a3-44d2-b7fb-daa25989701a___RS_NLB 3524_final_masked.jpg,5
data/shared_subset/hybrid/pv/Squash_Powdery_mildew_leaf/6dd1ab5f-c167-4215-bd2e-246a05c36632___UMD_Powd.M 9926_final_masked.jpg,9
data/shared_subset/hybrid/pv/Tomato_leaf_yellow_virus/6560c10b-f7ec-4cb0-9d57-8912e3c64c02___YLCV_GCREC 2725_final_masked.jpg,15
data/shared_subset/hybrid/pv/Tomato_Early_blight_leaf/bfbf7eb4-8a12-4595-96f7-dcec497d3917___RS_Erly.B 7682_final_masked.jpg,10
data/shared_subset/hybrid/pv/Tomato_leaf_bacterial_spot/93725854-5d37-48e9-872d-64c38f0462b1___UF.GRC_BS_Lab Leaf 0940_final_masked.jpg,12
data/shared_subset/hybrid/pv/Corn_rust_leaf/a59466be-2e73-4bca-bbbf-993b96623455___RS_Rust 1876_final_masked.jpg,6
data/shared_subset/hybrid/pv/Tomato_leaf_yellow_virus/5b002ec9-56a4-4e6a-bdf5-0cc2ea23e4c7___UF.GRC_YLCV_Lab 02728_final_masked.jpg,15
data/shared_subset/hybrid/pv/Tomato_leaf_yellow_virus/8e44ace3-4d6c-4e87-a81c-6c00c3a9fb79___YLCV_GCREC 1906_final_masked.jpg,15
data/shared_subset/hybrid/pv/Tomato_leaf_mosaic_virus/dccceb76-131a-4ce3-a864-5e46cf863c09___PSU_CG 2336_final_masked.jpg,14
data/shared_subset/hybrid/pv/Tomato_leaf_yellow_virus/1aad6939-57e8-47e3-8951-10a3556c4941___UF.GRC_YLCV_Lab 08453_final_masked.jpg,15
data/shared_subset/hybrid/pv/Corn_rust_leaf/1f082e68-2c9e-4338-88c0-8c5e002e7bd2___RS_Rust 2105_final_masked.jpg,6
data/shared_subset/hybrid/pv/Tomato_leaf_bacterial_spot/be344c1c-8799-4065-bd7a-d94dd7873520___GCREC_Bact.Sp 6214_final_masked.jpg,12
data/shared_subset/hybrid/pv/Tomato_mold_leaf/4459390d-64ca-42d2-977b-afb0ed667701___Crnl_L.Mold 6714_final_masked.jpg,16
data/shared_subset/hybrid/pv/Apple_Scab_Leaf/6a006aa9-a9f2-4269-9fd9-7a879f01faf1___FREC_Scab 3117_final_masked.jpg,0
data/shared_subset/hybrid/pv/Squash_Powdery_mildew_leaf/e892f8cf-dec8-4465-932b-de05c66f7d82___UMD_Powd.M 9982_final_masked.jpg,9
data/shared_subset/hybrid/pv/Tomato_leaf_late_blight/b17fad17-1d16-4a55-9b4e-d1a35ddbb611___GHLB2 Leaf 8933_final_masked.jpg,13
data/shared_subset/hybrid/pv/Tomato_leaf_yellow_virus/ca760ff6-395c-47ed-b024-2d352856c281___YLCV_NREC 2004_final_masked.jpg,15
data/shared_subset/hybrid/pv/Tomato_mold_leaf/0443d006-9d75-4d46-9312-941f21e3791d___Crnl_L.Mold 9139_final_masked.jpg,16
data/shared_subset/hybrid/pv/Tomato_leaf_bacterial_spot/6d0dd572-9911-4c87-8493-7dde760c19bf___GCREC_Bact.Sp 3055_final_masked.jpg,12
data/shared_subset/hybrid/pv/Tomato_Septoria_leaf_spot/cee2bd4d-a256-46c7-98bf-1a9a19176a4c___Matt.S_CG 7749_final_masked.jpg,11
data/shared_subset/hybrid/pv/Tomato_leaf_bacterial_spot/606ad875-f0db-4725-8b4d-d046b6a1405f___GCREC_Bact.Sp 6228_final_masked.jpg,12
data/shared_subset/hybrid/pv/Tomato_mold_leaf/1d25cb12-499f-453f-9a62-dbc3fd20b220___Crnl_L.Mold 7061_final_masked.jpg,16
data/shared_subset/hybrid/pv/Bell_pepper_leaf_spot/f896c5eb-0ec3-4480-bddc-10977b344277___NREC_B.Spot 1932_final_masked.jpg,3
data/shared_subset/hybrid/pv/Tomato_leaf_bacterial_spot/45e47cab-d129-497f-ba97-ab2a2ed62f5c___GCREC_Bact.Sp 2948_final_masked.jpg,12
data/shared_subset/hybrid/pv/Tomato_mold_leaf/fd2cc427-8f4c-4551-96db-bd5d53974039___Crnl_L.Mold 6684_final_masked.jpg,16
data/shared_subset/hybrid/pv/Tomato_Septoria_leaf_spot/ea58163c-f3f2-463f-8ef5-03b347fb2e79___JR_Sept.L.S 2605_final_masked.jpg,11
data/shared_subset/hybrid/pv/Tomato_Septoria_leaf_spot/c26046cf-9799-43a0-b938-226cec847261___JR_Sept.L.S 2627_final_masked.jpg,11
data/shared_subset/hybrid/pv/Corn_rust_leaf/a5e3d880-977a-44d3-be2a-6e23a1d0a595___RS_Rust 2045_final_masked.jpg,6
data/shared_subset/hybrid/pv/Bell_pepper_leaf/d0b2d824-78a1-4ddc-985e-f8d2077955d3___JR_HL 7785_final_masked.jpg,2
data/shared_subset/hybrid/pv/Potato_leaf_late_blight/68decf28-de55-477f-9435-56cda245a7ca___RS_LB 3195_final_masked.jpg,8
data/shared_subset/hybrid/pv/Squash_Powdery_mildew_leaf/d18e959e-8cbe-4813-a4c4-1a13f49fdd41___MD_Powd.M 0662_final_masked.jpg,9
data/shared_subset/hybrid/pv/Tomato_Septoria_leaf_spot/f5914b3e-63c9-45bb-8c7c-e9919ee09018___Matt.S_CG 0738_final_masked.jpg,11
data/shared_subset/hybrid/pv/Tomato_leaf_yellow_virus/255d2f78-a202-4eb2-ac22-c378543879c8___UF.GRC_YLCV_Lab 03375_final_masked.jpg,15
data/shared_subset/hybrid/pv/Tomato_leaf_yellow_virus/dd46a8ac-8b6d-47cd-b52f-064ac08730b8___YLCV_GCREC 2416_final_masked.jpg,15
data/shared_subset/hybrid/pv/Tomato_leaf_yellow_virus/81527bb1-3a29-4810-b701-ad6e987ec3cc___YLCV_GCREC 2495_final_masked.jpg,15
data/shared_subset/hybrid/pv/Tomato_leaf_late_blight/fc4eb42f-062f-4840-80f5-3244866a1e3a___GHLB2 Leaf 125.2_final_masked.jpg,13
data/shared_subset/hybrid/pv/Squash_Powdery_mildew_leaf/599ac134-8a46-463b-b3c3-cff143b5873c___MD_Powd.M 0454_final_masked.jpg,9
data/shared_subset/hybrid/pv/Tomato_leaf_bacterial_spot/1664fff5-8d2e-4615-a448-2dd093c0df82___GCREC_Bact.Sp 3290_final_masked.jpg,12
data/shared_subset/hybrid/pv/Tomato_leaf_yellow_virus/f501d784-4658-434e-87f4-44496a07054e___YLCV_GCREC 5205_final_masked.jpg,15
data/shared_subset/hybrid/pv/Tomato_Septoria_leaf_spot/75766b07-f03c-4c54-bd34-05fecb240dbf___Matt.S_CG 7466_final_masked.jpg,11
data/shared_subset/hybrid/pv/Squash_Powdery_mildew_leaf/2b46f95e-4b4a-4d2d-a7a6-ebf630bf72af___MD_Powd.M 0824_final_masked.jpg,9
data/shared_subset/hybrid/pv/Corn_rust_leaf/b59df6dd-124f-41db-9faf-0f0a7ec34901___RS_Rust 1846_final_masked.jpg,6
data/shared_subset/hybrid/pv/Tomato_leaf_yellow_virus/f6ecf360-6917-4478-895a-84eb384033cb___YLCV_GCREC 5427_final_masked.jpg,15
data/shared_subset/hybrid/pv/Tomato_leaf_late_blight/b7c56bb2-80c1-4ffb-9be5-f8bf669ce6d8___GHLB2 Leaf 9025_final_masked.jpg,13
data/shared_subset/hybrid/pv/Corn_leaf_blight/13bd65f1-fbdc-4863-9550-51a1bdb4afe7___RS_NLB 3707_final_masked.jpg,5
data/shared_subset/hybrid/pv/Tomato_leaf_yellow_virus/91da8dcd-3174-4d9b-b09e-8ded9538fe66___YLCV_NREC 2418_final_masked.jpg,15
data/shared_subset/hybrid/pv/Tomato_leaf_yellow_virus/fd938a14-8caa-4dbd-ba77-e66c6b02c6f8___YLCV_GCREC 2675_final_masked.jpg,15
data/shared_subset/hybrid/pv/grape_leaf_black_rot/9032af33-e986-4152-9ec3-2aafef4a603f___FAM_B.Rot 0709_final_masked.jpg,17
data/shared_subset/hybrid/pv/Tomato_leaf_yellow_virus/074c64b5-426e-400b-9895-4f23794880b7___YLCV_NREC 2734_final_masked.jpg,15
data/shared_subset/hybrid/pv/Corn_rust_leaf/b864ee2b-ac6a-4cf9-a5ba-845d9ef3a403___RS_Rust 2460_final_masked.jpg,6
data/shared_subset/hybrid/pv/Corn_Gray_leaf_spot/ef8386a2-a2ca-4571-8880-5eaf3c073725___RS_GLSp 4641_final_masked.jpg,4
data/shared_subset/hybrid/pv/Tomato_leaf_yellow_virus/35b7e85b-a3b2-4e34-96a1-cd9fd35e6c39___YLCV_NREC 2831_final_masked.jpg,15
data/shared_subset/hybrid/pv/Squash_Powdery_mildew_leaf/e58255b5-f214-4462-a220-24968499fb14___UMD_Powd.M 0227_final_masked.jpg,9
data/shared_subset/hybrid/pv/Tomato_leaf_yellow_virus/10aba768-43c6-475c-ac57-24c191ff7835___YLCV_GCREC 2588_final_masked.jpg,15
data/shared_subset/hybrid/pv/Bell_pepper_leaf/46b55f82-ee0c-4db8-98da-710f0423c1b9___JR_HL 8389_final_masked.jpg,2
data/shared_subset/hybrid/pv/Bell_pepper_leaf/ded136b7-be9e-4aad-9150-5318d6002a59___JR_HL 5856_final_masked.jpg,2
data/shared_subset/hybrid/pv/Tomato_leaf_late_blight/33056b9e-f204-4e90-8525-2ebfad803b5c___RS_Late.B 5388_final_masked.jpg,13
data/shared_subset/hybrid/pv/Tomato_mold_leaf/db35e8bc-5879-436e-82a1-e1e0e0f9b19c___Crnl_L.Mold 7044_final_masked.jpg,16
data/shared_subset/hybrid/pv/Corn_rust_leaf/28c2f781-472a-4864-ad9f-de6f3681554a___RS_Rust 2316_final_masked.jpg,6
data/shared_subset/hybrid/pv/Squash_Powdery_mildew_leaf/4ab9fcc4-aaf5-4b6c-bd2a-424fa0fac3a3___MD_Powd.M 0289_final_masked.jpg,9
data/shared_subset/hybrid/pv/Tomato_Early_blight_leaf/a138ec63-9d5e-4c6d-97d6-da0159c93c0a___RS_Erly.B 7744_final_masked.jpg,10
data/shared_subset/hybrid/pv/Tomato_leaf_late_blight/86a7b7d2-8783-4622-84d7-a4a420ee10ba___RS_Late.B 6546_final_masked.jpg,13
data/shared_subset/hybrid/pv/Tomato_leaf_bacterial_spot/d903df67-fe54-4892-be62-1db1a8bbe6d2___GCREC_Bact.Sp 5942_final_masked.jpg,12
data/shared_subset/hybrid/pv/Tomato_leaf_yellow_virus/3f2be9e5-4587-4559-8b49-7cad446c4d98___YLCV_GCREC 2733_final_masked.jpg,15
data/shared_subset/hybrid/pv/Tomato_leaf_yellow_virus/3012aeae-f084-4480-8c14-b03a8c01d28a___YLCV_NREC 2597_final_masked.jpg,15
data/shared_subset/hybrid/pv/Tomato_leaf_yellow_virus/1436f541-7f24-446a-a044-272f5094d011___UF.GRC_YLCV_Lab 01693_final_masked.jpg,15
data/shared_subset/hybrid/pv/Tomato_leaf_bacterial_spot/edcbb73e-46f6-4798-bcdd-7c4477b6b9cf___GCREC_Bact.Sp 3214_final_masked.jpg,12
data/shared_subset/hybrid/pv/Tomato_leaf_yellow_virus/0ec3e86a-8c2a-4f66-9c29-ee995dc88a7e___UF.GRC_YLCV_Lab 02980_final_masked.jpg,15
data/shared_subset/hybrid/pv/Tomato_Early_blight_leaf/3198b703-d5d5-46e9-9b8f-399d5531b5c4___RS_Erly.B 8364_final_masked.jpg,10
data/shared_subset/hybrid/pv/Tomato_leaf_yellow_virus/60771ea8-e60e-407b-98cc-885e6c7e78b5___YLCV_NREC 2778_final_masked.jpg,15
data/shared_subset/hybrid/pv/Tomato_leaf_yellow_virus/7b1d24af-cc7c-4883-afcf-6f0d46254281___YLCV_GCREC 5469_final_masked.jpg,15
data/shared_subset/hybrid/pv/Corn_rust_leaf/2bc398f4-12bf-4b62-9088-ee40851fc04c___RS_Rust 1651_final_masked.jpg,6
data/shared_subset/hybrid/pv/Tomato_leaf_yellow_virus/369ced5b-20e4-4c91-b54e-cff2c3056be6___YLCV_NREC 2739_final_masked.jpg,15
data/shared_subset/hybrid/pv/Apple_rust_leaf/1a69060b-e45e-4d95-881c-f6d1960dffcd___FREC_C.Rust 0065_final_masked.jpg,1
data/shared_subset/hybrid/pv/Tomato_leaf_yellow_virus/e1a2aec6-13c2-42c3-9725-458564cf14eb___YLCV_GCREC 2839_final_masked.jpg,15
data/shared_subset/hybrid/pv/Tomato_Septoria_leaf_spot/e94aaf1a-0c1b-4020-87f0-93c74f929f1c___JR_Sept.L.S 8496_final_masked.jpg,11
data/shared_subset/hybrid/pv/Bell_pepper_leaf_spot/e67a8a4a-e383-4eee-95e8-22443071ed6d___JR_B.Spot 9057_final_masked.jpg,3
data/shared_subset/hybrid/pv/Tomato_leaf_bacterial_spot/75348d38-1c41-4798-89c9-b99660d937ef___GCREC_Bact.Sp 5602_final_masked.jpg,12
data/shared_subset/hybrid/pv/Squash_Powdery_mildew_leaf/c408b863-3d68-4f42-9fc3-19dd3c0d4cd1___UMD_Powd.M 0214_final_masked.jpg,9
data/shared_subset/hybrid/pv/Tomato_mold_leaf/76e5026d-dc54-4129-8250-573317cc91da___Crnl_L.Mold 6700_final_masked.jpg,16
data/shared_subset/hybrid/pv/Tomato_leaf_late_blight/3e7acc8a-73b1-4c21-bc67-bb6e65c4d373___GHLB Leaf 8.1 Day 12_final_masked.jpg,13
data/shared_subset/hybrid/pv/Squash_Powdery_mildew_leaf/39f17979-4c1a-4d08-983a-d8f1feb48ec3___UMD_Powd.M 0298_final_masked.jpg,9
data/shared_subset/hybrid/pv/Tomato_leaf_mosaic_virus/897f830b-569c-46e0-8c27-1b82504ae77f___PSU_CG 2113_final_masked.jpg,14
data/shared_subset/hybrid/pv/Tomato_Septoria_leaf_spot/bcb7e120-e71a-4fd2-9e89-91631c0b5dcd___Keller.St_CG 2044_final_masked.jpg,11
data/shared_subset/hybrid/pv/Tomato_leaf_bacterial_spot/f04fd2e9-8aef-423f-8c47-42e179092bad___GCREC_Bact.Sp 3679_final_masked.jpg,12
data/shared_subset/hybrid/pv/Tomato_leaf_yellow_virus/e14de8d0-dea6-4d96-b9f3-6b0355ef106b___UF.GRC_YLCV_Lab 01743_final_masked.jpg,15
data/shared_subset/hybrid/pv/Tomato_Septoria_leaf_spot/51357363-ec5f-4e60-a8ad-43911cd15c16___Matt.S_CG 7854_final_masked.jpg,11
data/shared_subset/hybrid/pv/Tomato_leaf_yellow_virus/3f285722-1db3-4c78-9181-fe63b31e4268___UF.GRC_YLCV_Lab 09401_final_masked.jpg,15
data/shared_subset/hybrid/pv/Corn_rust_leaf/53855ae1-aa24-416d-bb62-987af335e844___RS_Rust 2037_final_masked.jpg,6
data/shared_subset/hybrid/pv/Tomato_leaf_bacterial_spot/bba175d5-0107-4ea9-b485-00d169678afd___GCREC_Bact.Sp 6380_final_masked.jpg,12
data/shared_subset/hybrid/pv/grape_leaf_black_rot/2967ce16-10d0-4a61-90af-4d5092c1538e___FAM_B.Rot 3054_final_masked.jpg,17
data/shared_subset/hybrid/pv/Tomato_leaf_late_blight/d2619e9f-172d-4c42-8513-0ab522c02824___GHLB Leaf 2.2 Day 16_final_masked.jpg,13
data/shared_subset/hybrid/pv/Squash_Powdery_mildew_leaf/16dc263d-b3db-4fca-8792-4db94ff31e41___UMD_Powd.M 0701_final_masked.jpg,9
data/shared_subset/hybrid/pv/grape_leaf_black_rot/fac73f65-5442-4cf7-b1cf-eaabf4704758___FAM_B.Rot 0724_final_masked.jpg,17
data/shared_subset/hybrid/pv/Potato_leaf_late_blight/ad2396a9-306e-4ca9-88dc-56b2bde77c6b___RS_LB 2755_final_masked.jpg,8
data/shared_subset/hybrid/pv/Tomato_leaf_bacterial_spot/c882b8ca-8b93-44c2-812b-48e811268cc4___GCREC_Bact.Sp 3797_final_masked.jpg,12
data/shared_subset/hybrid/pv/Potato_leaf_late_blight/7a4371b2-72c6-414e-b73e-6e4b4adab72f___RS_LB 3289_final_masked.jpg,8
data/shared_subset/hybrid/pv/Potato_leaf_early_blight/b817817e-a6b1-4123-88e7-db98b453ce17___RS_Early.B 6880_final_masked.jpg,7
data/shared_subset/hybrid/pv/Tomato_leaf_bacterial_spot/e601dd19-754a-4db4-926b-5e71609f628e___GCREC_Bact.Sp 3342_final_masked.jpg,12
data/shared_subset/hybrid/pv/Tomato_Septoria_leaf_spot/5b1c13ef-e560-4479-869c-8d52ac4cf559___JR_Sept.L.S 2517_final_masked.jpg,11
data/shared_subset/hybrid/pv/grape_leaf_black_rot/e2f61cc3-1dec-4ac4-a33f-e4c52d4f7fa2___FAM_B.Rot 3540_final_masked.jpg,17
data/shared_subset/hybrid/pv/Tomato_leaf_yellow_virus/0d173b50-c743-4422-99d1-48a0069518db___UF.GRC_YLCV_Lab 03204_final_masked.jpg,15
data/shared_subset/hybrid/pv/Tomato_Septoria_leaf_spot/09332ad5-89d0-4ce9-84de-6bca4f10bf16___Keller.St_CG 1953_final_masked.jpg,11
data/shared_subset/hybrid/pv/Tomato_leaf_bacterial_spot/8028414c-d126-4b33-b04b-896954de877a___GCREC_Bact.Sp 5734_final_masked.jpg,12
data/shared_subset/hybrid/pv/Squash_Powdery_mildew_leaf/d3014b79-f91a-48c0-bcb8-4fb6e808c771___MD_Powd.M 0994_final_masked.jpg,9
data/shared_subset/hybrid/pv/Tomato_leaf_yellow_virus/f6ea01cd-2aef-45af-87e4-ab7df7ea3f3b___YLCV_NREC 2872_final_masked.jpg,15
data/shared_subset/hybrid/pv/Tomato_leaf_yellow_virus/87df3986-446d-4bea-ac61-8fa8645f659d___UF.GRC_YLCV_Lab 09493_final_masked.jpg,15
data/shared_subset/hybrid/pv/grape_leaf_black_rot/aa7c2e1a-529e-4eec-84f1-c5d2cc4f413a___FAM_B.Rot 3243_final_masked.jpg,17
data/shared_subset/hybrid/pv/Corn_Gray_leaf_spot/fc90276d-e10b-4697-88b2-d9bbd87f622c___RS_GLSp 7290_final_masked.jpg,4
data/shared_subset/hybrid/pv/Squash_Powdery_mildew_leaf/7d3fde23-327e-419d-9786-a2e725d70944___UMD_Powd.M 0692_final_masked.jpg,9
data/shared_subset/hybrid/pv/Potato_leaf_late_blight/cf336796-9b96-4156-adc4-6fbeaebf2a6a___RS_LB 3207_final_masked.jpg,8
data/shared_subset/hybrid/pv/Tomato_leaf_late_blight/bba9c7cc-21d8-43b7-acb2-9c079f810f89___RS_Late.B 6798_final_masked.jpg,13
data/shared_subset/hybrid/pv/Corn_leaf_blight/534e86f0-1e17-4fa0-b042-b0b26ab53eb4___RS_NLB 3745_final_masked.jpg,5
data/shared_subset/hybrid/pv/Potato_leaf_early_blight/e9f9e200-b7ff-4a59-af32-b4faf3f27b17___RS_Early.B 8028_final_masked.jpg,7
data/shared_subset/hybrid/pv/Tomato_Early_blight_leaf/a7aac68f-92a8-42dd-ad5b-662c172fa594___RS_Erly.B 7579_final_masked.jpg,10
data/shared_subset/hybrid/pv/Potato_leaf_early_blight/0faca7fe-7254-4dfa-8388-bbc776338c9c___RS_Early.B 7929_final_masked.jpg,7
data/shared_subset/hybrid/pv/Tomato_leaf_yellow_virus/de15e42f-fe73-48a2-bfa1-4041b56417ed___UF.GRC_YLCV_Lab 02329_final_masked.jpg,15
data/shared_subset/hybrid/pv/Bell_pepper_leaf/f790b881-1d8d-4455-acbb-07c876ceb766___JR_HL 8426_final_masked.jpg,2
data/shared_subset/hybrid/pv/Bell_pepper_leaf_spot/e1a8a7b1-5e9a-4da0-a894-9d83821b0d01___NREC_B.Spot 9170_final_masked.jpg,3
data/shared_subset/hybrid/pv/Potato_leaf_early_blight/8784362f-5fc6-4ad9-b11d-d06b272cefb5___RS_Early.B 6907_final_masked.jpg,7
data/shared_subset/hybrid/pv/Tomato_leaf_yellow_virus/d01c276a-a70d-4981-930e-d78292219f61___UF.GRC_YLCV_Lab 02057_final_masked.jpg,15
data/shared_subset/hybrid/pv/Tomato_leaf_yellow_virus/f6f313b5-a12a-4d0e-8d3d-63ea26b76985___UF.GRC_YLCV_Lab 01630_final_masked.jpg,15
data/shared_subset/hybrid/pv/Tomato_leaf_mosaic_virus/0befa341-0db3-49f4-b4fc-beeb05854bff___PSU_CG 2338_final_masked.jpg,14
data/shared_subset/hybrid/pv/Tomato_mold_leaf/866d57df-74c8-4546-9f82-d03b3c554556___Crnl_L.Mold 8981_final_masked.jpg,16
data/shared_subset/hybrid/pv/Corn_rust_leaf/9a99f82d-8ffc-48a1-b9fe-2f01d2c63eab___RS_Rust 1639_final_masked.jpg,6
data/shared_subset/hybrid/pv/Squash_Powdery_mildew_leaf/a9f90a12-9729-42e1-9543-8c07fd0cdc79___MD_Powd.M 0888_final_masked.jpg,9
data/shared_subset/hybrid/pv/Tomato_leaf_yellow_virus/c0870d0e-ff8b-4b57-a85e-98dd03799b04___UF.GRC_YLCV_Lab 02843_final_masked.jpg,15
data/shared_subset/hybrid/pv/Tomato_Early_blight_leaf/cf7acf3d-e079-4587-b3e8-bafe507c40d5___RS_Erly.B 8246_final_masked.jpg,10
data/shared_subset/hybrid/pv/Tomato_leaf_yellow_virus/278114fd-a6b8-4c88-ba45-4346148a6654___UF.GRC_YLCV_Lab 01745_final_masked.jpg,15
data/shared_subset/hybrid/pv/Tomato_leaf_yellow_virus/8eed63aa-e93f-4905-8278-ef9233ca8382___UF.GRC_YLCV_Lab 01465_final_masked.jpg,15
data/shared_subset/hybrid/pv/Tomato_Septoria_leaf_spot/390beb09-e4d3-4248-bb1c-7cefbd45a8d1___Matt.S_CG 6507_final_masked.jpg,11
data/shared_subset/hybrid/pv/Tomato_mold_leaf/b2af1e31-5779-4c69-bca8-c2d2c3c7bc34___Crnl_L.Mold 6808_final_masked.jpg,16
data/shared_subset/hybrid/pv/Corn_rust_leaf/645267dc-6060-48d8-8a8a-80f01bd2e8c1___RS_Rust 2595_final_masked.jpg,6
data/shared_subset/hybrid/pv/Tomato_leaf_yellow_virus/9b5f8eb4-396d-4524-a13f-d77ebea896e9___YLCV_GCREC 2585_final_masked.jpg,15
data/shared_subset/hybrid/pv/Tomato_leaf_yellow_virus/fd933356-3c57-4b0c-8499-bd6bfc66c0cb___YLCV_GCREC 2248_final_masked.jpg,15
data/shared_subset/hybrid/pv/Tomato_leaf_late_blight/f5261645-e84e-433a-8edb-ff53e8586646___GHLB2 Leaf 143.1_final_masked.jpg,13
data/shared_subset/hybrid/pv/Tomato_leaf_yellow_virus/ec92cfb1-181b-4660-bb6e-6f108e98b549___YLCV_NREC 2620_final_masked.jpg,15
data/shared_subset/hybrid/pv/Corn_rust_leaf/062f3149-5097-40a9-98f1-9f9913adb14a___RS_Rust 1590_final_masked.jpg,6
data/shared_subset/hybrid/pv/Bell_pepper_leaf/d8a79539-88dc-45a9-9b42-90511c8e79e0___JR_HL 8270_final_masked.jpg,2
data/shared_subset/hybrid/pv/Corn_rust_leaf/aca4192f-5977-4960-b2ed-55929440698c___RS_Rust 2069_final_masked.jpg,6
data/shared_subset/hybrid/pv/Tomato_Septoria_leaf_spot/817905e4-d07e-43d3-8b2a-d7819a62abaa___Matt.S_CG 7729_final_masked.jpg,11
data/shared_subset/hybrid/pv/Bell_pepper_leaf/ab24c144-5ee4-4f56-b67c-1fc25475dfe0___JR_HL 8173_final_masked.jpg,2
data/shared_subset/hybrid/pv/Tomato_leaf_yellow_virus/22c0cc7e-1468-4c3c-9069-384017441735___YLCV_GCREC 5441_final_masked.jpg,15
data/shared_subset/hybrid/pv/Tomato_leaf_yellow_virus/21d82d98-597b-4fba-83e4-e14a53e498a9___YLCV_GCREC 2512_final_masked.jpg,15
data/shared_subset/hybrid/pv/Squash_Powdery_mildew_leaf/565c4158-2b6a-45a7-af2c-830047ffb8ac___MD_Powd.M 0377_final_masked.jpg,9
data/shared_subset/hybrid/pv/Tomato_leaf_late_blight/385e730c-e1f9-4f46-b8b0-42bfa13866d7___RS_Late.B 4965_final_masked.jpg,13
data/shared_subset/hybrid/pv/Tomato_leaf_yellow_virus/d586a2fa-c813-4645-a242-af016bb00f4e___YLCV_GCREC 2941_final_masked.jpg,15
data/shared_subset/hybrid/pv/Tomato_leaf_yellow_virus/021c4cd6-30ea-465e-9396-515520ead6b2___YLCV_GCREC 2422_final_masked.jpg,15
data/shared_subset/hybrid/pv/Squash_Powdery_mildew_leaf/b531a70b-f4d0-4932-a411-bf4b20ad92f8___MD_Powd.M 0505_final_masked.jpg,9
data/shared_subset/hybrid/pv/Squash_Powdery_mildew_leaf/657dd14c-3fc9-405c-a82c-c09a1a9375c3___UMD_Powd.M 0730_final_masked.jpg,9
data/shared_subset/hybrid/pv/Tomato_leaf_late_blight/5a4428ec-59da-40e5-823c-2e5bbb2a1fb6___RS_Late.B 5461_final_masked.jpg,13
data/shared_subset/hybrid/pv/Tomato_leaf_yellow_virus/a23f2da9-ef84-4eba-b8b8-eda5fa9abb6d___UF.GRC_YLCV_Lab 08426_final_masked.jpg,15
data/shared_subset/hybrid/pv/Tomato_leaf_late_blight/e58ca54a-9a89-4a92-9869-dc3273e769d9___GHLB2 Leaf 113.2_final_masked.jpg,13
data/shared_subset/hybrid/pv/Squash_Powdery_mildew_leaf/b32cb36b-20e6-460b-a267-7e0ccf82afbb___MD_Powd.M 0987_final_masked.jpg,9
data/shared_subset/hybrid/pv/Tomato_leaf_mosaic_virus/faaab5c4-517e-4417-b471-fa1d762e35c4___PSU_CG 2173_final_masked.jpg,14
data/shared_subset/hybrid/pv/Tomato_mold_leaf/546f348a-359a-4cff-8cdd-c87ecb1cec95___Crnl_L.Mold 6873_final_masked.jpg,16
data/shared_subset/hybrid/pv/Tomato_leaf_yellow_virus/28e4159d-d813-4422-9805-406b4fd141ac___UF.GRC_YLCV_Lab 02491_final_masked.jpg,15
data/shared_subset/hybrid/pv/Tomato_leaf_yellow_virus/4e6c618f-81e3-47cf-b4b4-cbe2098621ce___YLCV_NREC 2587_final_masked.jpg,15
data/shared_subset/hybrid/pv/Tomato_leaf_late_blight/7f2d44f1-7daa-4b13-9058-18da27dc883d___RS_Late.B 5439_final_masked.jpg,13
data/shared_subset/hybrid/pv/Tomato_leaf_yellow_virus/6e382244-fb3a-4caa-af71-05fff25f1c27___UF.GRC_YLCV_Lab 03397_final_masked.jpg,15
data/shared_subset/hybrid/pv/Bell_pepper_leaf/8a5290cd-4306-4c63-bdd6-3249f7b4c38d___JR_HL 7834_final_masked.jpg,2
data/shared_subset/hybrid/pv/Tomato_Septoria_leaf_spot/fcda5137-4f0a-4734-89a5-13d5bd119942___Matt.S_CG 7550_final_masked.jpg,11
data/shared_subset/hybrid/pv/Tomato_leaf_bacterial_spot/b2a40428-4154-4f13-bff6-28c36f4293a9___GCREC_Bact.Sp 3088_final_masked.jpg,12
data/shared_subset/hybrid/pv/Bell_pepper_leaf_spot/9435d4a5-e198-4c46-8a90-a888cb2e7267___JR_B.Spot 3316_final_masked.jpg,3
data/shared_subset/hybrid/pv/Tomato_leaf_yellow_virus/7230cf47-a160-4f3e-b9c7-c00d0b283c33___UF.GRC_YLCV_Lab 02956_final_masked.jpg,15
data/shared_subset/hybrid/pv/Bell_pepper_leaf/c5572d69-6c3d-4f35-92d8-7472f9fd8e1f___JR_HL 8900_final_masked.jpg,2
data/shared_subset/hybrid/pv/Tomato_leaf_late_blight/f8024ad7-ded1-42aa-ab6d-139f7069d10e___RS_Late.B 7157_final_masked.jpg,13
data/shared_subset/hybrid/pv/Tomato_mold_leaf/3868a159-b5df-49d2-a689-1181ee1007dc___Crnl_L.Mold 8720_final_masked.jpg,16
data/shared_subset/hybrid/pv/Tomato_leaf_late_blight/8e89b070-c8f0-47f5-a7c4-e28a92e0454b___GHLB2 Leaf 9097_final_masked.jpg,13
data/shared_subset/hybrid/pv/Bell_pepper_leaf_spot/8485adde-4e43-4c10-a9b1-be320de27869___NREC_B.Spot 9164_final_masked.jpg,3
data/shared_subset/hybrid/pv/Corn_leaf_blight/eac45516-3f72-4dac-bf0f-566a663c1409___RS_NLB 3580_final_masked.jpg,5
data/shared_subset/hybrid/pv/Tomato_Septoria_leaf_spot/76a2eb08-494a-4132-a348-28a799ad01d1___Matt.S_CG 7533_final_masked.jpg,11
data/shared_subset/hybrid/pv/Squash_Powdery_mildew_leaf/cde37303-b725-458f-bf51-9acbcd92b59b___MD_Powd.M 0930_final_masked.jpg,9
data/shared_subset/hybrid/pv/Tomato_leaf_bacterial_spot/6bde0aa8-4093-4eb1-aa1e-049db77d16a2___UF.GRC_BS_Lab Leaf 8873_final_masked.jpg,12
data/shared_subset/hybrid/pv/Tomato_leaf_bacterial_spot/daa61ed9-a0bf-4533-841e-1a43633e86a1___GCREC_Bact.Sp 5649_final_masked.jpg,12
data/shared_subset/hybrid/pv/Corn_rust_leaf/8df2900d-a46c-41b3-a008-b4e2d4214e30___RS_Rust 1921_final_masked.jpg,6
data/shared_subset/hybrid/pv/Tomato_leaf_bacterial_spot/805d07e6-2190-4c8a-9267-75b1c0477a04___GCREC_Bact.Sp 3010_final_masked.jpg,12
data/shared_subset/hybrid/pv/Bell_pepper_leaf/0d4f19fe-9e85-4689-9c99-0b01a58db9f4___JR_HL 8032_final_masked.jpg,2
data/shared_subset/hybrid/pv/Tomato_leaf_yellow_virus/f9690dd2-52b0-4020-82e0-ecd3580e3b87___YLCV_GCREC 2072_final_masked.jpg,15
data/shared_subset/hybrid/pv/Tomato_leaf_bacterial_spot/6b68592a-aa06-4fac-ac47-b6d341e6f45e___UF.GRC_BS_Lab Leaf 0343_final_masked.jpg,12
data/shared_subset/hybrid/pv/Bell_pepper_leaf/f2833b90-ad7d-4bd8-bb88-9f97d0517c98___JR_HL 8325_final_masked.jpg,2
data/shared_subset/hybrid/pv/Tomato_leaf_late_blight/f2f22a54-7995-4b43-83bf-5a0fba777466___RS_Late.B 5583_final_masked.jpg,13
data/shared_subset/hybrid/pv/grape_leaf_black_rot/12669996-08a8-4ed9-80fb-6f0e1fabca8a___FAM_B.Rot 0386_final_masked.jpg,17
data/shared_subset/hybrid/pv/Bell_pepper_leaf/3959822d-97f0-4fff-8272-43e8471aaf60___JR_HL 7832_final_masked.jpg,2
data/shared_subset/hybrid/pv/Tomato_leaf_bacterial_spot/ee6e4597-cc98-4966-a9e9-bd6a4a76ea97___GCREC_Bact.Sp 3491_final_masked.jpg,12
data/shared_subset/hybrid/pv/Squash_Powdery_mildew_leaf/be21819b-7c93-449f-a8cb-d73664c163f9___MD_Powd.M 9942_final_masked.jpg,9
data/shared_subset/hybrid/pv/Squash_Powdery_mildew_leaf/41777770-a790-4804-b9dc-edcc23d48768___UMD_Powd.M 0571_final_masked.jpg,9
data/shared_subset/hybrid/pv/Potato_leaf_late_blight/3f0fd699-1ce7-437e-a899-662a51d59974___RS_LB 2904_final_masked.jpg,8
data/shared_subset/hybrid/pv/Bell_pepper_leaf/c5c88b11-0ecd-49ef-a96f-ba1aab4a12c4___JR_HL 5985_final_masked.jpg,2
data/shared_subset/hybrid/pv/Corn_rust_leaf/d9709d92-a785-4c46-9527-081790d93e12___RS_Rust 2281_final_masked.jpg,6
data/shared_subset/hybrid/pv/Potato_leaf_late_blight/6d22d4ab-de5f-4944-96f9-4ec495a8e4f1___RS_LB 3109_final_masked.jpg,8
data/shared_subset/hybrid/pv/Bell_pepper_leaf_spot/3d87a319-d032-4bac-9b6c-0160a23531b9___NREC_B.Spot 1853_final_masked.jpg,3
data/shared_subset/hybrid/pv/Corn_Gray_leaf_spot/66151c80-6947-4062-bbb0-3771e6feefc3___RS_GLSp 7304_final_masked.jpg,4
data/shared_subset/hybrid/pv/Corn_rust_leaf/d6c574f8-e234-47fc-880e-2620e618241c___RS_Rust 2277_final_masked.jpg,6
data/shared_subset/hybrid/pv/Tomato_leaf_bacterial_spot/5c438fb1-fb2e-4672-b035-2a1581efa729___GCREC_Bact.Sp 5550_final_masked.jpg,12
data/shared_subset/hybrid/pv/Tomato_leaf_bacterial_spot/496716ca-78e6-4ae6-b3d4-2ed9f91f52b0___GCREC_Bact.Sp 3660_final_masked.jpg,12
data/shared_subset/hybrid/pv/Tomato_leaf_yellow_virus/211eb7f6-3b10-4e02-9c39-94c6670ff89e___YLCV_NREC 2480_final_masked.jpg,15
data/shared_subset/hybrid/pv/Bell_pepper_leaf/86a0dc7a-8ac2-40c3-af58-2bfa6a6fb0c5___JR_HL 8241_final_masked.jpg,2
data/shared_subset/hybrid/pv/Apple_Scab_Leaf/89888e39-a951-4507-a9c4-193aead90f64___FREC_Scab 3160_final_masked.jpg,0
data/shared_subset/hybrid/pv/Tomato_leaf_yellow_virus/13364b53-0b4d-43da-8543-6e17de421712___UF.GRC_YLCV_Lab 01665_final_masked.jpg,15
data/shared_subset/hybrid/pv/Tomato_leaf_yellow_virus/7b366d8c-21bf-4b61-8bbc-0eeb5cd410ba___YLCV_GCREC 2727_final_masked.jpg,15
data/shared_subset/hybrid/pv/Tomato_mold_leaf/34771f89-a1bc-49e9-8d94-1eb402312b8d___Crnl_L.Mold 9142_final_masked.jpg,16
data/shared_subset/hybrid/pv/Tomato_Early_blight_leaf/bec8a4aa-dd9c-44db-815a-c760d49a8868___RS_Erly.B 7680_final_masked.jpg,10
data/shared_subset/hybrid/pv/Tomato_leaf_bacterial_spot/bf25e8b0-1397-4fe7-ab01-655c01abdcfb___GCREC_Bact.Sp 3261_final_masked.jpg,12
data/shared_subset/hybrid/pv/Tomato_leaf_bacterial_spot/c3611ed0-7bb3-47cd-bfac-86cd6f44b5ef___UF.GRC_BS_Lab Leaf 0979_final_masked.jpg,12
data/shared_subset/hybrid/pv/Tomato_leaf_bacterial_spot/e941c8ba-5fce-481c-aba5-4b272c5a0be6___GCREC_Bact.Sp 3197_final_masked.jpg,12
data/shared_subset/hybrid/pv/Corn_leaf_blight/c6a1af06-ead5-4632-a07d-97983065ac89___RS_NLB 4130_final_masked.jpg,5
data/shared_subset/hybrid/pv/Bell_pepper_leaf/ab4b562f-c5f1-4c24-826e-5993dbab9400___JR_HL 7780_final_masked.jpg,2
data/shared_subset/hybrid/pv/Tomato_leaf_late_blight/85d80245-6c80-4bb7-9497-c8612903b535___RS_Late.B 5576_final_masked.jpg,13
data/shared_subset/hybrid/pv/Apple_Scab_Leaf/29ab8216-ec38-4efd-9c77-21068fa899a4___FREC_Scab 3241_final_masked.jpg,0
data/shared_subset/hybrid/pv/Apple_Scab_Leaf/a15c8e33-6b90-489e-800d-99b3056235c2___FREC_Scab 3466_final_masked.jpg,0
data/shared_subset/hybrid/pv/Tomato_leaf_yellow_virus/262b585e-729f-46f2-b43c-79a415be6aa6___UF.GRC_YLCV_Lab 01292_final_masked.jpg,15
data/shared_subset/hybrid/pv/Corn_rust_leaf/0956b586-8839-46b7-ad2d-af0c7c0a8ce7___RS_Rust 2736_final_masked.jpg,6
data/shared_subset/hybrid/pv/Tomato_leaf_yellow_virus/c17979b7-3cef-4c9c-b758-c6749c92bf67___YLCV_NREC 2385_final_masked.jpg,15
data/shared_subset/hybrid/pv/Tomato_leaf_yellow_virus/7d50b11c-ef8d-4fad-b230-a1bfeac18b76___YLCV_NREC 2304_final_masked.jpg,15
data/shared_subset/hybrid/pv/Apple_Scab_Leaf/7966ec90-1939-40ea-a4f7-99aca4fe8af5___FREC_Scab 3402_final_masked.jpg,0
data/shared_subset/hybrid/pv/Tomato_Early_blight_leaf/484250ea-cc2c-4614-bee8-7f24007e00ac___RS_Erly.B 9463_final_masked.jpg,10
data/shared_subset/hybrid/pv/Tomato_leaf_yellow_virus/ea824bff-58c4-402e-936c-70bc49912701___UF.GRC_YLCV_Lab 02667_final_masked.jpg,15
data/shared_subset/hybrid/pv/Tomato_leaf_yellow_virus/d8f24829-ea0b-4d97-a809-687a781d684c___UF.GRC_YLCV_Lab 09478_final_masked.jpg,15
data/shared_subset/hybrid/pv/Tomato_leaf_bacterial_spot/2e604e19-fcb1-4d3c-9c04-4b154e1ca480___UF.GRC_BS_Lab Leaf 9241_final_masked.jpg,12
data/shared_subset/hybrid/pv/Tomato_leaf_yellow_virus/9635519a-297b-4635-94fe-7fc2fbf21705___YLCV_GCREC 2576_final_masked.jpg,15
data/shared_subset/hybrid/pv/Tomato_leaf_yellow_virus/935376fd-5756-47de-b5b0-da5e0f8283c2___UF.GRC_YLCV_Lab 08560_final_masked.jpg,15
data/shared_subset/hybrid/pv/Tomato_leaf_yellow_virus/193f32a3-11a4-4d39-a88c-a1bc44e61d66___UF.GRC_YLCV_Lab 02863_final_masked.jpg,15
data/shared_subset/hybrid/pv/Tomato_leaf_bacterial_spot/78981c8c-0a81-45ed-8e6d-5413d7e2f01a___GCREC_Bact.Sp 3554_final_masked.jpg,12
data/shared_subset/hybrid/pv/Tomato_leaf_late_blight/c042e7e2-a583-4709-b944-830965256802___GHLB2 Leaf 110_final_masked.jpg,13
data/shared_subset/hybrid/pv/Corn_rust_leaf/6d1c2f9a-a302-4a61-b1de-a166aae0377c___RS_Rust 2296_final_masked.jpg,6
data/shared_subset/hybrid/pv/Tomato_leaf_yellow_virus/08f78a80-46f5-45a6-937c-4d05d61c08c2___UF.GRC_YLCV_Lab 01895_final_masked.jpg,15
data/shared_subset/hybrid/pv/Potato_leaf_late_blight/fc759d3f-64c7-4e45-9a0c-5a2f07fd1055___RS_LB 3030_final_masked.jpg,8
data/shared_subset/hybrid/pv/Tomato_leaf_yellow_virus/cfbf4c76-c9de-43d8-82ce-5a1a64631576___YLCV_NREC 2972_final_masked.jpg,15
data/shared_subset/hybrid/pv/Tomato_Septoria_leaf_spot/bb686360-bc57-41dd-b811-9625301db5f5___Keller.St_CG 1933_final_masked.jpg,11
data/shared_subset/hybrid/pv/Corn_rust_leaf/1db79bdd-822e-4f58-bdc7-fd56ec1ed019___RS_Rust 2102_final_masked.jpg,6
data/shared_subset/hybrid/pv/Tomato_leaf_yellow_virus/df194dd9-1732-44b7-ad24-8d0dba24e8b5___YLCV_GCREC 1929_final_masked.jpg,15
data/shared_subset/hybrid/pv/Bell_pepper_leaf/a9a683f3-e87f-4cd9-8930-65a8c13b519b___JR_HL 7889_final_masked.jpg,2
data/shared_subset/hybrid/pv/Potato_leaf_early_blight/2a4fd894-0c4f-471b-b80b-d362a7b513f4___RS_Early.B 8038_final_masked.jpg,7
data/shared_subset/hybrid/pv/Tomato_Early_blight_leaf/4f4ef45f-80b4-4fde-b052-f932d2b5a9f3___RS_Erly.B 9410_final_masked.jpg,10
data/shared_subset/hybrid/pv/Corn_leaf_blight/8bd5dce4-b65c-456f-95b1-a86ff17f4f94___RS_NLB 3894_final_masked.jpg,5
data/shared_subset/hybrid/pv/Corn_Gray_leaf_spot/4427063f-9e4a-4aaf-959a-c9afc210f7fa___RS_GLSp 4307_final_masked.jpg,4
data/shared_subset/hybrid/pv/Tomato_leaf_late_blight/eb1ee57d-0468-4a6c-941d-342cb60ea600___RS_Late.B 5420_final_masked.jpg,13
data/shared_subset/hybrid/pv/Tomato_Early_blight_leaf/29345423-647e-4e1b-81f4-16d8cfc0e137___RS_Erly.B 7422_final_masked.jpg,10
data/shared_subset/hybrid/pv/Bell_pepper_leaf/c40b6a46-5181-43ad-a27d-7e68fcd20f87___JR_HL 8553_final_masked.jpg,2
data/shared_subset/hybrid/pv/Tomato_mold_leaf/dbd8242c-1c4c-4d6a-97ba-6cb26fffec49___Crnl_L.Mold 7145_final_masked.jpg,16
data/shared_subset/hybrid/pv/Tomato_leaf_yellow_virus/884b91a0-f95c-44f8-866b-635c703875fe___YLCV_GCREC 2362_final_masked.jpg,15
data/shared_subset/hybrid/pv/Tomato_leaf_bacterial_spot/b6fe0228-c22c-49fb-aac4-496507eb445f___UF.GRC_BS_Lab Leaf 0688_final_masked.jpg,12
data/shared_subset/hybrid/pv/Potato_leaf_early_blight/ba96aab6-adb5-4021-b6ad-3305f50aec12___RS_Early.B 7317_final_masked.jpg,7
data/shared_subset/hybrid/pv/Tomato_Early_blight_leaf/dc4cc3e3-0181-48e9-93a2-7c019df0e04b___RS_Erly.B 9513_final_masked.jpg,10
data/shared_subset/hybrid/pv/Bell_pepper_leaf_spot/bd4af3cd-1124-4b3e-b5b9-c58ab11266b6___JR_B.Spot 9013_final_masked.jpg,3
data/shared_subset/hybrid/pv/Tomato_Early_blight_leaf/aea7d3be-648a-4e1b-932a-b0058b085a7a___RS_Erly.B 9517_final_masked.jpg,10
data/shared_subset/hybrid/pv/Tomato_leaf_yellow_virus/e3aa7c50-b3d4-4a1d-ad6c-823039fba9f8___UF.GRC_YLCV_Lab 03203_final_masked.jpg,15
data/shared_subset/hybrid/pv/Corn_Gray_leaf_spot/038464d1-47a9-4169-afb1-72c87e568a95___RS_GLSp 4480_final_masked.jpg,4
data/shared_subset/hybrid/pv/Tomato_Early_blight_leaf/65bcbda1-eee5-4bab-ab07-128c2a2f8ed4___RS_Erly.B 7461_final_masked.jpg,10
data/shared_subset/hybrid/pv/Tomato_leaf_late_blight/a617c469-1174-43ab-910f-0c31a09dd0be___RS_Late.B 6085_final_masked.jpg,13
data/shared_subset/hybrid/pv/Potato_leaf_early_blight/e4bd2479-dd2f-41ce-9544-4f1804c4ab8b___RS_Early.B 8601_final_masked.jpg,7
data/shared_subset/hybrid/pv/Potato_leaf_early_blight/4138df1f-b8f7-429f-9e95-a627f6aba912___RS_Early.B 7667_final_masked.jpg,7
data/shared_subset/hybrid/pv/grape_leaf_black_rot/86192071-649f-475a-9c25-968bbd2c0770___FAM_B.Rot 3003_final_masked.jpg,17
data/shared_subset/hybrid/pv/Apple_rust_leaf/2770fd33-4612-4c09-80a7-dbac2ec8ff82___FREC_C.Rust 4049_final_masked.jpg,1
data/shared_subset/hybrid/pv/Tomato_Early_blight_leaf/7bab9b53-f608-4f3f-8325-d730d846b3d9___RS_Erly.B 7695_final_masked.jpg,10
data/shared_subset/hybrid/pv/Squash_Powdery_mildew_leaf/a4439956-d6e4-4d92-b16d-aaf4893fd4c1___UMD_Powd.M 0370_final_masked.jpg,9
data/shared_subset/hybrid/pv/Tomato_leaf_late_blight/26c09416-7271-4262-9ddc-fb741bedce05___GHLB2 Leaf 97.1_final_masked.jpg,13
data/shared_subset/hybrid/pv/Tomato_leaf_yellow_virus/fb8c139f-8373-4b7e-b27c-48cc5465109e___UF.GRC_YLCV_Lab 02255_final_masked.jpg,15
data/shared_subset/hybrid/pv/Bell_pepper_leaf_spot/23e657c9-1f08-4714-817b-48fd2f3e2cf3___JR_B.Spot 8962_final_masked.jpg,3
data/shared_subset/hybrid/pv/Corn_leaf_blight/431a8c6c-3eed-4079-ba49-5bc7a12b94b0___RS_NLB 0766_final_masked.jpg,5
data/shared_subset/hybrid/pv/Tomato_leaf_yellow_virus/4bd2ccdd-172e-4314-bf8a-d04b6765b354___UF.GRC_YLCV_Lab 02469_final_masked.jpg,15
data/shared_subset/hybrid/pv/Tomato_mold_leaf/33021b9c-389e-4d58-99c5-13b36a496f09___Crnl_L.Mold 6961_final_masked.jpg,16
data/shared_subset/hybrid/pv/Corn_rust_leaf/08b6cf2c-a94f-4b8e-b63b-13dbe8d3d6d0___RS_Rust 2317_final_masked.jpg,6
data/shared_subset/hybrid/pv/Tomato_Septoria_leaf_spot/6b4bcc3a-93f3-4b30-aa76-4af6113377a9___Keller.St_CG 1928_final_masked.jpg,11
data/shared_subset/hybrid/pv/Tomato_leaf_yellow_virus/a0d4a1f6-a28b-4af5-b676-1f6582b6aef9___UF.GRC_YLCV_Lab 09332_final_masked.jpg,15
data/shared_subset/hybrid/pv/Potato_leaf_early_blight/4eb1fee6-e288-4c32-841d-9fc1d1824508___RS_Early.B 8446_final_masked.jpg,7
data/shared_subset/hybrid/pv/Squash_Powdery_mildew_leaf/7facae74-b1bb-4970-8b4b-0ea7469ba9be___MD_Powd.M 0138 copy_final_masked.jpg,9
data/shared_subset/hybrid/pv/Tomato_leaf_yellow_virus/d788fb07-c6aa-42c4-9848-5a3a3cd152de___YLCV_GCREC 2601_final_masked.jpg,15
data/shared_subset/hybrid/pv/Tomato_leaf_bacterial_spot/b9072867-69f3-4ea7-9afb-06781b4a4f2f___GCREC_Bact.Sp 3253_final_masked.jpg,12
data/shared_subset/hybrid/pv/Apple_rust_leaf/30ae56d0-6974-4ad2-b4bf-486a97dcff5f___FREC_C.Rust 4088_final_masked.jpg,1
data/shared_subset/hybrid/pv/Corn_Gray_leaf_spot/a0061e48-b26c-4610-933a-b4f4ce341707___RS_GLSp 7333_final_masked.jpg,4
data/shared_subset/hybrid/pv/Tomato_leaf_yellow_virus/6092f6e6-8fbd-4069-aa45-dccda5f8d97f___UF.GRC_YLCV_Lab 03193_final_masked.jpg,15
data/shared_subset/hybrid/pv/Tomato_leaf_late_blight/534dba84-d298-46bc-ac4a-c23e7c982ee4___RS_Late.B 4993_final_masked.jpg,13
data/shared_subset/hybrid/pv/Corn_rust_leaf/c7a5124f-9ad2-48fb-a06c-9f1e86ccf845___RS_Rust 1983_final_masked.jpg,6
data/shared_subset/hybrid/pv/Squash_Powdery_mildew_leaf/dd5cf107-6225-4244-9ea4-18f3b514e713___UMD_Powd.M 9786_final_masked.jpg,9
data/shared_subset/hybrid/pv/Tomato_leaf_yellow_virus/98fd5d8f-bb10-4608-b57a-40732f8fa5ad___UF.GRC_YLCV_Lab 02558_final_masked.jpg,15
data/shared_subset/hybrid/pv/Tomato_leaf_mosaic_virus/0c05f5bb-e38d-422f-8b1c-632d8c0d730c___PSU_CG 2133_final_masked.jpg,14
data/shared_subset/hybrid/pv/Tomato_leaf_yellow_virus/14aefbbe-6b5d-4ef0-bce9-cdac135e9c1d___UF.GRC_YLCV_Lab 01545_final_masked.jpg,15
data/shared_subset/hybrid/pv/Tomato_leaf_yellow_virus/ad33c873-d846-4330-86f8-4cab39e7056c___YLCV_GCREC 2522_final_masked.jpg,15
data/shared_subset/hybrid/pv/Apple_Scab_Leaf/ed33dbe0-edc4-4ad8-85c2-0495f384e3fe___FREC_Scab 3467_final_masked.jpg,0
data/shared_subset/hybrid/pv/Tomato_leaf_late_blight/62474b8c-4625-4d73-ab6a-5e1d328a9cd4___GHLB2 Leaf 9038_final_masked.jpg,13
data/shared_subset/hybrid/pv/Tomato_leaf_late_blight/d7d87536-e71c-4324-a00a-107b9ee00614___GHLB_PS Leaf 22.1 Day 9_final_masked.jpg,13
data/shared_subset/hybrid/pv/Corn_rust_leaf/dd21f3ae-1d85-4ac1-9151-3cb958f1ae68___RS_Rust 2409_final_masked.jpg,6
data/shared_subset/hybrid/pv/grape_leaf_black_rot/8abe0983-7452-4612-9705-d9ea34c19c08___FAM_B.Rot 0762_final_masked.jpg,17
data/shared_subset/hybrid/pv/Tomato_leaf_yellow_virus/9a6fede1-174f-45eb-9870-9f9d372c7f6b___UF.GRC_YLCV_Lab 02696_final_masked.jpg,15
data/shared_subset/hybrid/pv/Bell_pepper_leaf/0119205b-cfac-4322-be37-dcc401fcfa11___JR_HL 8527_final_masked.jpg,2
data/shared_subset/hybrid/pv/Tomato_Septoria_leaf_spot/badbd0d4-8e02-49bf-a042-87ae373ca66f___Matt.S_CG 6741_final_masked.jpg,11
data/shared_subset/hybrid/pv/Corn_rust_leaf/cceeaf1e-6d50-4d12-b7c7-c94c2c8c9608___RS_Rust 1574_final_masked.jpg,6
data/shared_subset/hybrid/pv/Bell_pepper_leaf/496bcc16-a0f1-47cb-bf86-db0c959fc0d0___JR_HL 7614_final_masked.jpg,2
data/shared_subset/hybrid/pv/Tomato_leaf_yellow_virus/42cdc8a5-8010-4486-8dcd-46fc67290412___YLCV_GCREC 2305_final_masked.jpg,15
data/shared_subset/hybrid/pv/Tomato_Early_blight_leaf/dbbc206a-90ab-4b29-abe0-5613028278be___RS_Erly.B 8409_final_masked.jpg,10
data/shared_subset/hybrid/pv/Tomato_leaf_yellow_virus/2ce17a45-ec48-489b-95ee-a84fe6cac8b6___YLCV_NREC 0262_final_masked.jpg,15
data/shared_subset/hybrid/pv/Potato_leaf_early_blight/95d42b98-1945-4cb3-ab27-0dbd56def41b___RS_Early.B 8866_final_masked.jpg,7
data/shared_subset/hybrid/pv/Tomato_leaf_yellow_virus/853a1beb-80b1-4fcd-87c6-1668bfa0c92d___UF.GRC_YLCV_Lab 01428_final_masked.jpg,15
data/shared_subset/hybrid/pv/Squash_Powdery_mildew_leaf/1d5582dc-5af3-4f39-81bc-c4e2214b64c9___MD_Powd.M 0861_final_masked.jpg,9
data/shared_subset/hybrid/pv/Potato_leaf_late_blight/0441138d-5f9f-4ede-ab9a-49edabc605b3___RS_LB 4235_final_masked.jpg,8
data/shared_subset/hybrid/pv/grape_leaf_black_rot/c1a903d5-1f13-4206-bbc7-4e775e5b9334___FAM_B.Rot 5107_final_masked.jpg,17
data/shared_subset/hybrid/pv/Tomato_leaf_late_blight/4be2e7c4-f539-41c3-975b-a1ff17b516ec___GHLB_PS Leaf 2 Day 8_final_masked.jpg,13
data/shared_subset/hybrid/pv/Tomato_Early_blight_leaf/25cc64d3-0ea1-4082-9b2a-bcaee3056580___RS_Erly.B 9602_final_masked.jpg,10
data/shared_subset/hybrid/pv/Tomato_mold_leaf/cc42f7f9-ecbf-4adf-b1df-1307218aac13___Crnl_L.Mold 8710_final_masked.jpg,16
data/shared_subset/hybrid/pv/Apple_Scab_Leaf/d08d117d-d394-4e24-83c2-cd7fd96894ce___FREC_Scab 3093_final_masked.jpg,0
data/shared_subset/hybrid/pv/grape_leaf_black_rot/33f329ff-48f1-4c8d-b88c-2fcf9e2a94f7___FAM_B.Rot 3037_final_masked.jpg,17
data/shared_subset/hybrid/pv/Tomato_Septoria_leaf_spot/45d34d4b-b4b2-4bfb-825a-28aa457655de___Matt.S_CG 2745_final_masked.jpg,11
data/shared_subset/hybrid/pv/Squash_Powdery_mildew_leaf/1c742e44-0307-4e0a-b7eb-90d2ceeadec5___MD_Powd.M 0121_final_masked.jpg,9
data/shared_subset/hybrid/pv/Tomato_leaf_yellow_virus/ecd0a945-c9a3-457c-9884-e3693c043168___YLCV_GCREC 2830_final_masked.jpg,15
data/shared_subset/hybrid/pv/Tomato_leaf_bacterial_spot/35cfd84d-af4a-48c6-9add-aa389b3ef354___GCREC_Bact.Sp 3019_final_masked.jpg,12
data/shared_subset/hybrid/pv/Bell_pepper_leaf_spot/39a17538-d200-4dac-8dad-d76566b6b199___NREC_B.Spot 9173_final_masked.jpg,3
data/shared_subset/hybrid/pv/Potato_leaf_late_blight/3221ccec-f264-4046-8252-77a8a357562b___RS_LB 4637_final_masked.jpg,8
data/shared_subset/hybrid/pv/Tomato_leaf_bacterial_spot/6a4ce1e3-a768-4f6e-96cf-3590df10fdc5___GCREC_Bact.Sp 3608_final_masked.jpg,12
data/shared_subset/hybrid/pv/Tomato_leaf_late_blight/cbad7bd4-3406-415b-b82c-bf4f995e8eec___GHLB2 Leaf 115.2_final_masked.jpg,13
data/shared_subset/hybrid/pv/Tomato_leaf_late_blight/7847d3dd-66e7-470f-ab6e-5273c3ee8924___RS_Late.B 4905_final_masked.jpg,13
data/shared_subset/hybrid/pv/Tomato_leaf_yellow_virus/b1271505-6ad1-453c-8ffa-29ff5c037c92___YLCV_GCREC 2188_final_masked.jpg,15
data/shared_subset/hybrid/pv/Bell_pepper_leaf/7da6a94b-14ac-4fd8-9a26-33be1c09d411___JR_HL 8789_final_masked.jpg,2
data/shared_subset/hybrid/pv/Tomato_leaf_yellow_virus/1e924491-cb5f-4843-8f26-de597f552240___YLCV_NREC 2011_final_masked.jpg,15
data/shared_subset/hybrid/pv/Tomato_leaf_yellow_virus/6e345153-aed9-4879-a2cc-24f9dc5100e7___UF.GRC_YLCV_Lab 01798_final_masked.jpg,15
data/shared_subset/hybrid/pv/Corn_leaf_blight/3146b6fc-7fe8-4b26-bc9f-faf642acc8b5___RS_NLB 3829_final_masked.jpg,5
data/shared_subset/hybrid/pv/Tomato_Septoria_leaf_spot/330bf5ca-8474-4958-a889-3c54bb96ec6a___Matt.S_CG 6557_final_masked.jpg,11
data/shared_subset/hybrid/pv/Tomato_leaf_yellow_virus/cd296a5b-4bd0-468f-836e-014311b2be82___UF.GRC_YLCV_Lab 01442_final_masked.jpg,15
data/shared_subset/hybrid/pv/Corn_Gray_leaf_spot/8da48548-461c-4574-9435-74310d8207a3___RS_GLSp 4387_final_masked.jpg,4
data/shared_subset/hybrid/pv/Tomato_mold_leaf/416808ef-060a-4c7c-9e0c-1dc72996ab48___Crnl_L.Mold 8978_final_masked.jpg,16
data/shared_subset/hybrid/pv/Corn_Gray_leaf_spot/aa2c6e9d-ce0f-4883-8b49-45412e96478d___RS_GLSp 7306_final_masked.jpg,4
data/shared_subset/hybrid/pv/Tomato_mold_leaf/2aa365ee-c396-47e3-bf04-aad9d18f470f___Crnl_L.Mold 6655_final_masked.jpg,16
data/shared_subset/hybrid/pv/Bell_pepper_leaf/023f9133-6194-41d5-b4b0-e82821bda698___JR_HL 5884_final_masked.jpg,2
data/shared_subset/hybrid/pv/Tomato_Early_blight_leaf/16ae1b64-2954-4135-bea5-d599ba56740c___RS_Erly.B 7649_final_masked.jpg,10
data/shared_subset/hybrid/pv/Squash_Powdery_mildew_leaf/37e0e6e8-373a-4d9f-9895-ccaf3d145ad1___UMD_Powd.M 9956_final_masked.jpg,9
data/shared_subset/hybrid/pv/Potato_leaf_late_blight/777a492f-3dfb-4bcf-8b33-a9b09fb21e6e___RS_LB 4866_final_masked.jpg,8
data/shared_subset/hybrid/pv/Tomato_Early_blight_leaf/4a063384-a4c0-4acc-a787-8236eb40a54e___RS_Erly.B 8281_final_masked.jpg,10
data/shared_subset/hybrid/pv/Tomato_leaf_yellow_virus/2058310f-e7eb-4494-8848-aa2c1ca41acb___UF.GRC_YLCV_Lab 03262_final_masked.jpg,15
data/shared_subset/hybrid/pv/Tomato_Septoria_leaf_spot/22709956-4b66-48a8-a03b-e82f095153ba___JR_Sept.L.S 2491_final_masked.jpg,11
data/shared_subset/hybrid/pv/Tomato_leaf_yellow_virus/e41367d2-a47a-4a38-ae2e-5b4e2a9f46ee___YLCV_NREC 0067_final_masked.jpg,15
data/shared_subset/hybrid/pv/Squash_Powdery_mildew_leaf/2a6d62cf-e798-47ff-9895-cf6678ca46fb___MD_Powd.M 0678_final_masked.jpg,9
data/shared_subset/hybrid/pv/Apple_rust_leaf/57be14d8-a24b-4354-acce-98b3a47f4512___FREC_C.Rust 4057_final_masked.jpg,1
data/shared_subset/hybrid/pv/Bell_pepper_leaf/94a7acd4-cd80-4d84-a837-0702cb946d52___JR_HL 8795_final_masked.jpg,2
data/shared_subset/hybrid/pv/grape_leaf_black_rot/8fc8f799-0c6f-4b34-af68-3a8d89f1a49f___FAM_B.Rot 0710_final_masked.jpg,17
data/shared_subset/hybrid/pv/Tomato_Septoria_leaf_spot/ce568d1c-fb5d-4d7a-bbff-13da7d3ec8ef___Matt.S_CG 1041_final_masked.jpg,11
data/shared_subset/hybrid/pv/Corn_rust_leaf/8c9eec43-587b-45fe-bd71-7f2b2d661c1e___RS_Rust 1631_final_masked.jpg,6
data/shared_subset/hybrid/pv/grape_leaf_black_rot/f704774d-f2f1-44fc-a8e9-098d4c455ace___FAM_B.Rot 0461_final_masked.jpg,17
data/shared_subset/hybrid/pv/Tomato_leaf_yellow_virus/46e0fdc5-1bfb-4638-9442-3a83d1f16f50___YLCV_GCREC 5267_final_masked.jpg,15
data/shared_subset/hybrid/pv/Tomato_leaf_late_blight/e56aa8e4-cb6f-4333-816b-3494fc4fe25e___GHLB2 Leaf 8764_final_masked.jpg,13
data/shared_subset/hybrid/pv/Tomato_Early_blight_leaf/2f6115d3-4997-4174-aa6a-9025c654e81f___RS_Erly.B 9374_final_masked.jpg,10
data/shared_subset/hybrid/pv/Tomato_Septoria_leaf_spot/00f16858-f392-4d9e-ad9f-efab8049a13f___JR_Sept.L.S 8368_final_masked.jpg,11
data/shared_subset/hybrid/pv/Bell_pepper_leaf/30017b31-dbab-47e3-9c73-78864b785972___JR_HL 5905_final_masked.jpg,2
data/shared_subset/hybrid/pv/Tomato_leaf_mosaic_virus/20182b2d-dfda-4ef1-89cc-17856e051b00___PSU_CG 2072_final_masked.jpg,14
data/shared_subset/hybrid/pv/Bell_pepper_leaf/c2ea8ee9-836a-4c76-8101-7708a35f2717___JR_HL 7733_final_masked.jpg,2
data/shared_subset/hybrid/pv/Tomato_Septoria_leaf_spot/61eef0a1-8005-47be-867f-576ee3507818___Keller.St_CG 1876_final_masked.jpg,11
data/shared_subset/hybrid/pv/Tomato_Septoria_leaf_spot/33730016-a830-406f-b969-c50f70adf1df___JR_Sept.L.S 2530_final_masked.jpg,11
data/shared_subset/hybrid/pv/Apple_Scab_Leaf/d7ac8a6f-7c88-47ac-9387-eefb672e9776___FREC_Scab 3392_final_masked.jpg,0
data/shared_subset/hybrid/pv/Potato_leaf_early_blight/db5d0f5f-a722-4f12-96bf-c9608e5c7f2a___RS_Early.B 8945_final_masked.jpg,7
data/shared_subset/hybrid/pv/Tomato_leaf_bacterial_spot/2f75f735-41de-445a-812c-72700ec68121___GCREC_Bact.Sp 5881_final_masked.jpg,12
data/shared_subset/hybrid/pv/Squash_Powdery_mildew_leaf/f45653ec-8e99-423b-9238-ea91e9a69803___MD_Powd.M 0053_final_masked.jpg,9
data/shared_subset/hybrid/pv/Tomato_Septoria_leaf_spot/e72c5427-8973-4ba3-9654-ac7197296aa4___Matt.S_CG 0854_final_masked.jpg,11
data/shared_subset/hybrid/pv/Corn_Gray_leaf_spot/338c8024-b930-49fa-bf1f-21d7874fb7fb___RS_GLSp 4319_final_masked.jpg,4
data/shared_subset/hybrid/pv/Apple_Scab_Leaf/85aad925-f1e2-463e-840b-266d49a56d1f___FREC_Scab 3100_final_masked.jpg,0
data/shared_subset/hybrid/pv/Squash_Powdery_mildew_leaf/d42b8779-0f87-4285-b968-d53e7f2f1287___UMD_Powd.M 0128_final_masked.jpg,9
data/shared_subset/hybrid/pv/Bell_pepper_leaf/fa21e46a-f995-469d-9dc9-c6908c9a32c8___JR_HL 8375_final_masked.jpg,2
data/shared_subset/hybrid/pv/Squash_Powdery_mildew_leaf/a4d2bf8e-f617-4f45-ac9c-a0b5e76d1313___MD_Powd.M 0395_final_masked.jpg,9
data/shared_subset/hybrid/pv/Tomato_leaf_bacterial_spot/aaa4e010-ef65-4513-af1c-be9fb857fe5d___GCREC_Bact.Sp 5895_final_masked.jpg,12
data/shared_subset/hybrid/pv/Bell_pepper_leaf_spot/e5a83007-3ed6-4621-ac3f-75337614f490___NREC_B.Spot 9209_final_masked.jpg,3
data/shared_subset/hybrid/pv/Tomato_leaf_late_blight/943a9a43-f61d-44f5-88c0-455d5d6c4746___GHLB Leaf 14 Day 7_final_masked.jpg,13
data/shared_subset/hybrid/pv/Apple_rust_leaf/f6af5eb5-6338-48a2-8b23-c7143b7f4a62___FREC_C.Rust 0016_final_masked.jpg,1
data/shared_subset/hybrid/pv/Tomato_Early_blight_leaf/a47435d5-cd96-4f92-96b9-edd35046c88f___RS_Erly.B 6390_final_masked.jpg,10
data/shared_subset/hybrid/pv/Tomato_leaf_yellow_virus/018c6768-6da7-4aa8-8285-52290d8bffab___UF.GRC_YLCV_Lab 02344_final_masked.jpg,15
data/shared_subset/hybrid/pv/Bell_pepper_leaf/f2bf8b5a-2463-49d7-83cd-097350e3ff20___JR_HL 8568_final_masked.jpg,2
data/shared_subset/hybrid/pv/Tomato_Septoria_leaf_spot/13d82f96-ac84-4176-abf9-f1fbaac4aabd___Matt.S_CG 0989_final_masked.jpg,11
data/shared_subset/hybrid/pv/Corn_leaf_blight/85f5a1b1-18bb-492e-834b-b908bebd3607___RS_NLB 0772_final_masked.jpg,5
data/shared_subset/hybrid/pv/Potato_leaf_early_blight/b6220993-c51f-48fa-bee9-fb5cb89cc0c4___RS_Early.B 7467_final_masked.jpg,7
data/shared_subset/hybrid/pv/Tomato_Septoria_leaf_spot/f0652fda-d9c2-445d-a1e8-12d716667df0___Keller.St_CG 1870_final_masked.jpg,11
data/shared_subset/hybrid/pv/Tomato_leaf_yellow_virus/eb7b3d4b-6d10-46e9-b182-15aeccb5982b___YLCV_NREC 0192_final_masked.jpg,15
data/shared_subset/hybrid/pv/Tomato_leaf_bacterial_spot/a3f46db1-a45c-4afa-9c80-86b4169459b9___GCREC_Bact.Sp 5754_final_masked.jpg,12
data/shared_subset/hybrid/pv/Potato_leaf_early_blight/0a0744dc-8486-4fbb-a44b-4d63e6db6197___RS_Early.B 7575_final_masked.jpg,7
data/shared_subset/hybrid/pv/Tomato_leaf_yellow_virus/18312065-ee12-45f2-b06a-e72132245a71___UF.GRC_YLCV_Lab 09377_final_masked.jpg,15
data/shared_subset/hybrid/pv/Tomato_leaf_yellow_virus/46476c84-3651-4706-af74-ccda9fb43719___UF.GRC_YLCV_Lab 08496_final_masked.jpg,15
data/shared_subset/hybrid/pv/Bell_pepper_leaf_spot/6d21b1fe-9e5d-4586-9726-14844ad5116f___JR_B.Spot 3120_final_masked.jpg,3
data/shared_subset/hybrid/pv/Tomato_leaf_yellow_virus/5d920f84-e994-4002-8600-b76d55d4ac18___UF.GRC_YLCV_Lab 03172_final_masked.jpg,15
data/shared_subset/hybrid/pv/Tomato_leaf_yellow_virus/9a699ebc-8da5-4d66-adf6-e7d7c6a498e5___UF.GRC_YLCV_Lab 02629_final_masked.jpg,15
data/shared_subset/hybrid/pv/Tomato_leaf_yellow_virus/24342d0b-36bf-45df-8a26-d4d748f52890___UF.GRC_YLCV_Lab 01940_final_masked.jpg,15
data/shared_subset/hybrid/pv/Tomato_leaf_yellow_virus/a60bd611-4f2f-4ea1-bdde-b5f871195a04___YLCV_NREC 0076_final_masked.jpg,15
data/shared_subset/hybrid/pv/Tomato_leaf_bacterial_spot/8c3a26fe-2c28-4f55-9a5b-3d8b2be54502___GCREC_Bact.Sp 3682_final_masked.jpg,12
data/shared_subset/hybrid/pv/Tomato_Septoria_leaf_spot/b459b9c8-30e2-4a65-be28-53d80243cac2___Keller.St_CG 1797_final_masked.jpg,11
data/shared_subset/hybrid/pv/Tomato_leaf_late_blight/03ccfc6a-8142-4f46-8eb5-f7fc77978081___RS_Late.B 4916_final_masked.jpg,13
data/shared_subset/hybrid/pv/Corn_rust_leaf/b000c64c-56f8-4e02-bfaf-d6ad6aae4577___RS_Rust 2134_final_masked.jpg,6
data/shared_subset/hybrid/pv/Tomato_leaf_late_blight/39535fa7-1b38-4828-9294-da1c24aa33ef___RS_Late.B 6901_final_masked.jpg,13
data/shared_subset/hybrid/pv/Tomato_leaf_late_blight/26a317de-3882-41ca-a83d-5f1f106b9a85___RS_Late.B 4967_final_masked.jpg,13
data/shared_subset/hybrid/pv/Tomato_leaf_yellow_virus/71429702-60e5-4716-a65d-8ff474c67939___YLCV_NREC 2201_final_masked.jpg,15
data/shared_subset/hybrid/pv/grape_leaf_black_rot/e671f7da-5f56-4409-8239-e31500250709___FAM_B.Rot 0743_final_masked.jpg,17
data/shared_subset/hybrid/pv/Bell_pepper_leaf/994996ff-e8dc-4aa4-86e6-bb348e24a9f2___JR_HL 8004_final_masked.jpg,2
data/shared_subset/hybrid/pv/Tomato_leaf_bacterial_spot/cd12526b-4a85-4329-95b0-63ed38fe9cc0___GCREC_Bact.Sp 5746_final_masked.jpg,12
data/shared_subset/hybrid/pv/Tomato_leaf_yellow_virus/e4dc2089-5562-4b74-8a1d-8cf1a6360097___YLCV_NREC 2079_final_masked.jpg,15
data/shared_subset/hybrid/pv/Bell_pepper_leaf_spot/f2c48f6c-f92e-4543-816c-0621648003fe___JR_B.Spot 9010_final_masked.jpg,3
data/shared_subset/hybrid/pv/Bell_pepper_leaf/f8fa9424-843e-4639-9b06-c8da74a4d52b___JR_HL 8425_final_masked.jpg,2
data/shared_subset/hybrid/pv/Tomato_leaf_bacterial_spot/9e6a8241-00d3-474b-a664-1f67015d5187___UF.GRC_BS_Lab Leaf 0309_final_masked.jpg,12
data/shared_subset/hybrid/pv/Tomato_leaf_yellow_virus/d1486e64-73a8-43a1-9997-11bcf42ceb6f___UF.GRC_YLCV_Lab 02163_final_masked.jpg,15
data/shared_subset/hybrid/pv/Tomato_leaf_mosaic_virus/99879471-2f23-494a-be42-a5817fabde96___PSU_CG 2381_final_masked.jpg,14
data/shared_subset/hybrid/pv/Tomato_mold_leaf/d4becf38-57b1-46c6-9dbe-fcb747edd287___Crnl_L.Mold 7134_final_masked.jpg,16
data/shared_subset/hybrid/pv/Tomato_leaf_late_blight/e4d4bf26-efb3-4e64-8355-20e433b5c139___RS_Late.B 7057_final_masked.jpg,13
data/shared_subset/hybrid/pv/Tomato_leaf_yellow_virus/9f6ec9ff-a4c4-425f-92ad-485b2cdc9a23___YLCV_GCREC 1997_final_masked.jpg,15
data/shared_subset/hybrid/pv/Tomato_Septoria_leaf_spot/009ce7ca-77de-4e4e-9f59-bec9162df779___Matt.S_CG 7403_final_masked.jpg,11
data/shared_subset/hybrid/pv/Tomato_mold_leaf/b5bff13f-7b25-4725-af06-11769005cda1___Crnl_L.Mold 8930_final_masked.jpg,16
data/shared_subset/hybrid/pv/Tomato_mold_leaf/6b6edf2a-0cb5-4a38-a16f-dc8faf705c46___Crnl_L.Mold 9032_final_masked.jpg,16
data/shared_subset/hybrid/pv/Apple_Scab_Leaf/be23de1a-2db8-4d7f-8b5f-cee56829d49c___FREC_Scab 2991_final_masked.jpg,0
data/shared_subset/hybrid/pv/Tomato_leaf_yellow_virus/ae4020d7-a5b6-44bb-b979-45b2eade8f8a___UF.GRC_YLCV_Lab 02560_final_masked.jpg,15
data/shared_subset/hybrid/pv/Tomato_Early_blight_leaf/2a5367b1-6732-4213-b095-5953251324ee___RS_Erly.B 7585_final_masked.jpg,10
data/shared_subset/hybrid/pv/grape_leaf_black_rot/ca97d478-17eb-43ee-90f2-725217415667___FAM_B.Rot 0622_final_masked.jpg,17
data/shared_subset/hybrid/pv/Bell_pepper_leaf/8dfad1c7-cec1-4d8d-99c6-e7504965b1f8___JR_HL 8642_final_masked.jpg,2
data/shared_subset/hybrid/pv/Potato_leaf_early_blight/34f44be4-9dc5-460b-896d-cd6593166fe7___RS_Early.B 8175_final_masked.jpg,7
data/shared_subset/hybrid/pv/Corn_Gray_leaf_spot/89a78c7f-dac6-426f-a0ad-397ce80e7a29___RS_GLSp 4289 copy 2_final_masked.jpg,4
data/shared_subset/hybrid/pv/Tomato_leaf_yellow_virus/c0017c23-2967-4d0a-8aea-92a899763538___UF.GRC_YLCV_Lab 02595_final_masked.jpg,15
data/shared_subset/hybrid/pv/grape_leaf_black_rot/2a0ee669-62f0-4f4a-8edc-c37e2bbe461d___FAM_B.Rot 3578_final_masked.jpg,17
data/shared_subset/hybrid/pv/Tomato_Septoria_leaf_spot/dc2dc933-0e6f-46ea-a490-55919ec329e6___Matt.S_CG 1304_final_masked.jpg,11
data/shared_subset/hybrid/pv/grape_leaf_black_rot/9236977d-9d74-4bb7-9ef0-7b2a6737e59e___FAM_B.Rot 3084_final_masked.jpg,17
data/shared_subset/hybrid/pv/Corn_leaf_blight/ac38d408-9cc0-4979-966e-b4bf6413e84c___RS_NLB 3732_final_masked.jpg,5
data/shared_subset/hybrid/pv/Squash_Powdery_mildew_leaf/aeba7d9b-5f38-4a5b-991f-93185f8878c8___MD_Powd.M 1017_final_masked.jpg,9
data/shared_subset/hybrid/pv/Corn_Gray_leaf_spot/02e6c80d-c86f-44ca-9d4c-4b100f92a839___RS_GLSp 4631_final_masked.jpg,4
data/shared_subset/hybrid/pv/Corn_leaf_blight/050342b4-44fa-4fba-8c56-88e3b575a78e___RS_NLB 3887_final_masked.jpg,5
data/shared_subset/hybrid/pv/Tomato_leaf_yellow_virus/eedf7b5f-d91d-46c4-9b0e-927ba6ed37ba___YLCV_NREC 0261_final_masked.jpg,15
data/shared_subset/hybrid/pv/Apple_rust_leaf/a39baf45-f09c-4b1f-a382-25c8f61f49c0___FREC_C.Rust 4123_final_masked.jpg,1
data/shared_subset/hybrid/pv/Tomato_Septoria_leaf_spot/ae6a7d48-2026-4e14-b16d-1e0302f39328___Matt.S_CG 2591_final_masked.jpg,11
data/shared_subset/hybrid/pv/Tomato_leaf_late_blight/e927308b-cd4a-4ff5-9654-218a6030e4a1___GHLB2 Leaf 8725_final_masked.jpg,13
data/shared_subset/hybrid/pv/grape_leaf_black_rot/e8fb99f3-0c62-4dc7-b651-1f71793e0074___FAM_B.Rot 3579_final_masked.jpg,17
data/shared_subset/hybrid/pv/Corn_Gray_leaf_spot/0c5973d2-b9e1-473c-a5d6-8e9854b918b9___RS_GLSp 9340_final_masked.jpg,4
data/shared_subset/hybrid/pv/Tomato_Early_blight_leaf/93533fec-94de-411f-a52e-38cd4d36dbee___RS_Erly.B 9558_final_masked.jpg,10
data/shared_subset/hybrid/pv/Tomato_leaf_bacterial_spot/a91426e9-ff5c-4b53-8d08-b3a0e0fcb6e8___UF.GRC_BS_Lab Leaf 9004_final_masked.jpg,12
data/shared_subset/hybrid/pv/Tomato_leaf_late_blight/dfed006d-7f5e-4a06-a73b-dc6cc837b59a___GHLB2 Leaf 8793_final_masked.jpg,13
data/shared_subset/hybrid/pv/Apple_rust_leaf/d4547913-b1ce-4620-b078-dbf24ea71764___FREC_C.Rust 4197_final_masked.jpg,1
data/shared_subset/hybrid/pv/Potato_leaf_early_blight/d9ebe6a0-d46e-47fe-950e-938f7ce83afb___RS_Early.B 7419_final_masked.jpg,7
data/shared_subset/hybrid/pv/Tomato_leaf_yellow_virus/c556bb1a-efa0-41ca-9a38-b8c913141f26___UF.GRC_YLCV_Lab 08432_final_masked.jpg,15
data/shared_subset/hybrid/pv/Tomato_leaf_yellow_virus/9d8c1626-e255-4198-9369-0c8bf051b8a1___YLCV_GCREC 2036_final_masked.jpg,15
data/shared_subset/hybrid/pv/Bell_pepper_leaf/a0519138-7416-45bd-9798-396a7a79302f___JR_HL 8117_final_masked.jpg,2
data/shared_subset/hybrid/pv/Tomato_Early_blight_leaf/493f53cc-b8d5-4c71-9446-30f0365f1e4b___RS_Erly.B 7583_final_masked.jpg,10
data/shared_subset/hybrid/pv/grape_leaf_black_rot/ad5d99ba-4dc2-49d5-9dcf-c6cc6c2833ea___FAM_B.Rot 3413_final_masked.jpg,17
data/shared_subset/hybrid/pv/Squash_Powdery_mildew_leaf/1c750a4f-5d39-4b8b-9f3d-2d5bcf691734___UMD_Powd.M 9923_final_masked.jpg,9
data/shared_subset/hybrid/pv/Potato_leaf_late_blight/b64e4518-147a-4a75-9f9b-33db8902aa12___RS_LB 3202_final_masked.jpg,8
data/shared_subset/hybrid/pv/Bell_pepper_leaf_spot/3cc682be-f9eb-4464-a385-7265d8871b03___NREC_B.Spot 1865_final_masked.jpg,3
data/shared_subset/hybrid/pv/Bell_pepper_leaf/af918bcc-6b43-40c6-b638-7294e3d64b52___JR_HL 8187_final_masked.jpg,2
data/shared_subset/hybrid/pv/Tomato_Septoria_leaf_spot/0663ec0d-8837-4ba8-82a4-89d8a07ca206___Matt.S_CG 0714_final_masked.jpg,11
data/shared_subset/hybrid/pv/Squash_Powdery_mildew_leaf/5937b190-f775-47af-804e-1fffa9cc1ae3___MD_Powd.M 9995_final_masked.jpg,9
data/shared_subset/hybrid/pv/Tomato_Septoria_leaf_spot/fb9766cd-052f-42df-96db-33602cf051e6___Matt.S_CG 6051_final_masked.jpg,11
data/shared_subset/hybrid/pv/Tomato_leaf_bacterial_spot/6992f9df-55ea-43ff-b1ee-96b200f9fd72___GCREC_Bact.Sp 5544_final_masked.jpg,12
data/shared_subset/hybrid/pv/Potato_leaf_early_blight/6bd7d398-9cce-4282-a853-9625a641ebd6___RS_Early.B 8416_final_masked.jpg,7
data/shared_subset/hybrid/pv/Tomato_leaf_yellow_virus/1bef6514-c4be-4417-a390-3c506d4f1404___UF.GRC_YLCV_Lab 02020_final_masked.jpg,15
data/shared_subset/hybrid/pv/grape_leaf_black_rot/9f1a7e23-58ff-41c9-a193-1e2fee242bff___FAM_B.Rot 0681_final_masked.jpg,17
data/shared_subset/hybrid/pv/Tomato_leaf_yellow_virus/d6eabf40-9977-454d-9165-ef18001c18bb___YLCV_NREC 2151_final_masked.jpg,15
data/shared_subset/hybrid/pv/Corn_leaf_blight/a4feb7a4-f0e0-4e95-8756-a50e893a0436___RS_NLB 4103_final_masked.jpg,5
data/shared_subset/hybrid/pv/Tomato_leaf_bacterial_spot/0f2247f4-7ffe-409c-9833-ce8a7723ee02___GCREC_Bact.Sp 6080_final_masked.jpg,12
data/shared_subset/hybrid/pv/Potato_leaf_early_blight/08029ccc-387e-4be6-9389-04f7b82fdb2a___RS_Early.B 9130_final_masked.jpg,7
data/shared_subset/hybrid/pv/Corn_leaf_blight/4fbae838-e991-4294-9126-7ab7d7838349___RS_NLB 4046_final_masked.jpg,5
data/shared_subset/hybrid/pv/Corn_leaf_blight/ecaf0f9a-338f-4065-bc84-7185d8394552___RS_NLB 3898_final_masked.jpg,5
data/shared_subset/hybrid/pv/Apple_Scab_Leaf/6a1f119d-d210-4a87-b17f-699436b82bef___FREC_Scab 3025_final_masked.jpg,0
data/shared_subset/hybrid/pv/Tomato_leaf_yellow_virus/8cf12f2f-30db-4019-9efd-6eabed9713f7___YLCV_NREC 2280_final_masked.jpg,15
data/shared_subset/hybrid/pv/Tomato_leaf_yellow_virus/75e3673f-9532-4b79-becb-855c353c2bd1___YLCV_GCREC 2555_final_masked.jpg,15
data/shared_subset/hybrid/pv/Tomato_leaf_bacterial_spot/7f4bdfa1-5d50-476f-9e79-1dbe00572974___GCREC_Bact.Sp 3004_final_masked.jpg,12
data/shared_subset/hybrid/pv/Squash_Powdery_mildew_leaf/bbf3c23f-1aed-4d87-8dc6-c81f3fcc35ef___MD_Powd.M 0862_final_masked.jpg,9
data/shared_subset/hybrid/pv/Tomato_Septoria_leaf_spot/f435fe48-700f-4595-940c-827f9fff5e92___Matt.S_CG 1409_final_masked.jpg,11
data/shared_subset/hybrid/pv/Tomato_leaf_late_blight/c9c8854f-00f2-4bec-b263-f03354f58114___RS_Late.B 6997_final_masked.jpg,13
data/shared_subset/hybrid/pv/Bell_pepper_leaf_spot/65a84ec0-79dc-4ae3-bfce-81c3f4b50a08___JR_B.Spot 8858_final_masked.jpg,3
data/shared_subset/hybrid/pv/Potato_leaf_early_blight/5abfa537-636f-41df-a833-311a3018aac9___RS_Early.B 8176_final_masked.jpg,7
data/shared_subset/hybrid/pv/Tomato_leaf_yellow_virus/5c02af99-ff3f-44b5-b3af-6d698498b352___YLCV_GCREC 2363_final_masked.jpg,15
data/shared_subset/hybrid/pv/Tomato_Early_blight_leaf/e20fb98a-26f9-43a1-8d55-e1daa9b6a455___RS_Erly.B 7351_final_masked.jpg,10
data/shared_subset/hybrid/pv/Tomato_leaf_late_blight/379e967d-88c2-422e-9f5f-e4b671fd4511___RS_Late.B 6253_final_masked.jpg,13
data/shared_subset/hybrid/pv/Bell_pepper_leaf/9d3315cd-67a3-42be-8002-a3fa5950bbd8___JR_HL 7932_final_masked.jpg,2
data/shared_subset/hybrid/pv/Tomato_leaf_bacterial_spot/ba30a8ef-d2b9-4c5a-8433-d52e0cdfa6fe___GCREC_Bact.Sp 3202_final_masked.jpg,12
data/shared_subset/hybrid/pv/Squash_Powdery_mildew_leaf/b9c279ea-19a2-41ba-acdf-3e2366d93a3a___UMD_Powd.M 0534_final_masked.jpg,9
data/shared_subset/hybrid/pv/Tomato_leaf_late_blight/5b80231f-8012-42bb-97d0-12c48a4a2450___GHLB2 Leaf 8546_final_masked.jpg,13
data/shared_subset/hybrid/pv/Tomato_leaf_late_blight/78863d29-72bb-494d-8f05-c5648130283f___GHLB2 Leaf 9112_final_masked.jpg,13
data/shared_subset/hybrid/pv/Tomato_leaf_yellow_virus/0c29886e-37b9-4468-b1ca-71e9c6c37414___YLCV_GCREC 2234_final_masked.jpg,15
data/shared_subset/hybrid/pv/Tomato_leaf_mosaic_virus/9a3941e6-32bc-4417-862b-2f03e4040b65___PSU_CG 2159_final_masked.jpg,14
data/shared_subset/hybrid/pv/Squash_Powdery_mildew_leaf/ad323f3d-6d89-4c90-aee5-97f33a73f825___UMD_Powd.M 9888_final_masked.jpg,9
data/shared_subset/hybrid/pv/Corn_leaf_blight/7a1e1c85-a9e3-4520-9349-8e374740c40a___RS_NLB 3753_final_masked.jpg,5
data/shared_subset/hybrid/pv/Bell_pepper_leaf_spot/357afd4d-f9d0-433b-8082-d9318a7f674a___NREC_B.Spot 9134_final_masked.jpg,3
data/shared_subset/hybrid/pv/Apple_Scab_Leaf/d9a98a38-faa1-47dc-9710-28a86f024a29___FREC_Scab 3490_final_masked.jpg,0
data/shared_subset/hybrid/pv/Corn_Gray_leaf_spot/639ec33d-bc8e-469b-8968-71f0ec060d18___RS_GLSp 4320_final_masked.jpg,4
data/shared_subset/hybrid/pv/Potato_leaf_early_blight/7d056cd3-76d1-49f5-8491-a25e4fc4f852___RS_Early.B 8414_final_masked.jpg,7
data/shared_subset/hybrid/pv/Tomato_leaf_late_blight/ab542ed7-985c-4d7c-a2ad-a5ba19b9496e___RS_Late.B 6454_final_masked.jpg,13
data/shared_subset/hybrid/pv/Tomato_leaf_bacterial_spot/e6167368-bc1b-4f68-a725-cbcee3d930fb___GCREC_Bact.Sp 3510_final_masked.jpg,12
data/shared_subset/hybrid/pv/Tomato_leaf_yellow_virus/d390a20d-375a-4a46-94a6-59d014b39760___YLCV_NREC 2125_final_masked.jpg,15
data/shared_subset/hybrid/pv/Tomato_leaf_yellow_virus/20725603-a5bc-47a2-b087-ede929c0bfe6___UF.GRC_YLCV_Lab 01830_final_masked.jpg,15
data/shared_subset/hybrid/pv/Tomato_leaf_mosaic_virus/a03ed170-8835-4339-9d11-ab36c11c4b5a___PSU_CG 2394_final_masked.jpg,14
data/shared_subset/hybrid/pv/Tomato_leaf_mosaic_virus/2f240e5e-cbb9-406a-98aa-12028411429c___PSU_CG 2123_final_masked.jpg,14
data/shared_subset/hybrid/pv/Tomato_leaf_mosaic_virus/67ccd0d2-9b55-48a7-b093-a616d9c57845___PSU_CG 2307_final_masked.jpg,14
data/shared_subset/hybrid/pv/Potato_leaf_late_blight/0450570b-44d1-4290-956d-5d970164a2e2___RS_LB 5160_final_masked.jpg,8
data/shared_subset/hybrid/pv/Tomato_Early_blight_leaf/99ea67c9-4c24-40b3-8a62-88233a53dc4a___RS_Erly.B 7522_final_masked.jpg,10
data/shared_subset/hybrid/pv/Potato_leaf_late_blight/1531198a-c611-47ee-af7d-7b124b863870___RS_LB 4793_final_masked.jpg,8
data/shared_subset/hybrid/pv/Squash_Powdery_mildew_leaf/682d83e2-0db6-48fa-87dd-c7c247aabfb0___UMD_Powd.M 9942_final_masked.jpg,9
data/shared_subset/hybrid/pv/Tomato_leaf_yellow_virus/bfe1c9a4-6fda-4d71-8f99-795bfcebae55___UF.GRC_YLCV_Lab 02187_final_masked.jpg,15
data/shared_subset/hybrid/pv/Bell_pepper_leaf_spot/20a9aed4-ba56-413d-b88d-f4491cf184b3___JR_B.Spot 3265_final_masked.jpg,3
data/shared_subset/hybrid/pv/Tomato_Septoria_leaf_spot/eb198452-aee4-4d4f-a460-2a41a914ba1d___Matt.S_CG 0929_final_masked.jpg,11
data/shared_subset/hybrid/pv/Corn_rust_leaf/fc5c7c0d-59f7-4985-ba45-05216f128a82___RS_Rust 1732_final_masked.jpg,6
data/shared_subset/hybrid/pv/Tomato_mold_leaf/77cd3874-ca19-4bfc-a112-696b240a88f9___Crnl_L.Mold 6652_final_masked.jpg,16
data/shared_subset/hybrid/pv/Tomato_leaf_late_blight/1e2fe7d3-3d69-4cf6-aef7-e9975940bd40___GHLB2 Leaf 77_final_masked.jpg,13
data/shared_subset/hybrid/pv/Squash_Powdery_mildew_leaf/f7f18a4b-282f-4c0f-a39c-c3ed336a21fe___MD_Powd.M 1047_final_masked.jpg,9
data/shared_subset/hybrid/pv/Tomato_leaf_yellow_virus/65c2ca47-30ff-44f5-88c0-c450fc63fe9d___YLCV_GCREC 5206_final_masked.jpg,15
data/shared_subset/hybrid/pv/Bell_pepper_leaf_spot/113d374f-8b12-454c-84cc-ee91043bc988___NREC_B.Spot 9146_final_masked.jpg,3
data/shared_subset/hybrid/pv/Potato_leaf_early_blight/a02f78b3-da52-400a-ab11-7184df9ea485___RS_Early.B 8403_final_masked.jpg,7
data/shared_subset/hybrid/pv/Tomato_Septoria_leaf_spot/092bc641-e271-4bf6-bbe7-451fd3ffc6f1___JR_Sept.L.S 8484_final_masked.jpg,11
data/shared_subset/hybrid/pv/Tomato_leaf_yellow_virus/7a2cb83d-4fcc-47bd-a893-ad284db06267___YLCV_NREC 2816_final_masked.jpg,15
data/shared_subset/hybrid/pv/Tomato_leaf_late_blight/29e99d11-44d0-4c6c-8183-c3e7be56ce58___RS_Late.B 7093_final_masked.jpg,13
data/shared_subset/hybrid/pv/Squash_Powdery_mildew_leaf/4b0118f8-d897-4cf5-a9c9-81c23a7fe57f___UMD_Powd.M 0611_final_masked.jpg,9
data/shared_subset/hybrid/pv/Squash_Powdery_mildew_leaf/f047e076-a56c-45d5-9ad6-1c502a6fb5ea___MD_Powd.M 9962_final_masked.jpg,9
data/shared_subset/hybrid/pv/Bell_pepper_leaf/4498790b-0f2a-42bd-be32-509229d8593c___JR_HL 8667_final_masked.jpg,2
data/shared_subset/hybrid/pv/Tomato_leaf_yellow_virus/5a2e181b-cfa0-4fe7-ad62-f1389353a362___UF.GRC_YLCV_Lab 02418_final_masked.jpg,15
data/shared_subset/hybrid/pv/Apple_Scab_Leaf/518ab601-3736-4d3b-9770-a0efba601c0e___FREC_Scab 3231_final_masked.jpg,0
data/shared_subset/hybrid/pv/Squash_Powdery_mildew_leaf/14d71352-e703-45c1-a2ee-190707b9cbf0___UMD_Powd.M 9724_final_masked.jpg,9
data/shared_subset/hybrid/pv/Tomato_leaf_yellow_virus/f16a755a-b69f-4304-a292-4b32e00b34be___UF.GRC_YLCV_Lab 03007_final_masked.jpg,15
data/shared_subset/hybrid/pv/Tomato_leaf_mosaic_virus/5c49d086-dc47-480e-b5b1-0b69bacb66bf___PSU_CG 2241_final_masked.jpg,14
data/shared_subset/hybrid/pv/Squash_Powdery_mildew_leaf/0a7d6d43-676a-4e5c-98d3-c1843231e772___UMD_Powd.M 0272_final_masked.jpg,9
data/shared_subset/hybrid/pv/Corn_leaf_blight/31104df7-10fe-4dea-a3fe-2c65ecbf2b1f___RS_NLB 3991_final_masked.jpg,5
data/shared_subset/hybrid/pv/Tomato_leaf_late_blight/1b36d656-ee17-43a1-8f47-0d163c69f754___RS_Late.B 5605_final_masked.jpg,13
data/shared_subset/hybrid/pv/Tomato_leaf_yellow_virus/f7dd391f-26cd-42df-8e92-2aa4cdf5d28b___UF.GRC_YLCV_Lab 01909_final_masked.jpg,15
data/shared_subset/hybrid/pv/Tomato_leaf_yellow_virus/cd1ce1ef-ddc8-482d-8756-30313109786e___YLCV_NREC 2571_final_masked.jpg,15
data/shared_subset/hybrid/pv/Bell_pepper_leaf_spot/692729b9-8d2b-49a7-ac16-ce892964d91b___JR_B.Spot 3140_final_masked.jpg,3
data/shared_subset/hybrid/pv/Tomato_Septoria_leaf_spot/503090fa-3111-4746-ad81-caa2433aaabf___Matt.S_CG 6350_final_masked.jpg,11
data/shared_subset/hybrid/pv/Tomato_leaf_bacterial_spot/f88ed2e0-d8ed-475e-b96a-09b22cf56684___GCREC_Bact.Sp 3357_final_masked.jpg,12
data/shared_subset/hybrid/pv/Tomato_leaf_yellow_virus/d201cca8-3d9f-4d44-913a-c940f26df2f7___YLCV_NREC 2108_final_masked.jpg,15
data/shared_subset/hybrid/pv/Tomato_leaf_yellow_virus/f522c5d0-b44e-44dc-b1eb-3fdad642b9fa___UF.GRC_YLCV_Lab 02331_final_masked.jpg,15
data/shared_subset/hybrid/pv/Corn_Gray_leaf_spot/7532276c-6dcc-4c1b-9597-14a40d0414dd___RS_GLSp 4606_final_masked.jpg,4
data/shared_subset/hybrid/pv/Tomato_leaf_yellow_virus/6ce8a914-e93e-4597-bc63-56cce724fd4b___UF.GRC_YLCV_Lab 01411_final_masked.jpg,15
data/shared_subset/hybrid/pv/Tomato_leaf_yellow_virus/a8b4c0db-36d5-4cb5-b4e1-02405ef251b0___UF.GRC_YLCV_Lab 08499_final_masked.jpg,15
data/shared_subset/hybrid/pv/Tomato_mold_leaf/970e073d-a091-4be9-9a3a-42374ecfe7c8___Crnl_L.Mold 8627_final_masked.jpg,16
data/shared_subset/hybrid/pv/Tomato_leaf_bacterial_spot/2a2d11a9-e334-491f-8d43-66320cd26010___GCREC_Bact.Sp 6124_final_masked.jpg,12
data/shared_subset/hybrid/pv/Tomato_leaf_yellow_virus/3a389749-e245-4308-a1c6-a4d872e2833c___UF.GRC_YLCV_Lab 02871_final_masked.jpg,15
data/shared_subset/hybrid/pv/Corn_rust_leaf/bd3fb027-a8ef-43e9-a37d-39ba4bd59e8c___RS_Rust 2276_final_masked.jpg,6
data/shared_subset/hybrid/pv/Bell_pepper_leaf/89af662a-f923-49c8-b99a-9cdfa4a8ba32___JR_HL 7790_final_masked.jpg,2
data/shared_subset/hybrid/pv/Bell_pepper_leaf_spot/ea460c0a-532e-492b-93fa-5b9b936c7506___NREC_B.Spot 1810_final_masked.jpg,3
data/shared_subset/hybrid/pv/Bell_pepper_leaf_spot/0efa6329-22f4-4bf0-a67a-17b0d5e4d2f2___NREC_B.Spot 9145_final_masked.jpg,3
data/shared_subset/hybrid/pv/grape_leaf_black_rot/b0a98f0a-4996-4b4b-959f-fcd90f0ea4aa___FAM_B.Rot 0694_final_masked.jpg,17
data/shared_subset/hybrid/pv/Corn_rust_leaf/5aee7bfb-a2c1-4644-9e89-c4b382215cdc___RS_Rust 1980_final_masked.jpg,6
data/shared_subset/hybrid/pv/Potato_leaf_late_blight/351a1e47-c9b5-4b38-a5c1-b3d390bfe506___RS_LB 4429_final_masked.jpg,8
data/shared_subset/hybrid/pv/Apple_Scab_Leaf/774fb249-80b5-4575-ab5a-5459a9c14ef6___FREC_Scab 3024_final_masked.jpg,0
data/shared_subset/hybrid/pv/Squash_Powdery_mildew_leaf/078f6b71-13ac-4867-9108-c3d7b33ba0ba___UMD_Powd.M 0361_final_masked.jpg,9
data/shared_subset/hybrid/pv/Tomato_leaf_late_blight/c1a8547c-0345-490b-840b-124dbf54fbd4___GHLB2 Leaf 8541_final_masked.jpg,13
data/shared_subset/hybrid/pv/Tomato_leaf_mosaic_virus/b2cb36e6-ff72-4518-b344-a6500af4fa40___PSU_CG 2332_final_masked.jpg,14
data/shared_subset/hybrid/pv/Tomato_leaf_late_blight/44673e7b-c880-4853-8816-065724e6c1ec___GHLB2 Leaf 8745_final_masked.jpg,13
data/shared_subset/hybrid/pv/Tomato_Septoria_leaf_spot/2d640131-6b73-4b67-bb77-00266ff41bb8___JR_Sept.L.S 8531_final_masked.jpg,11
data/shared_subset/hybrid/pv/Squash_Powdery_mildew_leaf/51208f49-d9bf-4bde-be33-4e8b02e5a753___UMD_Powd.M 0446_final_masked.jpg,9
data/shared_subset/hybrid/pv/Corn_rust_leaf/2cde7da3-d637-4f4a-92d3-0099d04942f8___RS_Rust 1855_final_masked.jpg,6
data/shared_subset/hybrid/pv/Tomato_leaf_yellow_virus/f92fbb8b-b8fa-459a-a8af-2544f9d7cc7d___YLCV_GCREC 2933_final_masked.jpg,15
data/shared_subset/hybrid/pv/Tomato_leaf_yellow_virus/3a0aae44-b088-456b-bec2-0b223e570470___YLCV_NREC 2294_final_masked.jpg,15
data/shared_subset/hybrid/pv/Tomato_leaf_yellow_virus/9bfe3055-ad97-450a-826b-9c4fa0541931___YLCV_NREC 2683_final_masked.jpg,15
data/shared_subset/hybrid/pv/Tomato_leaf_late_blight/861d8b00-57a4-46b0-b51a-09d102dbe119___GHLB_PS Leaf 24 Day 13_final_masked.jpg,13
data/shared_subset/hybrid/pv/Tomato_leaf_yellow_virus/4857c174-710f-4a0e-a3df-74b8a15bc081___UF.GRC_YLCV_Lab 02543_final_masked.jpg,15
data/shared_subset/hybrid/pv/Tomato_leaf_yellow_virus/baa0acd2-1824-4206-8e9d-cb4338f58864___UF.GRC_YLCV_Lab 01942_final_masked.jpg,15
data/shared_subset/hybrid/pv/Tomato_leaf_bacterial_spot/569caa32-079d-49bd-bb70-212e71f1de31___GCREC_Bact.Sp 5787_final_masked.jpg,12
data/shared_subset/hybrid/pv/Corn_rust_leaf/0e419192-5d20-415c-b5b5-40e65e5e7d7f___RS_Rust 1691_final_masked.jpg,6
data/shared_subset/hybrid/pv/Potato_leaf_late_blight/1cd0b065-e637-4307-9e0a-9c20dc44cc59___RS_LB 4784_final_masked.jpg,8
data/shared_subset/hybrid/pv/Corn_rust_leaf/98e74e4a-3214-4584-9249-8df4876d8c6c___RS_Rust 1851_final_masked.jpg,6
data/shared_subset/hybrid/pv/Tomato_leaf_mosaic_virus/0c676b36-7985-42e8-b550-83e2b1c55535___PSU_CG 2177_final_masked.jpg,14
data/shared_subset/hybrid/pv/Bell_pepper_leaf/d001c6f1-3c5a-470b-b4a2-7996b9c68cd6___JR_HL 7695_final_masked.jpg,2
data/shared_subset/hybrid/pv/Tomato_leaf_yellow_virus/4df08bed-1278-48e5-b412-72ee13f3cc37___YLCV_NREC 2356_final_masked.jpg,15
data/shared_subset/hybrid/pv/Potato_leaf_late_blight/8b0ef54c-6d28-47bb-a657-287afbb8a620___RS_LB 3298_final_masked.jpg,8
data/shared_subset/hybrid/pv/Squash_Powdery_mildew_leaf/26f04478-870f-40ec-8821-bf531b90948c___UMD_Powd.M 0087_final_masked.jpg,9
data/shared_subset/hybrid/pv/Tomato_leaf_yellow_virus/7d9d7a78-4578-4722-9f1f-3c837f0bd3fd___YLCV_GCREC 1945_final_masked.jpg,15
data/shared_subset/hybrid/pv/Tomato_leaf_late_blight/4ae26730-1f0b-4f49-aad5-774f0ed4df35___GHLB2 Leaf 8621_final_masked.jpg,13
data/shared_subset/hybrid/pv/Apple_Scab_Leaf/f0b1c450-fdbd-402f-9309-e7d5d06bc0e7___FREC_Scab 3210_final_masked.jpg,0
data/shared_subset/hybrid/pv/Apple_Scab_Leaf/d42691a9-d8a5-43f9-b9e6-7a2cd5bc8371___FREC_Scab 3224_final_masked.jpg,0
data/shared_subset/hybrid/pv/Squash_Powdery_mildew_leaf/6a688fd3-27e6-43b2-aa4d-9c6347cf1fda___MD_Powd.M 0404_final_masked.jpg,9
data/shared_subset/hybrid/pv/Tomato_leaf_bacterial_spot/3381632e-1e9b-4141-b6a2-b42c8fd06c87___GCREC_Bact.Sp 6009_final_masked.jpg,12
data/shared_subset/hybrid/pv/Tomato_leaf_yellow_virus/bd24a639-b272-4104-bc84-b9cabc628893___YLCV_GCREC 5462_final_masked.jpg,15
data/shared_subset/hybrid/pv/Tomato_Septoria_leaf_spot/27c7ab66-e5fe-477e-8aab-4ece72a04843___JR_Sept.L.S 8432_final_masked.jpg,11
data/shared_subset/hybrid/pv/Bell_pepper_leaf/06ae69f3-53f7-4ad8-b6b0-185dd26b2fc0___JR_HL 7971_final_masked.jpg,2
data/shared_subset/hybrid/pv/Tomato_leaf_late_blight/e5b328bf-1f13-4831-bd63-b1bdb30f02d9___GHLB2 Leaf 8674_final_masked.jpg,13
data/shared_subset/hybrid/pv/Bell_pepper_leaf_spot/bd493982-5fe3-4851-b4d3-1e9e962f1d70___NREC_B.Spot 1876_final_masked.jpg,3
data/shared_subset/hybrid/pv/Squash_Powdery_mildew_leaf/fb29e065-aa71-40af-88ef-0385bb98b9e8___UMD_Powd.M 0123_final_masked.jpg,9
data/shared_subset/hybrid/pv/Tomato_leaf_yellow_virus/380b5f5d-be1f-4f2b-845e-14c432228bfd___UF.GRC_YLCV_Lab 02381_final_masked.jpg,15
data/shared_subset/hybrid/pv/Tomato_Septoria_leaf_spot/728282b2-23d3-4afc-8c95-94bd2fd296e1___JR_Sept.L.S 2583_final_masked.jpg,11
data/shared_subset/hybrid/pv/grape_leaf_black_rot/9a03ec52-8f54-4a8b-9a4b-e6ca129f11c1___FAM_B.Rot 0700_final_masked.jpg,17
data/shared_subset/hybrid/pv/Bell_pepper_leaf/6b0af08c-3f98-4077-94ab-5a35527fbf08___JR_HL 7589_final_masked.jpg,2
data/shared_subset/hybrid/pv/Tomato_leaf_yellow_virus/3234e386-f564-46ef-a060-37270bb8a329___YLCV_GCREC 5259_final_masked.jpg,15
data/shared_subset/hybrid/pv/Potato_leaf_early_blight/4e7faad5-4f3c-432a-8a71-bbe198aece77___RS_Early.B 7354_final_masked.jpg,7
data/shared_subset/hybrid/pv/Tomato_leaf_mosaic_virus/a2bc1805-22f6-48a3-8718-cd2b0ed9eb16___PSU_CG 2225_final_masked.jpg,14
data/shared_subset/hybrid/pv/Potato_leaf_late_blight/6fc1834e-7909-4177-9480-6cd9f23109b4___RS_LB 4023_final_masked.jpg,8
data/shared_subset/hybrid/pv/Tomato_leaf_yellow_virus/ff8a2419-99e2-4bb8-ba94-691cb9773930___YLCV_GCREC 5393_final_masked.jpg,15
data/shared_subset/hybrid/pv/Tomato_Septoria_leaf_spot/cb7fe525-0005-4966-ae8d-e6ebb11a260c___Keller.St_CG 1937_final_masked.jpg,11
data/shared_subset/hybrid/pv/Corn_rust_leaf/13dc56cc-47a0-4677-8355-5808f86580f3___RS_Rust 2347_final_masked.jpg,6
data/shared_subset/hybrid/pv/Tomato_leaf_bacterial_spot/99dd70e6-925c-43df-b82a-66137e9663a4___GCREC_Bact.Sp 5848_final_masked.jpg,12
data/shared_subset/hybrid/pv/Tomato_leaf_yellow_virus/09621d88-f15b-444a-880d-7b6d7db788ab___UF.GRC_YLCV_Lab 02604_final_masked.jpg,15
data/shared_subset/hybrid/pv/Tomato_leaf_bacterial_spot/bf962eca-a579-4f9d-aab4-7406179290b9___GCREC_Bact.Sp 6283_final_masked.jpg,12
data/shared_subset/hybrid/pv/Tomato_Septoria_leaf_spot/07dd57ec-cbf0-4fc1-b680-6b3226da51e4___JR_Sept.L.S 8524_final_masked.jpg,11
data/shared_subset/hybrid/pv/Tomato_Septoria_leaf_spot/2f161206-d4aa-4e2a-a0a5-96213d42198d___JR_Sept.L.S 2589_final_masked.jpg,11
data/shared_subset/hybrid/pv/Tomato_leaf_yellow_virus/3bbaf1c9-cf67-44b5-95c0-486e9005b0fb___YLCV_GCREC 5182_final_masked.jpg,15
data/shared_subset/hybrid/pv/Potato_leaf_early_blight/8df7a062-73d6-468e-8354-baa641dd69b3___RS_Early.B 7072_final_masked.jpg,7
data/shared_subset/hybrid/pv/Tomato_leaf_mosaic_virus/79f7f0e7-f4c8-4cf4-9c5d-2c4c4675fc04___PSU_CG 2147_final_masked.jpg,14
data/shared_subset/hybrid/pv/Apple_Scab_Leaf/154842bb-6ee3-4176-9007-cf7a43cfe140___FREC_Scab 3434_final_masked.jpg,0
data/shared_subset/hybrid/pv/Squash_Powdery_mildew_leaf/a1b88f50-0098-4d24-b9f2-7e9450320497___MD_Powd.M 0365_final_masked.jpg,9
data/shared_subset/hybrid/pv/Potato_leaf_late_blight/2f7b6898-a342-42a5-a0e5-a9f2bad7eaf1___RS_LB 2831_final_masked.jpg,8
data/shared_subset/hybrid/pv/Bell_pepper_leaf/0984b7ed-2a64-40fe-b0fa-ff440b0fc8e4___JR_HL 8600_final_masked.jpg,2
data/shared_subset/hybrid/pv/Corn_rust_leaf/f628feab-5301-4c63-a40e-760ff378e687___RS_Rust 1816_final_masked.jpg,6
data/shared_subset/hybrid/pv/Squash_Powdery_mildew_leaf/284d48a5-c4fc-486a-85f9-8ba599bf1ecf___UMD_Powd.M 0633_final_masked.jpg,9
data/shared_subset/hybrid/pv/Tomato_leaf_late_blight/8da9d06c-bc6c-45d1-abd5-e864a8293aae___RS_Late.B 4934_final_masked.jpg,13
data/shared_subset/hybrid/pv/Tomato_Early_blight_leaf/aeb5a5ed-0672-49e9-a805-74b9390d4972___RS_Erly.B 9529_final_masked.jpg,10
data/shared_subset/hybrid/pv/Tomato_leaf_bacterial_spot/dcc6402f-a868-4766-9e4b-8578b0705f82___GCREC_Bact.Sp 3526_final_masked.jpg,12
data/shared_subset/hybrid/pv/Tomato_leaf_late_blight/dd8c1f50-0407-4011-8dea-a8d0e6c7dbf1___RS_Late.B 6725_final_masked.jpg,13
data/shared_subset/hybrid/pv/Tomato_leaf_yellow_virus/aea34fa2-af1f-4f31-ae42-0707014cdc29___UF.GRC_YLCV_Lab 08445_final_masked.jpg,15
data/shared_subset/hybrid/pv/Tomato_leaf_yellow_virus/6d9a72c4-5c43-4889-8faf-99fdaeb269b2___UF.GRC_YLCV_Lab 03312_final_masked.jpg,15
data/shared_subset/hybrid/pv/Tomato_leaf_late_blight/537465e6-a88a-44d9-aa89-4e3877cee904___RS_Late.B 5433_final_masked.jpg,13
data/shared_subset/hybrid/pv/Tomato_leaf_yellow_virus/9fbc796c-a39c-433f-9173-ff72cd4bf98a___UF.GRC_YLCV_Lab 08515_final_masked.jpg,15
data/shared_subset/hybrid/pv/Potato_leaf_early_blight/b76550de-8e3a-46f1-b06f-6bd4ed3dc8a5___RS_Early.B 8456_final_masked.jpg,7
data/shared_subset/hybrid/pv/Tomato_Septoria_leaf_spot/ba03e414-81d2-44ec-ab16-bf279266d531___Matt.S_CG 2697_final_masked.jpg,11
data/shared_subset/hybrid/pv/Tomato_leaf_yellow_virus/0823b64f-0025-4995-a7ae-a15297c221bd___UF.GRC_YLCV_Lab 03332_final_masked.jpg,15
data/shared_subset/hybrid/pv/Tomato_leaf_yellow_virus/ff07cd60-e1c8-4888-ad64-da5c000c4df3___UF.GRC_YLCV_Lab 02412_final_masked.jpg,15
data/shared_subset/hybrid/pv/Tomato_leaf_bacterial_spot/538b69f4-6f98-4bd6-8da7-8f8448c8731b___GCREC_Bact.Sp 5775_final_masked.jpg,12
data/shared_subset/hybrid/pv/Tomato_mold_leaf/f456169c-83b5-4fd6-8c0a-41f36fb23ac7___Crnl_L.Mold 6693_final_masked.jpg,16
data/shared_subset/hybrid/pv/Tomato_Septoria_leaf_spot/52b3119d-4f5e-41b0-948f-7a1d3b1341eb___JR_Sept.L.S 8495_final_masked.jpg,11
data/shared_subset/hybrid/pv/Apple_rust_leaf/8a2c7dda-c639-47f2-8f10-3bd33d24a08e___FREC_C.Rust 3929_final_masked.jpg,1
data/shared_subset/hybrid/pv/Tomato_leaf_late_blight/1ea54b98-1f87-4da7-9bc2-f6460f18b376___RS_Late.B 6713_final_masked.jpg,13
data/shared_subset/hybrid/pv/Tomato_leaf_yellow_virus/7e9191c4-0421-4171-8e46-bb076ab6c692___YLCV_NREC 2494_final_masked.jpg,15
data/shared_subset/hybrid/pv/Tomato_Septoria_leaf_spot/041684a2-1a2c-430f-ab09-b17293f015bc___JR_Sept.L.S 8400_final_masked.jpg,11
data/shared_subset/hybrid/pv/Tomato_leaf_yellow_virus/aba9fc82-47a2-4536-baeb-16a74b394a15___UF.GRC_YLCV_Lab 02470_final_masked.jpg,15
data/shared_subset/hybrid/pv/Tomato_mold_leaf/e33b960c-9d75-4de7-a310-ac39e5f326a4___Crnl_L.Mold 6689_final_masked.jpg,16
data/shared_subset/hybrid/pv/Corn_leaf_blight/b88f09d6-6951-48bc-ac61-ca9cc9e988fa___RS_NLB 0828_final_masked.jpg,5
data/shared_subset/hybrid/pv/Tomato_Septoria_leaf_spot/267884af-5e80-43e4-bace-0c8d3dd2a23d___Matt.S_CG 6230_final_masked.jpg,11
data/shared_subset/hybrid/pv/Squash_Powdery_mildew_leaf/7da620c2-1ef6-4677-bf39-a2cd003382f0___MD_Powd.M 0877_final_masked.jpg,9
data/shared_subset/hybrid/pv/Corn_rust_leaf/2efdbf60-8ee8-41f3-8c3c-c8b44ade28dd___RS_Rust 2025_final_masked.jpg,6
data/shared_subset/hybrid/pv/Tomato_Septoria_leaf_spot/0df95a30-e5bd-4fec-8271-c2de4e79a7e7___Keller.St_CG 1978_final_masked.jpg,11
data/shared_subset/hybrid/pv/Bell_pepper_leaf/28e50a98-883a-418d-bbcb-01b8e44a11b5___JR_HL 8160_final_masked.jpg,2
data/shared_subset/hybrid/pv/Tomato_leaf_yellow_virus/038d757b-d3ae-497b-9a96-00a1d60a8a20___UF.GRC_YLCV_Lab 01358_final_masked.jpg,15
data/shared_subset/hybrid/pv/Tomato_Septoria_leaf_spot/50cb3118-d96b-4805-b975-99a443575a64___Matt.S_CG 7409_final_masked.jpg,11
data/shared_subset/hybrid/pv/Squash_Powdery_mildew_leaf/0ebcf6bf-283a-45a9-bd60-ec5bc2b5f864___UMD_Powd.M 9986_final_masked.jpg,9
data/shared_subset/hybrid/pv/Corn_rust_leaf/3e3d0f4a-8d29-436d-81cc-7d16e5daa09c___RS_Rust 1971_final_masked.jpg,6
data/shared_subset/hybrid/pv/Squash_Powdery_mildew_leaf/c0412e5f-de1e-4a1f-ad05-4883704ba929___MD_Powd.M 0016_final_masked.jpg,9
data/shared_subset/hybrid/pv/Tomato_leaf_yellow_virus/d1b947df-f603-46ed-b0a5-a76bf71b6138___UF.GRC_YLCV_Lab 02772_final_masked.jpg,15
data/shared_subset/hybrid/pv/Tomato_leaf_late_blight/5688ea99-c949-41d0-bbab-9cbf0ffb8bcd___GHLB2 Leaf 8677_final_masked.jpg,13
data/shared_subset/hybrid/pv/Tomato_Early_blight_leaf/e56354a5-5e3f-4ed6-bfe5-3c783a32dc98___RS_Erly.B 9413_final_masked.jpg,10
data/shared_subset/hybrid/pv/Tomato_leaf_yellow_virus/6642faa4-851e-4bff-a8ce-3248f3dfd01b___YLCV_GCREC 2873_final_masked.jpg,15
data/shared_subset/hybrid/pv/Tomato_Early_blight_leaf/ea08bf85-06df-41d8-8b09-29feb53cdccf___RS_Erly.B 7486_final_masked.jpg,10
data/shared_subset/hybrid/pv/Bell_pepper_leaf/c1d35110-f0c3-49b6-a570-a3f69f41e857___JR_HL 7652_final_masked.jpg,2
data/shared_subset/hybrid/pv/Tomato_mold_leaf/f6c11a02-6f44-4e15-aab8-50cb8d79bc62___Crnl_L.Mold 9166_final_masked.jpg,16
data/shared_subset/hybrid/pv/Corn_leaf_blight/ae7fbdce-0d55-41d7-bbc9-a8f043771636___RS_NLB 4669_final_masked.jpg,5
data/shared_subset/hybrid/pv/Tomato_Septoria_leaf_spot/8d9de432-48bb-4a21-9288-6ea97064edb8___Keller.St_CG 1917_final_masked.jpg,11
data/shared_subset/hybrid/pv/Tomato_leaf_late_blight/cd8e0f91-3cbd-4327-9966-e8d3424d2612___GHLB2 Leaf 8713_final_masked.jpg,13
data/shared_subset/hybrid/pv/Tomato_leaf_yellow_virus/d94da0c5-3968-4f17-8b5d-2248178ffd07___UF.GRC_YLCV_Lab 01511_final_masked.jpg,15
data/shared_subset/hybrid/pv/Tomato_leaf_yellow_virus/ac68da83-a9a2-4d22-b6ab-977e7e0f1fdd___UF.GRC_YLCV_Lab 03156_final_masked.jpg,15
data/shared_subset/hybrid/pv/Tomato_leaf_bacterial_spot/a7c50117-d297-469d-8a1c-6ec7a5a6f2df___GCREC_Bact.Sp 5769_final_masked.jpg,12
data/shared_subset/hybrid/pv/Tomato_leaf_yellow_virus/709a8acc-35e1-450b-844c-46bbe6cab281___YLCV_NREC 0252_final_masked.jpg,15
data/shared_subset/hybrid/pv/Tomato_leaf_bacterial_spot/2ca9ca04-4520-46bd-8a08-f6f9f95e7369___GCREC_Bact.Sp 6082_final_masked.jpg,12
data/shared_subset/hybrid/pv/Tomato_Septoria_leaf_spot/5e23a1a8-d7b8-4bf4-9f02-941159d8ed44___JR_Sept.L.S 8382_final_masked.jpg,11
data/shared_subset/hybrid/pv/Bell_pepper_leaf/08203033-de6c-41fc-b5d2-ea5d3ac9da4f___JR_HL 5854_final_masked.jpg,2
data/shared_subset/hybrid/pv/Tomato_leaf_yellow_virus/23a0a5b5-3fbd-4775-a5ed-2774e5fdd190___YLCV_NREC 2577_final_masked.jpg,15
data/shared_subset/hybrid/pv/Tomato_leaf_late_blight/729bd3cf-64cc-40d3-9cec-5f52e3c3aeb3___RS_Late.B 5630_final_masked.jpg,13
data/shared_subset/hybrid/pv/Tomato_Early_blight_leaf/591ec786-c9bb-4054-be3a-055f0dbecbd2___RS_Erly.B 7416_final_masked.jpg,10
data/shared_subset/hybrid/pv/Potato_leaf_late_blight/d8e3b97f-d362-4e05-8600-a103580aace4___RS_LB 4773_final_masked.jpg,8
data/shared_subset/hybrid/pv/Tomato_leaf_yellow_virus/c84addc9-3549-4815-b2bc-746b3f94ad32___YLCV_GCREC 5524_final_masked.jpg,15
data/shared_subset/hybrid/pv/Bell_pepper_leaf/c02c082f-9827-4362-be48-e34c12c9d084___JR_HL 8334_final_masked.jpg,2
data/shared_subset/hybrid/pv/Apple_rust_leaf/68a4878f-c220-49ff-a858-5b026e56e7b0___FREC_C.Rust 9844_final_masked.jpg,1
data/shared_subset/hybrid/pv/grape_leaf_black_rot/d6cfcd4a-00f3-475b-9e65-0df8b7afbe25___FAM_B.Rot 3132_final_masked.jpg,17
data/shared_subset/hybrid/pv/Squash_Powdery_mildew_leaf/5a52dfe1-b6d2-4054-9f86-40833c9930e6___UMD_Powd.M 0713_final_masked.jpg,9
data/shared_subset/hybrid/pv/Tomato_Septoria_leaf_spot/178dcc84-1b4a-4ca0-babc-3aff38a1d2de___Matt.S_CG 7394_final_masked.jpg,11
data/shared_subset/hybrid/pv/Bell_pepper_leaf_spot/1d35e088-7147-4bac-9cce-9330a3f5906d___NREC_B.Spot 9096_final_masked.jpg,3
data/shared_subset/hybrid/pv/Tomato_leaf_bacterial_spot/f4304000-5523-4fc6-93e4-9e570a1d237d___GCREC_Bact.Sp 5689_final_masked.jpg,12
data/shared_subset/hybrid/pv/grape_leaf_black_rot/458d2f09-f646-42e6-ac1f-0aa5e123c127___FAM_B.Rot 0583_final_masked.jpg,17
data/shared_subset/hybrid/pv/Tomato_leaf_yellow_virus/1d5d8433-3df8-4b82-9399-c139eaa3a8e6___YLCV_GCREC 1989_final_masked.jpg,15
data/shared_subset/hybrid/pv/Tomato_leaf_yellow_virus/5b7a04ef-85c3-441c-9e73-94c4d2b6383d___UF.GRC_YLCV_Lab 03063_final_masked.jpg,15
data/shared_subset/hybrid/pv/grape_leaf_black_rot/4559bac5-ad03-4813-a521-84b03ae84a5b___FAM_B.Rot 0335_final_masked.jpg,17
data/shared_subset/hybrid/pv/Tomato_leaf_late_blight/c2f279ce-0890-4bfc-81a9-b896fa940027___GHLB2 Leaf 8542_final_masked.jpg,13
data/shared_subset/hybrid/pv/Tomato_leaf_bacterial_spot/a744a484-d245-40fe-a782-7a21d7cbfab3___GCREC_Bact.Sp 5640_final_masked.jpg,12
data/shared_subset/hybrid/pv/Tomato_Early_blight_leaf/8039671d-c264-49aa-bfbc-81fabe24b007___RS_Erly.B 9397_final_masked.jpg,10
data/shared_subset/hybrid/pv/Tomato_leaf_yellow_virus/12d0b182-d0a1-45e9-bf99-7e061bf0d83b___YLCV_GCREC 5452_final_masked.jpg,15
data/shared_subset/hybrid/pv/Tomato_Septoria_leaf_spot/0bcb24a9-bf45-4008-b9df-1c729f977b17___Matt.S_CG 7835_final_masked.jpg,11
data/shared_subset/hybrid/pv/Corn_leaf_blight/fb1e8075-1546-4c0a-bef1-e18642415358___RS_NLB 3966_final_masked.jpg,5
data/shared_subset/hybrid/pv/Apple_Scab_Leaf/ef359032-085f-44ba-a63d-493a1724eca4___FREC_Scab 3202_final_masked.jpg,0
data/shared_subset/hybrid/pv/Tomato_leaf_yellow_virus/c84dfef6-c991-49ea-8c9e-f6abf9d28515___YLCV_NREC 2165_final_masked.jpg,15
data/shared_subset/hybrid/pv/Bell_pepper_leaf/5cad2f55-2c15-4b55-b148-abac485b6757___JR_HL 8052_final_masked.jpg,2
data/shared_subset/hybrid/pv/Tomato_leaf_yellow_virus/d708a0ae-b955-445f-9fd0-a4ca842cae1b___YLCV_NREC 2533_final_masked.jpg,15
data/shared_subset/hybrid/pv/Tomato_leaf_yellow_virus/79c10a08-99b4-49bd-b13a-81a68e7d8d21___UF.GRC_YLCV_Lab 02726_final_masked.jpg,15
data/shared_subset/hybrid/pv/Tomato_Early_blight_leaf/66c98dd1-2790-4977-91ee-1b10ca8c687b___RS_Erly.B 8418_final_masked.jpg,10
data/shared_subset/hybrid/pv/Squash_Powdery_mildew_leaf/13aec121-8f06-423d-8ec9-53a9c2a196b5___UMD_Powd.M 0581_final_masked.jpg,9
data/shared_subset/hybrid/pv/Bell_pepper_leaf/fb02614c-dcbd-4e7d-9ec6-ab3c5bf267ad___JR_HL 7626_final_masked.jpg,2
data/shared_subset/hybrid/pv/Potato_leaf_late_blight/2a52ba17-febc-49b9-b5ab-52a500d387de___RS_LB 2621_final_masked.jpg,8
data/shared_subset/hybrid/pv/Tomato_leaf_yellow_virus/a372d7b6-0276-4a6d-9380-2f106b8cd173___UF.GRC_YLCV_Lab 02176_final_masked.jpg,15
data/shared_subset/hybrid/pv/Potato_leaf_late_blight/3e81c41f-5b6b-4458-8aa8-6a544a8e678c___RS_LB 4963_final_masked.jpg,8
data/shared_subset/hybrid/pv/Corn_rust_leaf/37e917dd-814a-49d4-915d-34ac4a7ba050___RS_Rust 2112_final_masked.jpg,6
data/shared_subset/hybrid/pv/Tomato_leaf_yellow_virus/41082437-2c12-4340-8d2e-02e967d0a2fa___YLCV_GCREC 2073_final_masked.jpg,15
data/shared_subset/hybrid/pv/Corn_rust_leaf/296bd558-f98e-45c2-8fc3-e9e252b56ad7___RS_Rust 1628_final_masked.jpg,6
data/shared_subset/hybrid/pv/Tomato_leaf_bacterial_spot/9f7e3b19-dd2c-4e1f-b339-d0c180d2c453___GCREC_Bact.Sp 5810_final_masked.jpg,12
data/shared_subset/hybrid/pv/Tomato_Septoria_leaf_spot/cd83759b-c7da-4406-8794-9b311ab05871___Matt.S_CG 6684_final_masked.jpg,11
data/shared_subset/hybrid/pv/Tomato_leaf_yellow_virus/a82454b2-906e-4fdb-bbad-9582e970f052___UF.GRC_YLCV_Lab 01501_final_masked.jpg,15
data/shared_subset/hybrid/pv/Apple_rust_leaf/39c00da9-396e-4bd3-8e4a-f701c11d4fa7___FREC_C.Rust 3907_final_masked.jpg,1
data/shared_subset/hybrid/pv/Squash_Powdery_mildew_leaf/e0b95289-93f8-46df-93b5-357184acadd9___MD_Powd.M 0749_final_masked.jpg,9
data/shared_subset/hybrid/pv/Corn_leaf_blight/f09c5304-da39-4f77-a7d5-8c101b286509___RS_NLB 4019_final_masked.jpg,5
data/shared_subset/hybrid/pv/Tomato_leaf_bacterial_spot/6a63c776-470d-41a4-b94d-3b90dfd12f0e___GCREC_Bact.Sp 3505_final_masked.jpg,12
data/shared_subset/hybrid/pv/Tomato_leaf_late_blight/02a3e0cd-04da-4e08-b929-167bcb7f46f4___GHLB2 Leaf 8731_final_masked.jpg,13
data/shared_subset/hybrid/pv/Tomato_leaf_bacterial_spot/d5c1bacf-5e76-4332-bdd4-bf18eb7ea58e___UF.GRC_BS_Lab Leaf 8633_final_masked.jpg,12
data/shared_subset/hybrid/pv/Tomato_leaf_mosaic_virus/a72414b0-f520-4044-abeb-cd09c28b4a9f___PSU_CG 2267_final_masked.jpg,14
data/shared_subset/hybrid/pv/grape_leaf_black_rot/4d1aa43d-81ed-4535-a680-c998f4d7b974___FAM_B.Rot 0732_final_masked.jpg,17
data/shared_subset/hybrid/pv/grape_leaf_black_rot/914632e9-3cfb-4879-bafc-9e66849706d8___FAM_B.Rot 0443_final_masked.jpg,17
data/shared_subset/hybrid/pv/Potato_leaf_late_blight/201186ce-cec5-47ef-9f88-bd8c4abab2c8___RS_LB 2813_final_masked.jpg,8
data/shared_subset/hybrid/pv/Tomato_leaf_late_blight/28f782dd-1c8a-439d-9eb6-e55c52ef45bd___RS_Late.B 5447_final_masked.jpg,13
data/shared_subset/hybrid/pv/Potato_leaf_early_blight/f2540cea-220b-4ba2-bf16-7c1c7f32c38c___RS_Early.B 7997_final_masked.jpg,7
data/shared_subset/hybrid/pv/Tomato_leaf_bacterial_spot/7bd80f73-7d7e-495e-a9c2-188d649744f7___GCREC_Bact.Sp 3859_final_masked.jpg,12
data/shared_subset/hybrid/pv/Tomato_leaf_bacterial_spot/9826cf0e-f124-4262-a994-b43027c2484a___GCREC_Bact.Sp 5781_final_masked.jpg,12
data/shared_subset/hybrid/pv/Squash_Powdery_mildew_leaf/775870ac-313d-499c-b297-dd766541081d___UMD_Powd.M 9948_final_masked.jpg,9
data/shared_subset/hybrid/pv/Tomato_leaf_yellow_virus/06485576-7a6f-468b-b35d-f4473897fc84___UF.GRC_YLCV_Lab 01485_final_masked.jpg,15
data/shared_subset/hybrid/pv/Apple_Scab_Leaf/f9e4b1bc-36b0-40df-bb48-4e6ed48ec8b5___FREC_Scab 3514_final_masked.jpg,0
data/shared_subset/hybrid/pv/Tomato_Septoria_leaf_spot/83ef4e76-8e69-47df-9b25-f11d58a803b3___Matt.S_CG 2656_final_masked.jpg,11
data/shared_subset/hybrid/pv/Tomato_leaf_yellow_virus/b7b5b6cb-8847-44e5-b1e5-174beb48519b___YLCV_GCREC 2783_final_masked.jpg,15
data/shared_subset/hybrid/pv/Tomato_leaf_yellow_virus/65d524ac-cd59-49d4-9f94-399c83c60fc1___UF.GRC_YLCV_Lab 02481_final_masked.jpg,15
data/shared_subset/hybrid/pv/Squash_Powdery_mildew_leaf/e1961700-b185-4cae-947a-d3117b4e4d70___UMD_Powd.M 9702_final_masked.jpg,9
data/shared_subset/hybrid/pv/Squash_Powdery_mildew_leaf/cbe2391c-4124-48ad-8796-2aa88c8c2f32___UMD_Powd.M 0050_final_masked.jpg,9
data/shared_subset/hybrid/pv/Squash_Powdery_mildew_leaf/509b5f91-0ed2-438d-b59d-523d17483c02___UMD_Powd.M 9936_final_masked.jpg,9
data/shared_subset/hybrid/pv/Tomato_Septoria_leaf_spot/5418736d-c947-4cdc-b82c-692de712880a___JR_Sept.L.S 2619_final_masked.jpg,11
data/shared_subset/hybrid/pv/Bell_pepper_leaf_spot/0d524d59-fb02-481b-9034-64f1de0da914___NREC_B.Spot 9060_final_masked.jpg,3
data/shared_subset/hybrid/pv/Tomato_leaf_late_blight/07b42bb5-9f6c-43bc-9bbe-e4b127d84cb6___GHLB Leaf 18.1 Day 8_final_masked.jpg,13
data/shared_subset/hybrid/pv/Tomato_leaf_yellow_virus/cd7172bd-c0d0-46d7-ab5c-3dfb727e0bbb___UF.GRC_YLCV_Lab 09505_final_masked.jpg,15
data/shared_subset/hybrid/pv/Tomato_Septoria_leaf_spot/1d2e1e46-0835-4f07-bebe-edf37ade1a12___Matt.S_CG 6363_final_masked.jpg,11
data/shared_subset/hybrid/pv/Tomato_leaf_yellow_virus/459de8b6-9179-44ec-b5a8-1b6925c471d2___YLCV_GCREC 5512_final_masked.jpg,15
data/shared_subset/hybrid/pv/Potato_leaf_late_blight/d378a0c5-d275-44a4-9f00-f7f180270f4d___RS_LB 2781_final_masked.jpg,8
data/shared_subset/hybrid/pv/Potato_leaf_early_blight/d0221e13-4d76-45e5-9cd1-7cac63833f52___RS_Early.B 7191_final_masked.jpg,7
data/shared_subset/hybrid/pv/Apple_rust_leaf/5d85daec-3dd3-4c35-aceb-2a9cf0eb87ad___FREC_C.Rust 3710_final_masked.jpg,1
data/shared_subset/hybrid/pv/Tomato_Septoria_leaf_spot/321f1ae4-f088-44c1-aaaa-19283d863fda___Matt.S_CG 1613_final_masked.jpg,11
data/shared_subset/hybrid/pv/Tomato_Septoria_leaf_spot/7fa38347-d1e6-4d31-9b90-50ac10cd11ee___Keller.St_CG 1988_final_masked.jpg,11
data/shared_subset/hybrid/pv/Bell_pepper_leaf_spot/b65e91d6-4f22-4d3b-b82f-9590160b7746___JR_B.Spot 8919_final_masked.jpg,3
data/shared_subset/hybrid/pv/Tomato_mold_leaf/1b35b99c-c7c0-4f2c-975e-148e4b6e18b3___Crnl_L.Mold 8820_final_masked.jpg,16
data/shared_subset/hybrid/pv/Tomato_leaf_bacterial_spot/2a4a8942-9d1d-4989-a58b-a02f1cc2256a___GCREC_Bact.Sp 2970_final_masked.jpg,12
data/shared_subset/hybrid/pv/Tomato_leaf_yellow_virus/facfa837-4939-41a1-8eb5-335d03a10d41___UF.GRC_YLCV_Lab 09427_final_masked.jpg,15
data/shared_subset/hybrid/pv/Squash_Powdery_mildew_leaf/56ea6290-aa98-4b9f-ab6e-7d63f71591b0___MD_Powd.M 1019_final_masked.jpg,9
data/shared_subset/hybrid/pv/Tomato_mold_leaf/1c03ffcb-9476-453c-96be-5bd1f629b2d1___Crnl_L.Mold 8853_final_masked.jpg,16
data/shared_subset/hybrid/pv/Potato_leaf_early_blight/d9b34eaa-9d54-41fe-9ea2-335fe0b572ee___RS_Early.B 7735_final_masked.jpg,7
data/shared_subset/hybrid/pv/Bell_pepper_leaf/6ede0514-f306-48fd-ba90-efb0ac8f28dd___JR_HL 8195_final_masked.jpg,2
data/shared_subset/hybrid/pv/Bell_pepper_leaf_spot/05c6ea65-cce4-43da-b57b-a45321b0e51b___NREC_B.Spot 9048_final_masked.jpg,3
data/shared_subset/hybrid/pv/Potato_leaf_late_blight/6148bead-5236-461d-90ca-bc552dc95abc___RS_LB 2983_final_masked.jpg,8
data/shared_subset/hybrid/pv/Potato_leaf_late_blight/1e0326a5-b208-447f-9d60-f788ec4b6e3f___RS_LB 4526_final_masked.jpg,8
data/shared_subset/hybrid/pv/Tomato_Early_blight_leaf/f88be630-f853-48f8-b546-a2f7966368a2___RS_Erly.B 7418_final_masked.jpg,10
data/shared_subset/hybrid/pv/grape_leaf_black_rot/3e061aca-cb0c-4cd5-99a2-ea33ecea117c___FAM_B.Rot 3380_final_masked.jpg,17
data/shared_subset/hybrid/pv/Corn_leaf_blight/f7cf0608-2278-4a38-a37e-1356bd359651___RS_NLB 3490_final_masked.jpg,5
data/shared_subset/hybrid/pv/Apple_rust_leaf/3dcf5bf7-744a-439e-881b-10f73fd83616___FREC_C.Rust 3642_final_masked.jpg,1
data/shared_subset/hybrid/pv/Tomato_leaf_bacterial_spot/3753bf15-16bd-4bbf-a9f8-55382f0f6ee5___GCREC_Bact.Sp 5685_final_masked.jpg,12
data/shared_subset/hybrid/pv/Bell_pepper_leaf_spot/09035eae-2a1c-4718-8877-5270a1fe8462___JR_B.Spot 3280_final_masked.jpg,3
data/shared_subset/hybrid/pv/Potato_leaf_late_blight/77f5fdf0-42c5-4af9-92d8-366e6a3a2017___RS_LB 4071_final_masked.jpg,8
data/shared_subset/hybrid/pv/Apple_rust_leaf/9ebff92f-999c-49d0-9235-6c98aaa63bbd___FREC_C.Rust 4206_final_masked.jpg,1
data/shared_subset/hybrid/pv/Corn_leaf_blight/89faef04-7b28-41bc-a910-d89890f028d1___RS_NLB 0795_final_masked.jpg,5
data/shared_subset/hybrid/pv/Squash_Powdery_mildew_leaf/7179b598-682f-42f9-9447-b574d0c19195___MD_Powd.M 0408_final_masked.jpg,9
data/shared_subset/hybrid/pv/Tomato_leaf_late_blight/886f77f1-c04e-404d-9b63-6a99a9e17f4c___GHLB2 Leaf 84.1_final_masked.jpg,13
data/shared_subset/hybrid/pv/Corn_leaf_blight/315d38b6-f633-4d3f-b85f-69fc6999daa8___RS_NLB 4212_final_masked.jpg,5
data/shared_subset/hybrid/pv/grape_leaf_black_rot/c7806f17-99c4-42b1-ab9a-efac3d37e51b___FAM_B.Rot 0752_final_masked.jpg,17
data/shared_subset/hybrid/pv/Tomato_leaf_late_blight/3a6faf8e-3b27-4498-aca9-45f9e4158a56___GHLB2 Leaf 112.1_final_masked.jpg,13
data/shared_subset/hybrid/pv/Tomato_Early_blight_leaf/bac5677d-59b4-4183-839f-24860287ed6a___RS_Erly.B 9503_final_masked.jpg,10
data/shared_subset/hybrid/pv/Tomato_leaf_late_blight/45c8ee5d-1476-4306-a8c6-6a4cbd80f5cb___GHLB2 Leaf 8900_final_masked.jpg,13
data/shared_subset/hybrid/pv/Tomato_Septoria_leaf_spot/1f55c2e9-67b2-4377-a426-4932a77c3439___Matt.S_CG 7778_final_masked.jpg,11
data/shared_subset/hybrid/pv/Tomato_mold_leaf/d2422f17-4d15-4416-8c24-fba263d9b3db___Crnl_L.Mold 8810_final_masked.jpg,16
data/shared_subset/hybrid/pv/Tomato_leaf_yellow_virus/d468bddb-d8b2-42a3-957a-db50c4935ffa___UF.GRC_YLCV_Lab 01261_final_masked.jpg,15
data/shared_subset/hybrid/pv/Apple_rust_leaf/915ea730-231d-408d-baea-d2554d47bfa9___FREC_C.Rust 9809_final_masked.jpg,1
data/shared_subset/hybrid/pv/Potato_leaf_late_blight/050b6d37-4056-4c6c-8359-d7823a488531___RS_LB 3944_final_masked.jpg,8
data/shared_subset/hybrid/pv/Corn_rust_leaf/d9e622a4-14f6-4330-9b9d-063107766b75___RS_Rust 2073_final_masked.jpg,6
data/shared_subset/hybrid/pv/Potato_leaf_late_blight/a7097c51-bb53-4149-8140-4b9c3d94dbd4___RS_LB 4108_final_masked.jpg,8
data/shared_subset/hybrid/pv/Tomato_leaf_yellow_virus/737d5ff2-f09a-4d0a-9533-182e0fd8261f___UF.GRC_YLCV_Lab 02302_final_masked.jpg,15
data/shared_subset/hybrid/pv/Tomato_leaf_bacterial_spot/e98d37d3-7029-4de3-bdd9-955904454850___GCREC_Bact.Sp 2993_final_masked.jpg,12
data/shared_subset/hybrid/pv/Tomato_Septoria_leaf_spot/8f7043f7-a79e-4c9b-86d2-80b032b659b6___JR_Sept.L.S 2684_final_masked.jpg,11
data/shared_subset/hybrid/pv/Tomato_leaf_yellow_virus/e5ffffda-a26d-4bb1-8d73-5ca656e2ff22___UF.GRC_YLCV_Lab 01986_final_masked.jpg,15
data/shared_subset/hybrid/pv/grape_leaf_black_rot/55ca1160-9110-416a-b35d-934c94037269___FAM_B.Rot 3484_final_masked.jpg,17
data/shared_subset/hybrid/pv/Tomato_Septoria_leaf_spot/076b6071-1ce2-4ed1-9dcf-077dcd7640e4___JR_Sept.L.S 2468_final_masked.jpg,11
data/shared_subset/hybrid/pv/Tomato_leaf_bacterial_spot/927e4c4b-e6c6-41f1-aabb-255c624ae8f2___GCREC_Bact.Sp 3722_final_masked.jpg,12
data/shared_subset/hybrid/pv/Corn_rust_leaf/459766e5-c3f6-42c1-9f6a-ec99dcfc7e32___RS_Rust 2757_final_masked.jpg,6
data/shared_subset/hybrid/pv/Tomato_leaf_late_blight/e03114a0-8053-460a-b653-eef873b1c531___RS_Late.B 5532_final_masked.jpg,13
data/shared_subset/hybrid/pv/Squash_Powdery_mildew_leaf/4951ac95-18cb-46cb-8df2-a6ff55ce62ac___MD_Powd.M 0063_final_masked.jpg,9
data/shared_subset/hybrid/pv/Bell_pepper_leaf/acd50866-d2cf-4a7c-990c-2fd1f49e9cae___JR_HL 7953_final_masked.jpg,2
data/shared_subset/hybrid/pv/Bell_pepper_leaf/90c55e48-17d8-48fd-bf59-2ef16bf624a4___JR_HL 8453_final_masked.jpg,2
data/shared_subset/hybrid/pv/Squash_Powdery_mildew_leaf/d0b82c08-baee-4f49-80fc-cfddd33d9478___MD_Powd.M 0245_final_masked.jpg,9
data/shared_subset/hybrid/pv/Tomato_leaf_yellow_virus/0911d416-d73d-4c2a-8e45-207a7ceb7c9a___YLCV_GCREC 2773_final_masked.jpg,15
data/shared_subset/hybrid/pv/Tomato_leaf_late_blight/bd5b09dc-ca07-455b-9ff4-e02a5c7e8a42___RS_Late.B 6202_final_masked.jpg,13
data/shared_subset/hybrid/pv/grape_leaf_black_rot/fc12aaf6-c133-46fb-b08a-bf7dd5d619ac___FAM_B.Rot 0462_final_masked.jpg,17
data/shared_subset/hybrid/pv/grape_leaf_black_rot/883258f4-f61d-413f-8231-f2cf18947b72___FAM_B.Rot 0459_final_masked.jpg,17
data/shared_subset/hybrid/pv/Tomato_Septoria_leaf_spot/d2c3536c-a6ea-4a53-ab77-ad1a9ea0a279___Matt.S_CG 2467_final_masked.jpg,11
data/shared_subset/hybrid/pv/Potato_leaf_late_blight/ff03a125-445b-40e1-a7ed-0bb9b155dfd8___RS_LB 5039_final_masked.jpg,8
data/shared_subset/hybrid/pv/Bell_pepper_leaf/1b574484-60cd-4ae4-83ed-511a5ae07ea8___JR_HL 7849_final_masked.jpg,2
data/shared_subset/hybrid/pv/Tomato_leaf_yellow_virus/6ba203ab-054e-4297-948d-6b37f16cda73___YLCV_NREC 2103_final_masked.jpg,15
data/shared_subset/hybrid/pv/Corn_leaf_blight/f69b1b10-dd7f-44c0-b084-1959316e4f2a___RS_NLB 3955 copy 2_final_masked.jpg,5
data/shared_subset/hybrid/pv/Tomato_leaf_late_blight/8faf866d-77a2-4876-983f-42389db476dc___RS_Late.B 7003_final_masked.jpg,13
data/shared_subset/hybrid/pv/Tomato_leaf_yellow_virus/a4752292-fc5c-4d13-a9fb-b48c000b6579___UF.GRC_YLCV_Lab 02836_final_masked.jpg,15
data/shared_subset/hybrid/pv/Corn_rust_leaf/b936f13f-d3c4-422e-b9d6-6b80b084e265___RS_Rust 2380_final_masked.jpg,6
data/shared_subset/hybrid/pv/Tomato_leaf_bacterial_spot/1a017b74-a549-433b-979b-3e3ace67b50d___GCREC_Bact.Sp 5715_final_masked.jpg,12
data/shared_subset/hybrid/pv/Tomato_leaf_late_blight/98f98ff0-04fc-4c8d-ae01-baf0e9a25572___GHLB Leaf 8.1 Day 6_final_masked.jpg,13
data/shared_subset/hybrid/pv/Bell_pepper_leaf/ae63319c-d90a-4fbe-b11a-cbc8b2a1db23___JR_HL 8669_final_masked.jpg,2
data/shared_subset/hybrid/pv/Tomato_mold_leaf/8e3d29dc-2a32-4471-9318-7ba1c664e1ad___Crnl_L.Mold 8903_final_masked.jpg,16
data/shared_subset/hybrid/pv/Bell_pepper_leaf/78b80c38-32da-4a77-bbde-8ff9e5bfd47d___JR_HL 8094_final_masked.jpg,2
data/shared_subset/hybrid/pv/Potato_leaf_early_blight/49ecf1fe-0000-49e8-a042-fb6c9bac38c9___RS_Early.B 8940_final_masked.jpg,7
data/shared_subset/hybrid/pv/Corn_rust_leaf/0d779ace-9f0d-4918-9643-8dd6f5b126ef___RS_Rust 2547_final_masked.jpg,6
data/shared_subset/hybrid/pv/Tomato_leaf_yellow_virus/cc25c46a-88cd-4284-9ea9-e4cbb71d9e68___UF.GRC_YLCV_Lab 02788_final_masked.jpg,15
data/shared_subset/hybrid/pv/Tomato_leaf_bacterial_spot/31ebf507-8a9d-42ac-89fa-54cbc98cc1d9___GCREC_Bact.Sp 6388_final_masked.jpg,12
data/shared_subset/hybrid/pv/Tomato_leaf_yellow_virus/97dbe8f6-c14c-46e4-b474-52200af0516e___UF.GRC_YLCV_Lab 01771_final_masked.jpg,15
data/shared_subset/hybrid/pv/Potato_leaf_early_blight/82654962-5b0d-44ed-9ca4-84be55ba23a6___RS_Early.B 6877_final_masked.jpg,7
data/shared_subset/hybrid/pv/Corn_Gray_leaf_spot/9f07734a-54f8-4083-b99f-76f3cf329916___RS_GLSp 4625_final_masked.jpg,4
data/shared_subset/hybrid/pv/Squash_Powdery_mildew_leaf/97ae885b-16a5-4094-b076-9af67c2b2682___MD_Powd.M 0793_final_masked.jpg,9
data/shared_subset/hybrid/pv/Potato_leaf_early_blight/c630212c-205f-469d-bb8d-9a143f65ab03___RS_Early.B 9000_final_masked.jpg,7
data/shared_subset/hybrid/pv/grape_leaf_black_rot/68318beb-9638-494e-af5f-ef82c30943f2___FAM_B.Rot 0764_final_masked.jpg,17
data/shared_subset/hybrid/pv/Tomato_leaf_bacterial_spot/52b03992-9fe9-4829-bb4d-54f1b4b6a03e___GCREC_Bact.Sp 6194_final_masked.jpg,12
data/shared_subset/hybrid/pv/Tomato_leaf_bacterial_spot/919da9f4-c9aa-4c11-a383-17fdc98876c0___GCREC_Bact.Sp 5809_final_masked.jpg,12
data/shared_subset/hybrid/pv/Potato_leaf_late_blight/1f84da28-3025-4cc0-8815-5b6b60205956___RS_LB 3326_final_masked.jpg,8
data/shared_subset/hybrid/pv/Squash_Powdery_mildew_leaf/9c257a24-1404-4895-9bdf-46272d01edee___MD_Powd.M 9957_final_masked.jpg,9
data/shared_subset/hybrid/pv/Tomato_leaf_bacterial_spot/076ef17d-dfd3-4dbc-a351-a14eff1aecdb___UF.GRC_BS_Lab Leaf 8980_final_masked.jpg,12
data/shared_subset/hybrid/pv/Tomato_leaf_bacterial_spot/8e0325d9-4504-4e3a-8013-a064b8c546f1___GCREC_Bact.Sp 3260_final_masked.jpg,12
data/shared_subset/hybrid/pv/Potato_leaf_late_blight/80a20af8-9759-4c07-8d0c-d48edc9925c6___RS_LB 5289_final_masked.jpg,8
data/shared_subset/hybrid/pv/Bell_pepper_leaf/2c8d77dd-0173-41d0-9e95-9e11092af9a8___JR_HL 8737_final_masked.jpg,2
data/shared_subset/hybrid/pv/Tomato_Septoria_leaf_spot/70a115b2-9402-4523-9510-9a932e784a3e___Matt.S_CG 1369_final_masked.jpg,11
data/shared_subset/hybrid/pv/Potato_leaf_late_blight/df5eb1ff-9261-45ab-ae3f-bf942cdf1a72___RS_LB 2947_final_masked.jpg,8
data/shared_subset/hybrid/pv/Tomato_leaf_bacterial_spot/500ac3b7-1e92-4cd1-8c80-9e5270cf02d4___GCREC_Bact.Sp 6210_final_masked.jpg,12
data/shared_subset/hybrid/pv/grape_leaf_black_rot/b055115b-4eb8-4126-9db9-94d48b97fa30___FAM_B.Rot 3620_final_masked.jpg,17
data/shared_subset/hybrid/pv/Squash_Powdery_mildew_leaf/72295e2e-8ccf-4b40-a428-ed4213d59b76___MD_Powd.M 0790_final_masked.jpg,9
data/shared_subset/hybrid/pv/Tomato_Early_blight_leaf/6043e8e3-0ab2-4b30-b125-e2a26123b487___RS_Erly.B 8307_final_masked.jpg,10
data/shared_subset/hybrid/pv/Tomato_Septoria_leaf_spot/d891ae9b-9fc3-4113-9348-3c7109d29251___JR_Sept.L.S 2712_final_masked.jpg,11
data/shared_subset/hybrid/pv/grape_leaf_black_rot/ab7db31d-5474-4115-a861-8183b304d103___FAM_B.Rot 0677_final_masked.jpg,17
data/shared_subset/hybrid/pv/Potato_leaf_late_blight/5e8203e5-b699-4d5a-acb5-08a5f06ee984___RS_LB 5291_final_masked.jpg,8
data/shared_subset/hybrid/pv/Corn_leaf_blight/78815e51-d6e3-481c-8b68-a856a5ed14ce___RS_NLB 4032_final_masked.jpg,5
data/shared_subset/hybrid/pv/Tomato_mold_leaf/0bc63b4c-e41b-4338-a8ac-af664048fdbb___Crnl_L.Mold 6913_final_masked.jpg,16
data/shared_subset/hybrid/pv/grape_leaf_black_rot/622a1243-a2f2-4888-aed6-0eb3186b6e7e___FAM_B.Rot 3603_final_masked.jpg,17
data/shared_subset/hybrid/pv/Tomato_leaf_yellow_virus/f77be740-83d8-4c10-a29c-0277a12ef23c___YLCV_GCREC 2098_final_masked.jpg,15
data/shared_subset/hybrid/pv/Bell_pepper_leaf_spot/e230f529-47b2-4841-9b10-2447be1b31da___NREC_B.Spot 9118_final_masked.jpg,3
data/shared_subset/hybrid/pv/Tomato_leaf_bacterial_spot/c53b64d9-37ef-4269-b809-00e59c2a033f___GCREC_Bact.Sp 3337_final_masked.jpg,12
data/shared_subset/hybrid/pv/Apple_Scab_Leaf/6d6f5a72-4c92-4163-b3dc-9a8f74f9edb7___FREC_Scab 3480_final_masked.jpg,0
data/shared_subset/hybrid/pv/Tomato_mold_leaf/0e508a3f-af06-4c8a-be78-5c38d2d4fb68___Crnl_L.Mold 6775_final_masked.jpg,16
data/shared_subset/hybrid/pv/Tomato_leaf_yellow_virus/5aa968e0-88c7-41e2-b602-df1a85e9c531___YLCV_GCREC 2502_final_masked.jpg,15
data/shared_subset/hybrid/pv/Corn_leaf_blight/0b8d588c-325b-4995-b7ba-4cf2b09b5cba___RS_NLB 3617_final_masked.jpg,5
data/shared_subset/hybrid/pv/Tomato_leaf_late_blight/7efeb8b7-9416-4b2b-bf24-acaf62918008___GHLB2 Leaf 124.1_final_masked.jpg,13
data/shared_subset/hybrid/pv/Corn_leaf_blight/fed381d0-4407-4ec5-a178-d70ec1ca93d3___RS_NLB 3914_final_masked.jpg,5
data/shared_subset/hybrid/pv/Corn_Gray_leaf_spot/07f54257-0ec8-4bce-991f-90d46646d4f8___RS_GLSp 4378 copy 2_final_masked.jpg,4
data/shared_subset/hybrid/pv/Tomato_leaf_yellow_virus/b77b76cf-e64f-43cb-a2dd-ad8cd1975deb___YLCV_NREC 2325_final_masked.jpg,15
data/shared_subset/hybrid/pv/grape_leaf_black_rot/9911cd1e-2dc0-4395-9775-6572c99bf253___FAM_B.Rot 0680_final_masked.jpg,17
data/shared_subset/hybrid/pv/Bell_pepper_leaf_spot/28c448aa-4d2c-4a96-baf0-e7ed99ae2495___JR_B.Spot 3385_final_masked.jpg,3
data/shared_subset/hybrid/pv/Tomato_leaf_yellow_virus/90d8848f-1cd2-4abf-9e76-ffc05352f6ad___YLCV_GCREC 2883_final_masked.jpg,15
data/shared_subset/hybrid/pv/Potato_leaf_late_blight/d71490c0-7315-4301-b9cd-19de9357a2f7___RS_LB 3203_final_masked.jpg,8
data/shared_subset/hybrid/pv/Tomato_leaf_yellow_virus/0b0a09a1-7e13-44e5-ab27-2e8f3ca3d605___UF.GRC_YLCV_Lab 02968_final_masked.jpg,15
data/shared_subset/hybrid/pv/Tomato_leaf_yellow_virus/f5762b9d-f349-4adb-afb2-b6abb81b466c___YLCV_NREC 2985_final_masked.jpg,15
data/shared_subset/hybrid/pv/Tomato_Septoria_leaf_spot/fb6e1087-a258-49c0-bebf-7785bb51e93e___Keller.St_CG 1836_final_masked.jpg,11
data/shared_subset/hybrid/pv/Corn_leaf_blight/c8132bc8-730e-4920-a9f2-a0d05985d3dd___RS_NLB 0801_final_masked.jpg,5
data/shared_subset/hybrid/pv/Tomato_Septoria_leaf_spot/289314a0-89cc-423e-8aad-18fb13b57059___JR_Sept.L.S 8409_final_masked.jpg,11
data/shared_subset/hybrid/pv/Tomato_leaf_late_blight/8b2bb3d4-b5db-4772-8151-2689b7d52846___GHLB_PS Leaf 19.1 Day 8_final_masked.jpg,13
data/shared_subset/hybrid/pv/Tomato_leaf_yellow_virus/5a7f9fa3-bb94-4ff3-a53c-c0d89d1b22a8___UF.GRC_YLCV_Lab 01529_final_masked.jpg,15
data/shared_subset/hybrid/pv/Tomato_Septoria_leaf_spot/1142c61e-5959-43fd-8745-fc95bc0b1b5f___JR_Sept.L.S 8378_final_masked.jpg,11
data/shared_subset/hybrid/pv/Squash_Powdery_mildew_leaf/0b2d35c7-7e83-4ef0-953a-bf91b66fb7ec___MD_Powd.M 9887_final_masked.jpg,9
data/shared_subset/hybrid/pv/grape_leaf_black_rot/d824b284-23c5-4244-aa1b-7858c99872b3___FAM_B.Rot 2997_final_masked.jpg,17
data/shared_subset/hybrid/pv/Tomato_mold_leaf/b8fc0a5c-ffce-488e-ae68-f4a268f8817b___Crnl_L.Mold 9157_final_masked.jpg,16
data/shared_subset/hybrid/pv/Tomato_leaf_yellow_virus/582daccf-cd4d-4f37-bc17-7cf430a6aaba___YLCV_GCREC 2679_final_masked.jpg,15
data/shared_subset/hybrid/pv/Tomato_leaf_late_blight/7d2ecdff-4eca-4f8e-b550-166d668498ba___GHLB2 Leaf 8602_final_masked.jpg,13
data/shared_subset/hybrid/pv/grape_leaf_black_rot/75fab4cc-1f7c-4b57-bf9f-a6ebe1de59d0___FAM_B.Rot 0649_final_masked.jpg,17
data/shared_subset/hybrid/pv/Tomato_Early_blight_leaf/9eaef8d7-dd22-449e-b837-d01a7eb4afe6___RS_Erly.B 7686_final_masked.jpg,10
data/shared_subset/hybrid/pv/Squash_Powdery_mildew_leaf/74f2d565-8e1c-4b28-ad63-f3f0870d5daa___MD_Powd.M 0600_final_masked.jpg,9
data/shared_subset/hybrid/pv/Tomato_Early_blight_leaf/9e8f1cbd-f128-47f3-b90d-9c8dc1efcb78___RS_Erly.B 7425_final_masked.jpg,10
data/shared_subset/hybrid/pv/Tomato_leaf_late_blight/65576adf-cef4-4f1a-8b7c-881e8729bdbf___GHLB2 Leaf 147_final_masked.jpg,13
data/shared_subset/hybrid/pv/Potato_leaf_early_blight/fc73fc01-6a63-4b3b-bfed-74625c5b4b05___RS_Early.B 6945_final_masked.jpg,7
data/shared_subset/hybrid/pv/Apple_Scab_Leaf/a31b7944-c213-4b83-a586-004d0522e355___FREC_Scab 3341_final_masked.jpg,0
data/shared_subset/hybrid/pv/Squash_Powdery_mildew_leaf/58e3115f-684e-4be5-acf9-572c4dca49ad___MD_Powd.M 0514_final_masked.jpg,9
data/shared_subset/hybrid/pv/Corn_Gray_leaf_spot/cc60499e-6802-47fd-b4cb-8ec70207e464___RS_GLSp 9305_final_masked.jpg,4
data/shared_subset/hybrid/pv/Tomato_leaf_yellow_virus/7774d595-bce2-4ec0-8a10-85ba887029fa___YLCV_NREC 2390_final_masked.jpg,15
data/shared_subset/hybrid/pv/Tomato_Septoria_leaf_spot/74b9ed1b-042f-4b13-a31b-ec57a0c0b409___JR_Sept.L.S 8350_final_masked.jpg,11
data/shared_subset/hybrid/pv/Tomato_leaf_bacterial_spot/0b13b997-9957-4029-b2a4-ef4a046eb088___UF.GRC_BS_Lab Leaf 0595_final_masked.jpg,12
data/shared_subset/hybrid/pv/Squash_Powdery_mildew_leaf/27d9264b-d2cc-45aa-9aa5-3b483b8212f8___MD_Powd.M 0388_final_masked.jpg,9
data/shared_subset/hybrid/pv/Tomato_leaf_late_blight/a6b94272-9bb5-495e-bce4-2622d2ea34f5___GHLB Leaf 25.2 Day 12_final_masked.jpg,13
data/shared_subset/hybrid/pv/Tomato_Septoria_leaf_spot/698e8882-1c94-496e-a920-1cfbf5bb25ae___JR_Sept.L.S 2666_final_masked.jpg,11
data/shared_subset/hybrid/pv/Tomato_leaf_yellow_virus/e0473055-55e0-4a4f-b570-54b6a65ecde5___UF.GRC_YLCV_Lab 02303_final_masked.jpg,15
data/shared_subset/hybrid/pv/Corn_leaf_blight/89926d8f-aad1-4918-9d37-e1f3e0a4c6b6___RS_NLB 3861_final_masked.jpg,5
data/shared_subset/hybrid/pv/Squash_Powdery_mildew_leaf/c9de0902-a4a9-49d1-9a40-f2d65284ccee___MD_Powd.M 0150 copy_final_masked.jpg,9
data/shared_subset/hybrid/pv/Squash_Powdery_mildew_leaf/d71c3735-1512-4d60-b544-c249687c9cf6___UMD_Powd.M 0125_final_masked.jpg,9
data/shared_subset/hybrid/pv/Tomato_leaf_yellow_virus/5ce90aab-3afd-437d-a405-7595c8c90665___YLCV_GCREC 1917_final_masked.jpg,15
data/shared_subset/hybrid/pv/Tomato_leaf_yellow_virus/2fa6a39f-1893-422f-b30e-e4fc01c2a1a0___YLCV_NREC 2100_final_masked.jpg,15
data/shared_subset/hybrid/pv/Tomato_leaf_bacterial_spot/221605c0-99da-46d8-a503-285d4c6d1e1a___GCREC_Bact.Sp 6366_final_masked.jpg,12
data/shared_subset/hybrid/pv/Squash_Powdery_mildew_leaf/1cb04890-3705-4aba-8974-4166bab83b60___MD_Powd.M 1004_final_masked.jpg,9
data/shared_subset/hybrid/pv/Tomato_leaf_yellow_virus/0402077e-1231-48b4-8aa6-3a9c492dc7e6___YLCV_GCREC 2163_final_masked.jpg,15
data/shared_subset/hybrid/pv/Tomato_Early_blight_leaf/422802e1-cee5-43b7-b735-7f90b5e5d4e2___RS_Erly.B 7349_final_masked.jpg,10
data/shared_subset/hybrid/pv/Tomato_Early_blight_leaf/a2ec9710-99ea-4dc5-a88c-69974e0557dc___RS_Erly.B 9412_final_masked.jpg,10
data/shared_subset/hybrid/pv/grape_leaf_black_rot/97792211-9918-48f1-a3de-e02d9348090d___FAM_B.Rot 3517_final_masked.jpg,17
data/shared_subset/hybrid/pv/Potato_leaf_early_blight/0e6b9e09-2bcd-41e0-b001-b80a33a8a78b___RS_Early.B 8694_final_masked.jpg,7
data/shared_subset/hybrid/pv/Tomato_leaf_bacterial_spot/37f07271-2a51-4ebd-8346-d9703f725998___GCREC_Bact.Sp 3238_final_masked.jpg,12
data/shared_subset/hybrid/pv/Potato_leaf_late_blight/b86630ca-89d0-4f83-9942-c1bfcce6b06c___RS_LB 4339_final_masked.jpg,8
data/shared_subset/hybrid/pv/Tomato_Septoria_leaf_spot/609fec75-fdd5-4adc-8748-121c9420e813___JR_Sept.L.S 2485_final_masked.jpg,11
data/shared_subset/hybrid/pv/Tomato_leaf_yellow_virus/8bbe5c70-9ab7-4d3e-bb12-05a4bc106af6___YLCV_GCREC 2107_final_masked.jpg,15
data/shared_subset/hybrid/pv/Tomato_leaf_yellow_virus/6080e4bb-3213-4074-8012-324bdfbc6583___YLCV_NREC 2469_final_masked.jpg,15
data/shared_subset/hybrid/pv/Tomato_mold_leaf/73100edb-a729-4497-9c65-e8de1c6ae7af___Crnl_L.Mold 6581_final_masked.jpg,16
data/shared_subset/hybrid/pv/Tomato_Septoria_leaf_spot/636308e1-3416-420b-90c2-b595a7dbcc6e___JR_Sept.L.S 2677_final_masked.jpg,11
data/shared_subset/hybrid/pv/Bell_pepper_leaf_spot/01ebc916-4793-40a3-b5e4-a32687e4fa3d___NREC_B.Spot 9125_final_masked.jpg,3
data/shared_subset/hybrid/pv/Squash_Powdery_mildew_leaf/dafb8408-ad4b-4128-80f2-bb7bb0def028___MD_Powd.M 0368_final_masked.jpg,9
data/shared_subset/hybrid/pv/Bell_pepper_leaf/86e16897-fd51-4b0a-8ab3-ffa9ff146fa4___JR_HL 8386_final_masked.jpg,2
data/shared_subset/hybrid/pv/Corn_leaf_blight/60fb1e70-5368-4b1f-ab46-12c5add010e6___RS_NLB 3839_final_masked.jpg,5
data/shared_subset/hybrid/pv/Tomato_leaf_yellow_virus/dc871d1b-3150-4783-81a9-ab2b9fd79617___UF.GRC_YLCV_Lab 03136_final_masked.jpg,15
data/shared_subset/hybrid/pv/Tomato_leaf_late_blight/f25bcf32-3bf7-4137-9d9a-ab195d4f7d3f___GHLB2 Leaf 9049_final_masked.jpg,13
data/shared_subset/hybrid/pv/Tomato_leaf_yellow_virus/ed548948-65d3-4410-a873-0e1a0fbfec9c___YLCV_GCREC 2369_final_masked.jpg,15
data/shared_subset/hybrid/pv/Corn_leaf_blight/c65c728d-d83d-4bd5-ba44-c27fa1adb9c8___RS_NLB 4052_final_masked.jpg,5
data/shared_subset/hybrid/pv/grape_leaf_black_rot/807741f5-eb78-41c5-ae2e-8a28e376238c___FAM_B.Rot 3389_final_masked.jpg,17
data/shared_subset/hybrid/pv/Bell_pepper_leaf/e7d0f9a3-f28d-4c66-aba7-ce7c831590f5___JR_HL 8249_final_masked.jpg,2
data/shared_subset/hybrid/pv/Tomato_leaf_bacterial_spot/e45ae43b-3111-47af-8da4-65dc05595a7f___GCREC_Bact.Sp 5973_final_masked.jpg,12
data/shared_subset/hybrid/pv/Tomato_leaf_yellow_virus/547315ea-525f-423e-b77f-53ca6881e9a0___UF.GRC_YLCV_Lab 02844_final_masked.jpg,15
data/shared_subset/hybrid/pv/Tomato_leaf_yellow_virus/fd3f0954-0ade-4026-a4fa-daaa84f5827a___YLCV_NREC 0225_final_masked.jpg,15
data/shared_subset/hybrid/pv/Squash_Powdery_mildew_leaf/d6356257-2f09-4ae5-bb5b-85c709aa8edc___UMD_Powd.M 0002_final_masked.jpg,9
data/shared_subset/hybrid/pv/Potato_leaf_early_blight/1f56ef5b-9a3b-4731-bf82-b08aeb84fcb5___RS_Early.B 9032_final_masked.jpg,7
data/shared_subset/hybrid/pv/Squash_Powdery_mildew_leaf/13d1aacb-4f5d-43b1-aca8-9307b4cb1754___UMD_Powd.M 9789_final_masked.jpg,9
data/shared_subset/hybrid/pv/Apple_Scab_Leaf/5cd3df15-31a2-4076-9d1a-8735fa1dccdf___FREC_Scab 3410_final_masked.jpg,0
data/shared_subset/hybrid/pv/Bell_pepper_leaf/d221a778-23fd-4c43-b02f-aee1bff4d828___JR_HL 8021_final_masked.jpg,2
data/shared_subset/hybrid/pv/Tomato_Septoria_leaf_spot/9b52dfbf-f3d7-4777-a620-7eaa6d3086aa___Matt.S_CG 6156_final_masked.jpg,11
data/shared_subset/hybrid/pv/Tomato_leaf_yellow_virus/54ff9e91-0737-438e-a9b0-64b266ce1868___UF.GRC_YLCV_Lab 02653_final_masked.jpg,15
data/shared_subset/hybrid/pv/Tomato_leaf_yellow_virus/c0358e8f-c575-4b32-8720-0bbab8bf7860___YLCV_GCREC 2327_final_masked.jpg,15
data/shared_subset/hybrid/pv/Tomato_mold_leaf/91eeb305-5a5f-4e72-8258-776ea9ed6338___Crnl_L.Mold 7112_final_masked.jpg,16
data/shared_subset/hybrid/pv/Squash_Powdery_mildew_leaf/fd30c0fe-2ef2-4127-8f18-b098ed880fc9___MD_Powd.M 0823_final_masked.jpg,9
data/shared_subset/hybrid/pv/Bell_pepper_leaf/47f970d9-b71c-47e0-b4f0-8283a0fa8ae7___JR_HL 7654_final_masked.jpg,2
data/shared_subset/hybrid/pv/grape_leaf_black_rot/220154d8-a9a0-4705-9626-db37647e138f___FAM_B.Rot 3401_final_masked.jpg,17
data/shared_subset/hybrid/pv/grape_leaf_black_rot/f241eaeb-5b01-4357-840e-3b7e4ff1a539___FAM_B.Rot 5080_final_masked.jpg,17
data/shared_subset/hybrid/pv/Tomato_leaf_late_blight/283ff0be-6e5e-4b4e-bf21-639780b77ffc___GHLB2 Leaf 8636_final_masked.jpg,13
data/shared_subset/hybrid/pv/Tomato_leaf_yellow_virus/92b4bad6-4326-4de7-8a65-eea919719730___YLCV_GCREC 2945_final_masked.jpg,15
data/shared_subset/hybrid/pv/Apple_Scab_Leaf/1cdf2779-8cb1-4ae4-be70-b0eeb1abb0f8___FREC_Scab 3370_final_masked.jpg,0
data/shared_subset/hybrid/pv/Tomato_leaf_bacterial_spot/e75acbf3-725b-4433-bc3e-542e0b931cf6___UF.GRC_BS_Lab Leaf 0474_final_masked.jpg,12
data/shared_subset/hybrid/pv/Apple_Scab_Leaf/36d99a07-4a43-4416-b204-6886f71d5039___FREC_Scab 3294_final_masked.jpg,0
data/shared_subset/hybrid/pv/Potato_leaf_late_blight/1338edcb-9e0e-458c-845e-206b869f9199___RS_LB 3205_final_masked.jpg,8
data/shared_subset/hybrid/pv/grape_leaf_black_rot/b3d0643a-3432-4aca-ad64-aeedb1b9aba5___FAM_B.Rot 0491_final_masked.jpg,17
data/shared_subset/hybrid/pv/Tomato_leaf_late_blight/94610792-2d20-4889-9d10-f513c061a88d___RS_Late.B 5317_final_masked.jpg,13
data/shared_subset/hybrid/pv/Corn_leaf_blight/c487cfa8-40c6-4a10-80af-21658a0c8c64___RS_NLB 3538_final_masked.jpg,5
data/shared_subset/hybrid/pv/Bell_pepper_leaf_spot/691dd132-7f59-4494-873c-a9dc69331c60___JR_B.Spot 3390_final_masked.jpg,3
data/shared_subset/hybrid/pv/Bell_pepper_leaf/2d93ee5a-6562-49c4-82fd-f5fbc950f4df___JR_HL 5943_final_masked.jpg,2
data/shared_subset/hybrid/pv/Tomato_Septoria_leaf_spot/ac451373-bee8-4c45-b6f8-86c4031062e7___Matt.S_CG 7501_final_masked.jpg,11
data/shared_subset/hybrid/pv/Potato_leaf_late_blight/e40a1e10-fca8-4831-b124-48bc07f92eb1___RS_LB 2897_final_masked.jpg,8
data/shared_subset/hybrid/pv/Tomato_Septoria_leaf_spot/bcfc0867-45d3-44f9-9026-e3e8eec25807___Matt.S_CG 2635_final_masked.jpg,11
data/shared_subset/hybrid/pv/Tomato_Early_blight_leaf/4d80e993-6d3e-4537-92ba-39834a88e50c___RS_Erly.B 7632_final_masked.jpg,10
data/shared_subset/hybrid/pv/Corn_rust_leaf/d305ee34-5c9b-4a71-bdd1-593503240e98___RS_Rust 1907_final_masked.jpg,6
data/shared_subset/hybrid/pv/Tomato_leaf_yellow_virus/33e4b464-c819-4c91-bfbd-62534a2557df___UF.GRC_YLCV_Lab 02177_final_masked.jpg,15
data/shared_subset/hybrid/pv/Tomato_leaf_yellow_virus/d2fb0421-a7e2-4ddc-a2db-dfb0969a5a64___UF.GRC_YLCV_Lab 03142_final_masked.jpg,15
data/shared_subset/hybrid/pv/Tomato_Septoria_leaf_spot/87106385-3a72-45ed-bb0f-8d4e8e1c7aeb___JR_Sept.L.S 8365_final_masked.jpg,11
data/shared_subset/hybrid/pv/Tomato_leaf_yellow_virus/7b74581c-7731-475c-9bd0-ca07d5cbf6cc___UF.GRC_YLCV_Lab 02675_final_masked.jpg,15
data/shared_subset/hybrid/pv/Potato_leaf_early_blight/f069744b-375b-4fee-b1f9-23963195e936___RS_Early.B 6837_final_masked.jpg,7
data/shared_subset/hybrid/pv/grape_leaf_black_rot/ed597021-7eeb-4a4f-9328-c99f7c21e9f0___FAM_B.Rot 3426_final_masked.jpg,17
data/shared_subset/hybrid/pv/Potato_leaf_early_blight/7d90df0a-da17-4641-9006-75aa7de6ed5e___RS_Early.B 8702_final_masked.jpg,7
data/shared_subset/hybrid/pv/Corn_rust_leaf/6cd7d8bc-acf1-4f2b-a381-d7950b5b94f7___RS_Rust 1905_final_masked.jpg,6
data/shared_subset/hybrid/pv/Squash_Powdery_mildew_leaf/56306d43-5d46-47e1-a9f5-2962a3036cf4___UMD_Powd.M 0700_final_masked.jpg,9
data/shared_subset/hybrid/pv/Tomato_leaf_yellow_virus/af05b5f7-bbc3-43ea-9b33-5aff134b6e33___UF.GRC_YLCV_Lab 01849_final_masked.jpg,15
data/shared_subset/hybrid/pv/Tomato_leaf_yellow_virus/efa5965e-3cf9-4ef7-9f68-0d9ba002729a___YLCV_GCREC 5179_final_masked.jpg,15
data/shared_subset/hybrid/pv/Apple_Scab_Leaf/f33a08e5-03bb-4b97-991c-a1332866043d___FREC_Scab 2923_final_masked.jpg,0
data/shared_subset/hybrid/pv/Corn_rust_leaf/6210e755-10c9-462e-8177-389682e54af1___RS_Rust 2144_final_masked.jpg,6
data/shared_subset/hybrid/pv/Corn_leaf_blight/236182d1-2b87-43d0-ac15-73c7059c70b8___RS_NLB 4239_final_masked.jpg,5
data/shared_subset/hybrid/pv/Bell_pepper_leaf/7541f271-f44a-4c7c-9602-b64149e9fa2a___JR_HL 7571_final_masked.jpg,2
data/shared_subset/hybrid/pv/Tomato_leaf_yellow_virus/284e6e5a-2c1e-427b-b64f-15ab514d60d3___YLCV_NREC 2397_final_masked.jpg,15
data/shared_subset/hybrid/pv/Tomato_leaf_late_blight/1329e768-8331-4853-8d35-c03f5586c645___GHLB2 Leaf 8867_final_masked.jpg,13
data/shared_subset/hybrid/pv/Potato_leaf_early_blight/5bb77b39-311b-4ad1-8bfc-5a41a13b7b02___RS_Early.B 8255_final_masked.jpg,7
data/shared_subset/hybrid/pv/Tomato_leaf_yellow_virus/c25a48d1-bb0a-4558-b13a-03bef17be1e3___UF.GRC_YLCV_Lab 02530_final_masked.jpg,15
data/shared_subset/hybrid/pv/grape_leaf_black_rot/b88381f5-59e1-4b0d-9b9d-57a3f3460b9a___FAM_B.Rot 3100_final_masked.jpg,17
data/shared_subset/hybrid/pv/Tomato_leaf_yellow_virus/b436da97-ae9f-4078-90d3-4abac91a611c___YLCV_NREC 2770_final_masked.jpg,15
data/shared_subset/hybrid/pv/Tomato_Septoria_leaf_spot/fce4cdc2-400f-4afc-ac78-147a63ab43f1___Matt.S_CG 7596_final_masked.jpg,11
data/shared_subset/hybrid/pv/Potato_leaf_early_blight/e50bd734-03b9-479b-9ca0-48ef217a2c59___RS_Early.B 7976_final_masked.jpg,7
data/shared_subset/hybrid/pv/Squash_Powdery_mildew_leaf/3ca0c262-dc11-4473-bc4c-51dd69b0bd11___MD_Powd.M 1037_final_masked.jpg,9
data/shared_subset/hybrid/pv/Corn_rust_leaf/39b299f1-bb3d-44a7-be2d-c9b0231b0d15___RS_Rust 2419_final_masked.jpg,6
data/shared_subset/hybrid/pv/Tomato_leaf_late_blight/c3dc2bc8-bf20-4cc6-8601-420f43555bc5___RS_Late.B 5056_final_masked.jpg,13
data/shared_subset/hybrid/pv/Corn_Gray_leaf_spot/eca81238-4c71-4982-a1a7-80c16852c299___RS_GLSp 4467 copy_final_masked.jpg,4
data/shared_subset/hybrid/pv/Tomato_leaf_late_blight/507ffea4-183f-48c4-af97-d1201c99da5f___GHLB2 Leaf 8895_final_masked.jpg,13
data/shared_subset/hybrid/pv/Tomato_leaf_late_blight/31ba9bec-b1f2-49ee-b531-df197dc83ac5___GHLB2 Leaf 116_final_masked.jpg,13
data/shared_subset/hybrid/pv/grape_leaf_black_rot/4c2cf28e-6bec-4105-bdaf-b36fb046ab3e___FAM_B.Rot 3024_final_masked.jpg,17
data/shared_subset/hybrid/pv/Potato_leaf_early_blight/9d2f37ae-aa02-4b04-b0cb-9fe125cfdbe2___RS_Early.B 7691_final_masked.jpg,7
data/shared_subset/hybrid/pv/Potato_leaf_early_blight/a2fe15c2-1900-4fbd-9e69-771b1693cc68___RS_Early.B 7398_final_masked.jpg,7
data/shared_subset/hybrid/pv/Tomato_Early_blight_leaf/77b824b4-8d93-44cf-8e8d-b6433fea90b7___RS_Erly.B 6459_final_masked.jpg,10
data/shared_subset/hybrid/pv/Tomato_Septoria_leaf_spot/1e8f411c-7f6b-42c0-8c84-70486b6c91d1___Keller.St_CG 1824_final_masked.jpg,11
data/shared_subset/hybrid/pv/grape_leaf_black_rot/51beded3-3dc0-4f1f-a6b9-45c74612b9a1___FAM_B.Rot 3005_final_masked.jpg,17
data/shared_subset/hybrid/pv/Tomato_leaf_late_blight/92abc2a8-b18b-45f9-bf9a-c774cc040ac7___GHLB2 Leaf 149.2_final_masked.jpg,13
data/shared_subset/hybrid/pv/Tomato_leaf_late_blight/9c2ddeef-9d65-4b77-9b1d-3031d49791db___RS_Late.B 5309_final_masked.jpg,13
data/shared_subset/hybrid/pv/Apple_Scab_Leaf/98e6e72f-092d-41dc-93e1-22bfc1ea2abd___FREC_Scab 2953_final_masked.jpg,0
data/shared_subset/hybrid/pv/Tomato_leaf_bacterial_spot/16bbb84a-b078-4c74-8ab0-872ac7240052___UF.GRC_BS_Lab Leaf 8605_final_masked.jpg,12
data/shared_subset/hybrid/pv/Corn_rust_leaf/7aaa8a5b-b9d0-4d54-b81d-5ecb90d70c83___RS_Rust 1854_final_masked.jpg,6
data/shared_subset/hybrid/pv/Tomato_leaf_late_blight/55fb99ea-6a7d-41ba-9a04-093194074f34___GHLB2 Leaf 8692_final_masked.jpg,13
data/shared_subset/hybrid/pv/Corn_rust_leaf/1ad35b54-e296-4ef9-9bc1-e20b89f7dcd7___RS_Rust 1611_final_masked.jpg,6
data/shared_subset/hybrid/pv/Tomato_mold_leaf/8ec82028-24e9-4bb8-8c36-31a42189790e___Crnl_L.Mold 8783_final_masked.jpg,16
data/shared_subset/hybrid/pv/Tomato_leaf_late_blight/a6b6fba1-bd00-4934-9029-ed51c46ed962___RS_Late.B 4894_final_masked.jpg,13
data/shared_subset/hybrid/pv/Tomato_Early_blight_leaf/de8d6c32-2b7c-4c2c-a974-9c1c9c30486e___RS_Erly.B 9560_final_masked.jpg,10
data/shared_subset/hybrid/pv/Tomato_leaf_bacterial_spot/34ac5364-da6b-4a03-a37f-44fd1ad2144a___GCREC_Bact.Sp 2957_final_masked.jpg,12
data/shared_subset/hybrid/pv/Tomato_Early_blight_leaf/d7f1e802-0b8e-4cba-88b4-e61328322cac___RS_Erly.B 8222_final_masked.jpg,10
data/shared_subset/hybrid/pv/Bell_pepper_leaf/ef16608c-6d3f-4974-b478-b45390a1e870___JR_HL 7772_final_masked.jpg,2
data/shared_subset/hybrid/pv/Tomato_leaf_late_blight/afaca2fc-774c-4401-9915-e7493f89a72a___GHLB2 Leaf 114.1_final_masked.jpg,13
data/shared_subset/hybrid/pv/Tomato_leaf_yellow_virus/23b0a2b0-cde2-4942-9377-aaea6ff802eb___UF.GRC_YLCV_Lab 01877_final_masked.jpg,15
data/shared_subset/hybrid/pv/Tomato_Septoria_leaf_spot/efea9c03-36aa-4c64-b376-22343fb6803f___Matt.S_CG 2779_final_masked.jpg,11
data/shared_subset/hybrid/pv/Bell_pepper_leaf_spot/1ade72cf-f7e0-4282-92d9-614bf05289a0___NREC_B.Spot 1975_final_masked.jpg,3
data/shared_subset/hybrid/pv/Tomato_Early_blight_leaf/3c09557f-b69a-423e-a84f-8fd9ee6467d2___RS_Erly.B 9490_final_masked.jpg,10
data/shared_subset/hybrid/pv/Squash_Powdery_mildew_leaf/7ebedd66-557b-445d-a58a-450008f04ab9___UMD_Powd.M 9894_final_masked.jpg,9
data/shared_subset/hybrid/pv/Squash_Powdery_mildew_leaf/c9842a53-3bdf-4220-8d62-971632546f94___MD_Powd.M 0446_final_masked.jpg,9
data/shared_subset/hybrid/pv/Potato_leaf_early_blight/a6995958-6344-4d37-9b99-d3bc3d40ab67___RS_Early.B 7210_final_masked.jpg,7
data/shared_subset/hybrid/pv/Tomato_Early_blight_leaf/32e59188-5c46-4369-8991-5acfa253263b___RS_Erly.B 7781_final_masked.jpg,10
data/shared_subset/hybrid/pv/Tomato_leaf_yellow_virus/279a9e3a-016a-41bf-bf15-495cb384f657___YLCV_NREC 0182_final_masked.jpg,15
data/shared_subset/hybrid/pv/Corn_rust_leaf/8f345140-9a43-48f7-92e7-4bd971477c2d___RS_Rust 2385_final_masked.jpg,6
data/shared_subset/hybrid/pv/Potato_leaf_late_blight/20880dc9-069c-40e5-81be-6d6e33f9519c___RS_LB 4098_final_masked.jpg,8
data/shared_subset/hybrid/pv/Tomato_leaf_yellow_virus/c070f5f8-2327-4282-8797-22585ec04e5d___UF.GRC_YLCV_Lab 02445_final_masked.jpg,15
data/shared_subset/hybrid/pv/grape_leaf_black_rot/9c926aaf-78a7-4757-a230-9f75e61936c9___FAM_B.Rot 0440_final_masked.jpg,17
data/shared_subset/hybrid/pv/Potato_leaf_late_blight/37c1e3d4-e54b-431a-b370-2a506b6026a2___RS_LB 4461_final_masked.jpg,8
data/shared_subset/hybrid/pv/Potato_leaf_early_blight/fa8656fd-03b1-467c-a877-99ce5632d580___RS_Early.B 7630_final_masked.jpg,7
data/shared_subset/hybrid/pv/Bell_pepper_leaf/f5c4ed36-b760-41c8-9ce3-60f0e1b0f068___JR_HL 5871_final_masked.jpg,2
data/shared_subset/hybrid/pv/Apple_Scab_Leaf/5eb564a6-cd74-4c90-95d9-611a6301369d___FREC_Scab 3099_final_masked.jpg,0
data/shared_subset/hybrid/pv/Tomato_leaf_bacterial_spot/07458546-6893-49c8-b94f-edde706b19fa___GCREC_Bact.Sp 3835_final_masked.jpg,12
data/shared_subset/hybrid/pv/Potato_leaf_early_blight/fa61b2e4-413c-4503-a2a2-cff2d8a11351___RS_Early.B 7370_final_masked.jpg,7
data/shared_subset/hybrid/pv/Tomato_leaf_bacterial_spot/99b512f5-bec4-4f7d-b817-9b2990f08cc7___UF.GRC_BS_Lab Leaf 9160_final_masked.jpg,12
data/shared_subset/hybrid/pv/Tomato_leaf_bacterial_spot/fe1532f6-a66d-4705-b0ab-7e5ed6f9b81a___GCREC_Bact.Sp 6346_final_masked.jpg,12
data/shared_subset/hybrid/pv/Potato_leaf_late_blight/00695906-210d-4a9d-822e-986a17384115___RS_LB 4026_final_masked.jpg,8
data/shared_subset/hybrid/pv/Potato_leaf_early_blight/38807f81-ce49-4978-916a-a6cd2a95bfb0___RS_Early.B 8397_final_masked.jpg,7
data/shared_subset/hybrid/pv/Corn_leaf_blight/10c52456-18c0-43ec-afeb-0ff505b912cb___RS_NLB 3505_final_masked.jpg,5
data/shared_subset/hybrid/pv/Tomato_leaf_bacterial_spot/93425b8b-4f69-47ec-bbd7-15723bd9b563___GCREC_Bact.Sp 6004_final_masked.jpg,12
data/shared_subset/hybrid/pv/Potato_leaf_late_blight/fd35fb86-6558-40f2-b8ac-6922e2107af5___RS_LB 4095_final_masked.jpg,8
data/shared_subset/hybrid/pv/Tomato_leaf_late_blight/370b9866-9a0d-4541-aaf1-cfefa1d2268c___RS_Late.B 6938_final_masked.jpg,13
data/shared_subset/hybrid/pv/Bell_pepper_leaf_spot/376e68b6-818c-4ed5-97d2-ec9b0ac55bff___NREC_B.Spot 9102_final_masked.jpg,3
data/shared_subset/hybrid/pv/Tomato_Septoria_leaf_spot/4bf63128-b5bc-4518-8d0b-ec5113f508c6___Matt.S_CG 2502_final_masked.jpg,11
data/shared_subset/hybrid/pv/Tomato_mold_leaf/6e2b61bf-f35d-4e8a-a64c-c3cfed5db42e___Crnl_L.Mold 9008_final_masked.jpg,16
data/shared_subset/hybrid/pv/Tomato_leaf_bacterial_spot/c7b8365c-bb15-4afb-84e2-6b85f0f9cef5___GCREC_Bact.Sp 6245_final_masked.jpg,12
data/shared_subset/hybrid/pv/Tomato_leaf_yellow_virus/d9a67b32-d238-4277-a1d9-b32fef751762___YLCV_GCREC 2145_final_masked.jpg,15
data/shared_subset/hybrid/pv/Tomato_leaf_yellow_virus/81e001c2-ea82-4b0b-bb4e-b9e85420ada9___UF.GRC_YLCV_Lab 09398_final_masked.jpg,15
data/shared_subset/hybrid/pv/Tomato_mold_leaf/d7ee8962-2ee6-4da6-aadd-d181aa54a498___Crnl_L.Mold 8922_final_masked.jpg,16
data/shared_subset/hybrid/pv/Tomato_Early_blight_leaf/ca7035fa-f55d-49c7-9d89-3d513c8e35b1___RS_Erly.B 7556_final_masked.jpg,10
data/shared_subset/hybrid/pv/Tomato_leaf_bacterial_spot/b540f78d-2b64-4c23-bc20-2287f63b383f___GCREC_Bact.Sp 6128_final_masked.jpg,12
data/shared_subset/hybrid/pv/Corn_Gray_leaf_spot/24f6e3ed-d58d-45eb-b9a7-a7e347e237fb___RS_GLSp 4465_final_masked.jpg,4
data/shared_subset/hybrid/pv/Tomato_leaf_bacterial_spot/26768a91-4aca-41a4-ad88-1b791c2312dc___GCREC_Bact.Sp 5669_final_masked.jpg,12
data/shared_subset/hybrid/pv/Squash_Powdery_mildew_leaf/dac54b12-0916-408f-b29a-e65e534b7866___MD_Powd.M 1075_final_masked.jpg,9
data/shared_subset/hybrid/pv/Tomato_leaf_late_blight/d4f4500b-9ebe-41fe-84ed-00278dc646b7___GHLB2 Leaf 9017_final_masked.jpg,13
data/shared_subset/hybrid/pv/Tomato_leaf_yellow_virus/ab310156-ed1c-4275-b801-4a93be798356___UF.GRC_YLCV_Lab 01672_final_masked.jpg,15
data/shared_subset/hybrid/pv/Potato_leaf_late_blight/b469e38c-ef99-4ed1-b294-1e65727138fb___RS_LB 4056_final_masked.jpg,8
data/shared_subset/hybrid/pv/Tomato_Septoria_leaf_spot/720cc0eb-fccf-4e33-8f75-c834b6297b86___Matt.S_CG 6771_final_masked.jpg,11
data/shared_subset/hybrid/pv/Corn_rust_leaf/2a4246c3-5a4e-4b17-9b69-5f687b1263fa___RS_Rust 2671_final_masked.jpg,6
data/shared_subset/hybrid/pv/Tomato_leaf_bacterial_spot/967c57c6-5e39-4dae-ba99-40bea44e8dee___UF.GRC_BS_Lab Leaf 0901_final_masked.jpg,12
data/shared_subset/hybrid/pv/Tomato_leaf_yellow_virus/b6f9fef6-dc5c-4b93-9a00-3a127abc044a___UF.GRC_YLCV_Lab 02656_final_masked.jpg,15
data/shared_subset/hybrid/pv/Corn_leaf_blight/653a38de-840f-4905-83f2-34a96410bb99___RS_NLB 3853 copy 2_final_masked.jpg,5
data/shared_subset/hybrid/pv/Bell_pepper_leaf/eed1b6d4-c01c-4b3f-8aba-77ebc730b2f9___JR_HL 7907_final_masked.jpg,2
data/shared_subset/hybrid/pv/Tomato_leaf_yellow_virus/e8a59634-b48a-40d9-8d49-1cf433b62b74___YLCV_NREC 2574_final_masked.jpg,15
data/shared_subset/hybrid/pv/Tomato_Septoria_leaf_spot/c6d86577-e132-46f6-8f49-5085daca84b4___Matt.S_CG 6200_final_masked.jpg,11
data/shared_subset/hybrid/pv/Tomato_leaf_yellow_virus/6edbefd9-9755-456a-8ba9-dd7a9c467cc3___YLCV_GCREC 2533_final_masked.jpg,15
data/shared_subset/hybrid/pv/Tomato_leaf_bacterial_spot/c9251133-b2c8-4227-9c29-f14857e83be1___GCREC_Bact.Sp 5692_final_masked.jpg,12
data/shared_subset/hybrid/pv/Squash_Powdery_mildew_leaf/086afbef-b8be-47a4-a176-da55727fde84___UMD_Powd.M 0340_final_masked.jpg,9
data/shared_subset/hybrid/pv/Tomato_leaf_yellow_virus/786a8bce-621d-472b-b140-77bef664c969___UF.GRC_YLCV_Lab 08479_final_masked.jpg,15
data/shared_subset/hybrid/pv/Tomato_leaf_late_blight/435f78a8-70a8-4df9-b227-c6230301a17e___RS_Late.B 6672_final_masked.jpg,13
data/shared_subset/hybrid/pv/Tomato_leaf_yellow_virus/6d7344e5-75cc-41be-b04e-fbfee0c6ed91___YLCV_NREC 2992_final_masked.jpg,15
data/shared_subset/hybrid/pv/Bell_pepper_leaf_spot/a3736622-1bd1-4e57-8aa0-2b8ed898c2a4___NREC_B.Spot 9095_final_masked.jpg,3
data/shared_subset/hybrid/pv/Tomato_leaf_yellow_virus/c6cb3a61-4f50-478f-9097-b21f470ce971___UF.GRC_YLCV_Lab 02536_final_masked.jpg,15
data/shared_subset/hybrid/pv/Tomato_leaf_yellow_virus/a4f63bf9-a7d5-4fca-a67a-bc48279aeb83___YLCV_NREC 2403_final_masked.jpg,15
data/shared_subset/hybrid/pv/Tomato_leaf_yellow_virus/182c89bc-6623-4e79-9967-b91169d65d71___UF.GRC_YLCV_Lab 03241_final_masked.jpg,15
data/shared_subset/hybrid/pv/Corn_rust_leaf/04e947e8-d422-4f48-aa85-a1ec83883465___RS_Rust 2198_final_masked.jpg,6
data/shared_subset/hybrid/pv/Tomato_mold_leaf/6e5d3e12-17ad-4c87-bb29-26b13a797560___Crnl_L.Mold 9075_final_masked.jpg,16
data/shared_subset/hybrid/pv/Bell_pepper_leaf/0354e474-d930-4098-97f8-0acee01817ea___JR_HL 7623_final_masked.jpg,2
data/shared_subset/hybrid/pv/Apple_rust_leaf/e5521dec-ea35-479d-93be-38743927db53___FREC_C.Rust 4356_final_masked.jpg,1
data/shared_subset/hybrid/pv/Tomato_leaf_late_blight/57e8eac3-bf54-463c-a3d7-6ef04ae0a8dc___GHLB2 Leaf 124.3_final_masked.jpg,13
data/shared_subset/hybrid/pv/Tomato_leaf_yellow_virus/bebe34af-2b7d-4ebe-b72b-ff0dadf35124___UF.GRC_YLCV_Lab 01959_final_masked.jpg,15
data/shared_subset/hybrid/pv/Corn_leaf_blight/ff8577c3-ad10-4272-84f6-b7c6d6042d1f___RS_NLB 3506_final_masked.jpg,5
data/shared_subset/hybrid/pv/Squash_Powdery_mildew_leaf/202411e3-c670-4cca-890c-540f5d3e9fac___MD_Powd.M 0882_final_masked.jpg,9
data/shared_subset/hybrid/pv/Tomato_leaf_yellow_virus/526bc568-af03-4503-9e54-f207342eee85___YLCV_GCREC 2017_final_masked.jpg,15
data/shared_subset/hybrid/pv/Squash_Powdery_mildew_leaf/3ec1b2bd-0f49-4f00-8ab1-fc88a636cc10___UMD_Powd.M 0407_final_masked.jpg,9
data/shared_subset/hybrid/pv/Tomato_leaf_bacterial_spot/8bd2f1ec-3094-479f-9210-f7fba270922d___GCREC_Bact.Sp 6256_final_masked.jpg,12
data/shared_subset/hybrid/pv/Tomato_leaf_yellow_virus/e7f56302-1fda-4696-b273-38d58c3f3b78___UF.GRC_YLCV_Lab 09419_final_masked.jpg,15
data/shared_subset/hybrid/pv/Tomato_mold_leaf/19014458-f5de-4c92-beb5-8faf0e6a6bf3___Crnl_L.Mold 8754_final_masked.jpg,16
data/shared_subset/hybrid/pv/Potato_leaf_late_blight/3888aab7-b07f-439b-80cc-c7f49004a67c___RS_LB 4156_final_masked.jpg,8
data/shared_subset/hybrid/pv/grape_leaf_black_rot/ab274db8-a323-48e9-8d02-be441144f6f4___FAM_B.Rot 3238_final_masked.jpg,17
data/shared_subset/hybrid/pv/Tomato_leaf_late_blight/cbbf7dc3-4ff9-4864-bd26-54ed77b01e51___RS_Late.B 6628_final_masked.jpg,13
data/shared_subset/hybrid/pv/Tomato_leaf_yellow_virus/110c50e6-039e-4f32-bda1-26262968ab8a___YLCV_GCREC 5539_final_masked.jpg,15
data/shared_subset/hybrid/pv/Bell_pepper_leaf/b57eb9c4-59e7-4fc7-88e4-c9827304d118___JR_HL 8802_final_masked.jpg,2
data/shared_subset/hybrid/pv/Tomato_leaf_yellow_virus/ef849f6e-252e-4982-85a8-27b02c837737___YLCV_NREC 2851_final_masked.jpg,15
data/shared_subset/hybrid/pv/Potato_leaf_early_blight/49f13f57-6881-4caa-839b-d93215ce1b77___RS_Early.B 7009_final_masked.jpg,7
data/shared_subset/hybrid/pv/Tomato_mold_leaf/02415b3d-2ba8-4654-8398-a480ad901bbf___Crnl_L.Mold 8645_final_masked.jpg,16
data/shared_subset/hybrid/pv/Tomato_leaf_bacterial_spot/d9583f61-d03e-4c4f-a86c-125751b37324___GCREC_Bact.Sp 6376_final_masked.jpg,12
data/shared_subset/hybrid/pv/Squash_Powdery_mildew_leaf/c099bf29-2753-4088-8cd4-d6a6682ce1d0___MD_Powd.M 0560_final_masked.jpg,9
data/shared_subset/hybrid/pv/Corn_rust_leaf/31c8284f-b980-4081-bb18-af4103ea9dce___RS_Rust 2278_final_masked.jpg,6
data/shared_subset/hybrid/pv/Tomato_leaf_yellow_virus/0a9e37a2-95d5-4af7-95a1-2cbb67074452___YLCV_NREC 2291_final_masked.jpg,15
data/shared_subset/hybrid/pv/Corn_Gray_leaf_spot/f19f6395-fe3b-427f-b888-49326cafe697___RS_GLSp 4329_final_masked.jpg,4
data/shared_subset/hybrid/pv/grape_leaf_black_rot/8c2374fd-2ad8-4f94-8634-9adfc9933444___FAM_B.Rot 0543_final_masked.jpg,17
data/shared_subset/hybrid/pv/Apple_Scab_Leaf/ba94f188-df0b-41fd-94e3-f0ed4924e23e___FREC_Scab 3102_final_masked.jpg,0
data/shared_subset/hybrid/pv/Tomato_leaf_yellow_virus/0351992b-8156-4f08-ba42-72f111c7e0db___YLCV_NREC 0198_final_masked.jpg,15
data/shared_subset/hybrid/pv/Tomato_Early_blight_leaf/7dc08826-98ed-4885-abfe-85beedbd8cab___RS_Erly.B 9498_final_masked.jpg,10
data/shared_subset/hybrid/pv/grape_leaf_black_rot/5c237a28-eeef-4cc6-a6c5-f9360022dd3e___FAM_B.Rot 5081_final_masked.jpg,17
data/shared_subset/hybrid/pv/Tomato_leaf_yellow_virus/2e793da5-9327-4439-9c03-6327e8441573___YLCV_GCREC 2089_final_masked.jpg,15
data/shared_subset/hybrid/pv/Tomato_leaf_yellow_virus/c55a139e-b525-4ea8-adad-1d4d18f432bd___YLCV_NREC 2218_final_masked.jpg,15
data/shared_subset/hybrid/pv/Potato_leaf_late_blight/a896e0bb-67a4-4762-b74a-1c58b14622b0___RS_LB 5013_final_masked.jpg,8
data/shared_subset/hybrid/pv/Tomato_Septoria_leaf_spot/4685caac-cd9f-45ff-b1c6-58bdc706d0c7___Matt.S_CG 6762_final_masked.jpg,11
data/shared_subset/hybrid/pv/Tomato_leaf_yellow_virus/79032fad-7cb4-47e8-8b5d-c15f61d3f66b___YLCV_GCREC 2231_final_masked.jpg,15
data/shared_subset/hybrid/pv/Tomato_leaf_yellow_virus/df93e62d-78d5-4373-ac39-daf94b269efa___YLCV_GCREC 2160_final_masked.jpg,15
data/shared_subset/hybrid/pv/grape_leaf_black_rot/4b58bd4b-a23c-4677-b52e-5301a120c981___FAM_B.Rot 3150_final_masked.jpg,17
data/shared_subset/hybrid/pv/Tomato_leaf_yellow_virus/e30ef72f-3a20-44d2-92e2-4456fafd2b1d___UF.GRC_YLCV_Lab 01729_final_masked.jpg,15
data/shared_subset/hybrid/pv/Tomato_leaf_late_blight/3fae9c64-18f0-4a67-9f97-554248bb1bed___GHLB_PS Leaf 24 Day 16_final_masked.jpg,13
data/shared_subset/hybrid/pv/Potato_leaf_late_blight/3cfeea97-88e1-42e6-b760-0fa125613e9c___RS_LB 4406_final_masked.jpg,8
data/shared_subset/hybrid/pv/Tomato_leaf_bacterial_spot/f848e0cd-2447-4b8f-8467-4e14f4d20e83___GCREC_Bact.Sp 6140_final_masked.jpg,12
data/shared_subset/hybrid/pv/Squash_Powdery_mildew_leaf/009996d9-797e-4450-afad-e8346f7ede04___UMD_Powd.M 0216_final_masked.jpg,9
data/shared_subset/hybrid/pv/Tomato_leaf_yellow_virus/3d5f3d2d-eaf2-4848-bbf2-c9f8e87c5158___YLCV_GCREC 5143_final_masked.jpg,15
data/shared_subset/hybrid/pv/Tomato_mold_leaf/676a35ff-f0b2-43c8-bb58-ab531c46516a___Crnl_L.Mold 9005_final_masked.jpg,16
data/shared_subset/hybrid/pv/Tomato_leaf_yellow_virus/921ba4f2-850a-45d5-abc8-4b06105ce5a1___UF.GRC_YLCV_Lab 01708_final_masked.jpg,15
data/shared_subset/hybrid/pv/Corn_rust_leaf/4356f0ec-0968-4fb4-a5ea-a77b1f634c31___RS_Rust 1929_final_masked.jpg,6
data/shared_subset/hybrid/pv/Tomato_leaf_bacterial_spot/25a8ea2f-8337-4b4b-8e2d-2110ee2b89ff___GCREC_Bact.Sp 5688_final_masked.jpg,12
data/shared_subset/hybrid/pv/Squash_Powdery_mildew_leaf/e5dde57b-82b3-4f93-a077-ffb090ab3754___MD_Powd.M 0853_final_masked.jpg,9
data/shared_subset/hybrid/pv/Corn_Gray_leaf_spot/52acf240-2625-4b4c-8484-6c93e998b115___RS_GLSp 7337_final_masked.jpg,4
data/shared_subset/hybrid/pv/Tomato_Septoria_leaf_spot/ef2589f7-5993-4457-a981-9bd6fc0d8499___Matt.S_CG 2638_final_masked.jpg,11
data/shared_subset/hybrid/pv/Tomato_leaf_late_blight/f84a91cc-ad11-409e-9115-1af741e5726d___RS_Late.B 5166_final_masked.jpg,13
data/shared_subset/hybrid/pv/Tomato_Early_blight_leaf/16c7ab4c-6940-41e9-854f-d1a9a99325ce___RS_Erly.B 8216_final_masked.jpg,10
data/shared_subset/hybrid/pv/Tomato_leaf_yellow_virus/3f905faa-e3a5-447e-80bb-f5eb5a77afdc___YLCV_NREC 2924_final_masked.jpg,15
data/shared_subset/hybrid/pv/Tomato_Septoria_leaf_spot/6cebad3a-afa4-4c38-9bcc-3977af4434d1___Matt.S_CG 2793_final_masked.jpg,11
data/shared_subset/hybrid/pv/Tomato_leaf_bacterial_spot/dec2db16-8bae-42e0-9b02-8e3d9f0793cc___GCREC_Bact.Sp 5697_final_masked.jpg,12
data/shared_subset/hybrid/pv/Tomato_Septoria_leaf_spot/0286577f-36c8-4b0d-bbf5-404993cd089d___Matt.S_CG 1422_final_masked.jpg,11
data/shared_subset/hybrid/pv/Tomato_leaf_yellow_virus/f60044f6-40aa-4181-ac8c-3c79bb42a3fe___UF.GRC_YLCV_Lab 01817_final_masked.jpg,15
data/shared_subset/hybrid/pv/Squash_Powdery_mildew_leaf/1468ff45-dffb-4850-adbb-891f12857863___MD_Powd.M 9902_final_masked.jpg,9
data/shared_subset/hybrid/pv/Bell_pepper_leaf_spot/4e380ba7-b5dc-46e3-850e-b52a775378d0___NREC_B.Spot 9107_final_masked.jpg,3
data/shared_subset/hybrid/pv/grape_leaf_black_rot/fb819384-a48d-4615-becc-7d39d48477e5___FAM_B.Rot 0463_final_masked.jpg,17
data/shared_subset/hybrid/pv/Tomato_leaf_yellow_virus/e0756d04-b321-4bf4-ae91-531d7f9e8f44___YLCV_NREC 2188_final_masked.jpg,15
data/shared_subset/hybrid/pv/Apple_Scab_Leaf/de6e3dd8-b2b8-4bce-aa4f-83cc514f2007___FREC_Scab 3511_final_masked.jpg,0
data/shared_subset/hybrid/pv/Tomato_mold_leaf/9f983c7d-d9a2-4800-aef4-fe60003f51d1___Crnl_L.Mold 8718_final_masked.jpg,16
data/shared_subset/hybrid/pv/Squash_Powdery_mildew_leaf/87a37c05-0317-4ac9-8ad5-a2af3b2e22a4___UMD_Powd.M 9666_final_masked.jpg,9
data/shared_subset/hybrid/pv/Bell_pepper_leaf/b6220cf3-e18d-4303-a7ed-cf60570bed93___JR_HL 5814_final_masked.jpg,2
data/shared_subset/hybrid/pv/Bell_pepper_leaf/30f972e1-6b7e-4ec1-bf77-10ceedf095bf___JR_HL 8378_final_masked.jpg,2
data/shared_subset/hybrid/pv/Tomato_leaf_yellow_virus/af4d594d-c7e1-43df-aa81-79310dc1d7f5___YLCV_GCREC 5116_final_masked.jpg,15
data/shared_subset/hybrid/pv/Tomato_Early_blight_leaf/38c6a01b-91c0-431b-8f58-05fa43cf94b7___RS_Erly.B 9408_final_masked.jpg,10
data/shared_subset/hybrid/pv/Tomato_leaf_late_blight/b88f6060-ca8b-4c4d-bd4c-1ec1ae186b71___GHLB2 Leaf 8711_final_masked.jpg,13
data/shared_subset/hybrid/pv/Corn_rust_leaf/618dff3a-db0a-423c-a96c-d98f54e14083___RS_Rust 2706_final_masked.jpg,6
data/shared_subset/hybrid/pv/Tomato_leaf_yellow_virus/3963a2e9-e6cc-4c8c-b8d2-96c7b2aa2f5a___UF.GRC_YLCV_Lab 01587_final_masked.jpg,15
data/shared_subset/hybrid/pv/grape_leaf_black_rot/c98f3c66-a408-4db6-a7bb-83be981ff1cc___FAM_B.Rot 3168_final_masked.jpg,17
data/shared_subset/hybrid/pv/Bell_pepper_leaf_spot/6ceb56c6-36aa-4196-b60f-6fb8306b3cb4___NREC_B.Spot 9162_final_masked.jpg,3
data/shared_subset/hybrid/pv/Tomato_leaf_bacterial_spot/39397863-767f-4187-b580-f4fb2279dfe6___GCREC_Bact.Sp 3687_final_masked.jpg,12
data/shared_subset/hybrid/pv/Squash_Powdery_mildew_leaf/64ced9b4-17c0-4815-9df4-b53956468050___UMD_Powd.M 0110_final_masked.jpg,9
data/shared_subset/hybrid/pv/Corn_Gray_leaf_spot/aca41693-0f3c-4fae-a692-5fd2a4db2304___RS_GLSp 4389_final_masked.jpg,4
data/shared_subset/hybrid/pv/Tomato_leaf_yellow_virus/997a4387-5c1d-4da4-90d0-b552e8149af8___UF.GRC_YLCV_Lab 01273_final_masked.jpg,15
data/shared_subset/hybrid/pv/Bell_pepper_leaf/d84e8e33-74fc-41e7-b5b2-0ffcd609d191___JR_HL 7921_final_masked.jpg,2
data/shared_subset/hybrid/pv/Apple_Scab_Leaf/2c648fcd-d637-4559-beaa-9dd6079646fb___FREC_Scab 3213_final_masked.jpg,0
data/shared_subset/hybrid/pv/Potato_leaf_early_blight/f6d020f8-8578-4c96-afc2-a1e97adb1ea9___RS_Early.B 7521_final_masked.jpg,7
data/shared_subset/hybrid/pv/Tomato_leaf_yellow_virus/8d78e873-95c2-453b-896e-5656f67d3391___UF.GRC_YLCV_Lab 02027_final_masked.jpg,15
data/shared_subset/hybrid/pv/Tomato_leaf_late_blight/aa5e6a40-afc1-47e5-80a3-e41fb9e5a40b___GHLB2 Leaf 9085_final_masked.jpg,13
data/shared_subset/hybrid/pv/grape_leaf_black_rot/dd9d9f5b-382d-4348-b878-618b99f19915___FAM_B.Rot 3286_final_masked.jpg,17
data/shared_subset/hybrid/pv/grape_leaf_black_rot/10ac6129-104c-4818-8497-b617119ac54e___FAM_B.Rot 0612_final_masked.jpg,17
data/shared_subset/hybrid/pv/Tomato_leaf_yellow_virus/9a304611-ca84-4b99-bbff-07a81e931fb1___YLCV_GCREC 5313_final_masked.jpg,15
data/shared_subset/hybrid/pv/Bell_pepper_leaf_spot/1d26f9c5-2f4e-4b1e-a7d6-a4e9584a3ab7___JR_B.Spot 8918_final_masked.jpg,3
data/shared_subset/hybrid/pv/Bell_pepper_leaf/cec3cfff-3d00-46cf-8a8e-b7438ec7901e___JR_HL 7810_final_masked.jpg,2
data/shared_subset/hybrid/pv/Tomato_Septoria_leaf_spot/ef52809f-d100-4e76-82b6-6091dc98deae___Matt.S_CG 7781_final_masked.jpg,11
data/shared_subset/hybrid/pv/Corn_rust_leaf/600fac96-a0cc-44c1-bd49-7926c9d801f8___RS_Rust 2667_final_masked.jpg,6
data/shared_subset/hybrid/pv/Tomato_leaf_bacterial_spot/6ce28ed1-b504-427c-97fe-1ca22d7dd20a___GCREC_Bact.Sp 3061_final_masked.jpg,12
data/shared_subset/hybrid/pv/Bell_pepper_leaf_spot/c4f483a6-1b89-4158-9782-e77c649e5a65___JR_B.Spot 3367_final_masked.jpg,3
data/shared_subset/hybrid/pv/Tomato_leaf_yellow_virus/22b93888-921c-43a9-87f1-0ada76e72e12___YLCV_NREC 2489_final_masked.jpg,15
data/shared_subset/hybrid/pv/Tomato_Septoria_leaf_spot/c2281160-6ffd-40df-8293-779634299ff3___JR_Sept.L.S 2630_final_masked.jpg,11
data/shared_subset/hybrid/pv/Tomato_mold_leaf/6e41b201-9283-4da4-b7b1-1f2b37716142___Crnl_L.Mold 6955_final_masked.jpg,16
data/shared_subset/hybrid/pv/Tomato_Septoria_leaf_spot/ee3205cd-bafb-416b-b560-caef5586b96c___JR_Sept.L.S 2540_final_masked.jpg,11
data/shared_subset/hybrid/pv/Squash_Powdery_mildew_leaf/d574b1eb-535c-46a3-93a2-845ee43cf5e2___MD_Powd.M 0422_final_masked.jpg,9
data/shared_subset/hybrid/pv/Bell_pepper_leaf/8a711858-3c85-4e73-a881-2fe3e503326e___JR_HL 8528_final_masked.jpg,2
data/shared_subset/hybrid/pv/Tomato_mold_leaf/30f6aead-5cd9-453d-85e6-56e93c1987d8___Crnl_L.Mold 6886_final_masked.jpg,16
data/shared_subset/hybrid/pv/Tomato_leaf_yellow_virus/018c1311-3ebf-48ce-8e31-f663e1b418a2___UF.GRC_YLCV_Lab 02979_final_masked.jpg,15
data/shared_subset/hybrid/pv/Tomato_leaf_yellow_virus/d7cf301b-b54c-4a3f-93e0-62b00b4021d8___YLCV_GCREC 5532_final_masked.jpg,15
data/shared_subset/hybrid/pv/Tomato_leaf_late_blight/a5d9410b-4ca9-494f-ba13-c7a01c48fa49___RS_Late.B 7147_final_masked.jpg,13
data/shared_subset/hybrid/pv/Bell_pepper_leaf/90e840e0-3b8c-4100-8340-ef0ed67e5972___JR_HL 8367_final_masked.jpg,2
data/shared_subset/hybrid/pv/Tomato_leaf_yellow_virus/31811b91-94bd-4748-9e0e-4644827c99b7___UF.GRC_YLCV_Lab 01546_final_masked.jpg,15
data/shared_subset/hybrid/pv/Tomato_leaf_yellow_virus/c5ef24e1-9ed6-40f5-94c8-dfac25535981___YLCV_NREC 2448_final_masked.jpg,15
data/shared_subset/hybrid/pv/Corn_rust_leaf/f0f7f3cc-c862-4eb8-ac2d-f6367cddfc3e___RS_Rust 2436_final_masked.jpg,6
data/shared_subset/hybrid/pv/Tomato_leaf_bacterial_spot/6d672985-36f0-48ad-b956-b1378d63c980___GCREC_Bact.Sp 6052_final_masked.jpg,12
data/shared_subset/hybrid/pv/Tomato_leaf_late_blight/18ab423e-c11a-4800-a84b-4598f08560d8___RS_Late.B 6571_final_masked.jpg,13
data/shared_subset/hybrid/pv/Squash_Powdery_mildew_leaf/a5a9f947-a307-4a46-a69a-d2eaf8a0c6d9___UMD_Powd.M 9910_final_masked.jpg,9
data/shared_subset/hybrid/pv/Potato_leaf_late_blight/12e2c9b5-fbfc-4bc9-898b-86ead976a615___RS_LB 2702_final_masked.jpg,8
data/shared_subset/hybrid/pv/Tomato_leaf_yellow_virus/74511db1-33bc-4c6c-8974-2e429535bd80___YLCV_GCREC 5132_final_masked.jpg,15
data/shared_subset/hybrid/pv/Tomato_leaf_late_blight/c614e6d5-04cc-4846-9867-84c83961c5cf___GHLB2 Leaf 8617_final_masked.jpg,13
data/shared_subset/hybrid/pv/Tomato_leaf_late_blight/75ab27f9-4a06-4ec8-a335-078802c71fe0___RS_Late.B 5384_final_masked.jpg,13
data/shared_subset/hybrid/pv/Tomato_leaf_bacterial_spot/247444c2-846f-4626-9c69-762c6f278538___GCREC_Bact.Sp 3452_final_masked.jpg,12
data/shared_subset/hybrid/pv/Squash_Powdery_mildew_leaf/d645c024-82da-4cf5-8472-9f6be9269311___MD_Powd.M 0397_final_masked.jpg,9
data/shared_subset/hybrid/pv/Potato_leaf_late_blight/dd08ad51-110b-4de0-bfbb-862e53a6165c___RS_LB 4542_final_masked.jpg,8
data/shared_subset/hybrid/pv/Tomato_leaf_yellow_virus/b499bd1e-7fc6-43cb-a0f3-141b22b1b946___YLCV_GCREC 5292_final_masked.jpg,15
data/shared_subset/hybrid/pv/Potato_leaf_early_blight/f5ec7cce-c3cc-4b4a-b716-d70175b1dcd2___RS_Early.B 7520_final_masked.jpg,7
data/shared_subset/hybrid/pv/Corn_rust_leaf/950dcada-0f89-426e-882f-370709e52e2d___RS_Rust 2542_final_masked.jpg,6
data/shared_subset/hybrid/pv/Potato_leaf_late_blight/4c846678-1c22-4734-b2bf-fb774bf3bb13___RS_LB 4090_final_masked.jpg,8
data/shared_subset/hybrid/pv/Squash_Powdery_mildew_leaf/af78d796-9021-4d74-8757-f19a8abcdfde___UMD_Powd.M 0393_final_masked.jpg,9
data/shared_subset/hybrid/pv/Tomato_leaf_yellow_virus/25f80470-b3ed-4bc5-b6c5-30181430ab05___UF.GRC_YLCV_Lab 02918_final_masked.jpg,15
data/shared_subset/hybrid/pv/Tomato_leaf_bacterial_spot/a3f7725c-9df0-4bd0-9cad-7a209ed4a16d___GCREC_Bact.Sp 3465_final_masked.jpg,12
data/shared_subset/hybrid/pv/Potato_leaf_late_blight/def9c9e1-fd12-44d9-92ae-18c5ff0f52da___RS_LB 2605_final_masked.jpg,8
data/shared_subset/hybrid/pv/Tomato_leaf_mosaic_virus/4e35d3db-e33d-493d-80f2-6a3fdce77959___PSU_CG 2135_final_masked.jpg,14
data/shared_subset/hybrid/pv/Tomato_leaf_yellow_virus/d49f447e-dcf2-4c39-9672-a9078fce812a___YLCV_NREC 2444_final_masked.jpg,15
data/shared_subset/hybrid/pv/grape_leaf_black_rot/da4c8837-e28a-485b-b121-67eb8b58b35c___FAM_B.Rot 0672_final_masked.jpg,17
data/shared_subset/hybrid/pv/Corn_rust_leaf/44e96085-531e-4ed9-bc43-88a388eaee3d___RS_Rust 2722_final_masked.jpg,6
data/shared_subset/hybrid/pv/Bell_pepper_leaf/25586e4c-0cba-4db9-8bab-4a6353f097e9___JR_HL 8335_final_masked.jpg,2
data/shared_subset/hybrid/pv/Bell_pepper_leaf/53b71f64-417e-4fef-85c9-31a60424b6f0___JR_HL 8300_final_masked.jpg,2
data/shared_subset/hybrid/pv/Tomato_leaf_yellow_virus/ae3fb572-eea5-48a0-85e1-d01bc319b538___YLCV_NREC 0255_final_masked.jpg,15
data/shared_subset/hybrid/pv/Apple_Scab_Leaf/fcd4d0fd-30c9-4b05-b0ea-ca74fd3cad72___FREC_Scab 3510_final_masked.jpg,0
data/shared_subset/hybrid/pv/Tomato_leaf_mosaic_virus/57b10f20-7819-40b1-924c-b484c42c515f___PSU_CG 2356_final_masked.jpg,14
data/shared_subset/hybrid/pv/Tomato_leaf_bacterial_spot/f3febe3a-8dfb-442c-a227-8c77d63e7252___GCREC_Bact.Sp 5823_final_masked.jpg,12
data/shared_subset/hybrid/pv/Tomato_mold_leaf/706355a7-3ca5-4a79-b946-6fecf0b17277___Crnl_L.Mold 8990_final_masked.jpg,16
data/shared_subset/hybrid/pv/Corn_Gray_leaf_spot/3bc17d8a-7efc-469a-a0af-aa8a68e62e89___RS_GLSp 9323_final_masked.jpg,4
data/shared_subset/hybrid/pv/Tomato_leaf_yellow_virus/c82eafb2-6329-4e74-83ba-fa1fc37826b8___UF.GRC_YLCV_Lab 01957_final_masked.jpg,15
data/shared_subset/hybrid/pv/Potato_leaf_late_blight/63ec8c33-368c-433d-8953-f28f30e5985f___RS_LB 2943_final_masked.jpg,8
data/shared_subset/hybrid/pv/Tomato_Septoria_leaf_spot/d0262a47-cb25-4411-a26c-8e838e1c288e___Matt.S_CG 6827_final_masked.jpg,11
data/shared_subset/hybrid/pv/Corn_rust_leaf/4ca8ccad-d1eb-413e-98e2-630ee7f1f339___RS_Rust 2156_final_masked.jpg,6
data/shared_subset/hybrid/pv/Tomato_leaf_bacterial_spot/50396b93-07af-41f8-bd0c-9d5068e1699e___GCREC_Bact.Sp 5662_final_masked.jpg,12
data/shared_subset/hybrid/pv/Bell_pepper_leaf/3f3b903c-cfeb-4574-8be7-1580296d7c2f___JR_HL 5865_final_masked.jpg,2
data/shared_subset/hybrid/pv/Bell_pepper_leaf/c874080b-be91-4c77-967f-092f91884297___JR_HL 7919_final_masked.jpg,2
data/shared_subset/hybrid/pv/Tomato_Septoria_leaf_spot/b0dd53e4-a322-48ca-8e7f-d00d599d40d0___Keller.St_CG 1962_final_masked.jpg,11
data/shared_subset/hybrid/pv/Tomato_leaf_yellow_virus/73c34aa9-61a0-43e5-b01e-ddab0ee2583b___UF.GRC_YLCV_Lab 02762_final_masked.jpg,15
data/shared_subset/hybrid/pv/Tomato_leaf_late_blight/5689609d-1132-425a-96d3-070900666ffc___RS_Late.B 5455_final_masked.jpg,13
data/shared_subset/hybrid/pv/Tomato_Early_blight_leaf/90c69e4c-c526-4f72-b0b0-4127fc6acb0a___RS_Erly.B 7782_final_masked.jpg,10
data/shared_subset/hybrid/pv/Tomato_Septoria_leaf_spot/6dcca219-2671-49d7-82f4-dac9571aae01___Matt.S_CG 1030_final_masked.jpg,11
data/shared_subset/hybrid/pv/Tomato_leaf_yellow_virus/07018bab-e244-4aa8-970d-45f05b41417c___UF.GRC_YLCV_Lab 03286_final_masked.jpg,15
data/shared_subset/hybrid/pv/Bell_pepper_leaf_spot/01dfb88b-cd5a-420c-b163-51f5fe07b74d___JR_B.Spot 9091_final_masked.jpg,3
data/shared_subset/hybrid/pv/Tomato_leaf_yellow_virus/0563dce6-95ce-4ce1-a2b7-95f923b09d26___UF.GRC_YLCV_Lab 01993_final_masked.jpg,15
data/shared_subset/hybrid/pv/Tomato_mold_leaf/9ab60a88-cd38-43c0-998d-4503e4bdc8b2___Crnl_L.Mold 6749_final_masked.jpg,16
data/shared_subset/hybrid/pv/Tomato_leaf_yellow_virus/475356f2-a707-4b3d-b2ac-8029f060b621___UF.GRC_YLCV_Lab 01804_final_masked.jpg,15
data/shared_subset/hybrid/pv/Tomato_leaf_bacterial_spot/3dbc84e0-27f1-421f-8978-82881bf846fd___GCREC_Bact.Sp 3514_final_masked.jpg,12
data/shared_subset/hybrid/pv/Bell_pepper_leaf_spot/6c475c34-fcf6-4386-97f3-a08424dc0401___NREC_B.Spot 1801_final_masked.jpg,3
data/shared_subset/hybrid/pv/Tomato_leaf_yellow_virus/d5cf00b6-a02b-4d2e-83f2-7663815a79c2___UF.GRC_YLCV_Lab 02343_final_masked.jpg,15
data/shared_subset/hybrid/pv/Tomato_Early_blight_leaf/f834c581-d183-4a7a-98a5-77e8e2cbfa69___RS_Erly.B 7722_final_masked.jpg,10
data/shared_subset/hybrid/pv/grape_leaf_black_rot/9b42e289-6e83-4788-b453-fd1b1a9006ae___FAM_B.Rot 3071_final_masked.jpg,17
data/shared_subset/hybrid/pv/Tomato_leaf_yellow_virus/2d3cb3a2-7157-4ca7-803b-508a59701a70___YLCV_NREC 0274_final_masked.jpg,15
data/shared_subset/hybrid/pv/Squash_Powdery_mildew_leaf/04f7f7e4-c94a-4a9f-932f-9e54384a3d01___MD_Powd.M 0153_final_masked.jpg,9
data/shared_subset/hybrid/pv/Tomato_leaf_yellow_virus/792ecc8d-f54b-440a-a518-05cae5904ba4___YLCV_GCREC 5475_final_masked.jpg,15
data/shared_subset/hybrid/pv/Potato_leaf_early_blight/e00d7014-a909-4d98-892b-da96a2be9a2e___RS_Early.B 7535_final_masked.jpg,7
data/shared_subset/hybrid/pv/Tomato_leaf_late_blight/998dafd6-dac5-41f7-84d9-f96c9593dda3___RS_Late.B 7075_final_masked.jpg,13
data/shared_subset/hybrid/pv/Apple_Scab_Leaf/b10dceaa-a764-46b4-bd61-bc9fb13579ca___FREC_Scab 3141_final_masked.jpg,0
data/shared_subset/hybrid/pv/Tomato_leaf_yellow_virus/b133856e-06a1-4268-8b99-8df8ec1018aa___UF.GRC_YLCV_Lab 01897_final_masked.jpg,15
data/shared_subset/hybrid/pv/Tomato_Septoria_leaf_spot/62b56c32-fdd9-41c4-bf32-46b53d3c6ece___JR_Sept.L.S 2483_final_masked.jpg,11
data/shared_subset/hybrid/pv/Potato_leaf_late_blight/c98f32e2-c52c-4a35-bc34-c32af5a18b07___RS_LB 2807_final_masked.jpg,8
data/shared_subset/hybrid/pv/Tomato_mold_leaf/fb88e8e4-f380-4d43-a70e-0e64db8d1b64___Crnl_L.Mold 6798_final_masked.jpg,16
data/shared_subset/hybrid/pv/Tomato_leaf_bacterial_spot/ccc8b532-0e86-4dc0-b3f5-db1f443e8cee___GCREC_Bact.Sp 6224_final_masked.jpg,12
data/shared_subset/hybrid/pv/Bell_pepper_leaf_spot/da6bf599-43d6-4b8e-80bd-97721561273f___JR_B.Spot 8973_final_masked.jpg,3
data/shared_subset/hybrid/pv/Bell_pepper_leaf/9d66d62b-0bb3-414c-90b6-05f99cf7c341___JR_HL 8712_final_masked.jpg,2
data/shared_subset/hybrid/pv/Bell_pepper_leaf_spot/c169d60e-df5f-4b67-b58b-b07b7d20e5bc___JR_B.Spot 8885_final_masked.jpg,3
data/shared_subset/hybrid/pv/Tomato_Early_blight_leaf/90b9c783-480b-4f9b-a97a-d632f60a8f24___RS_Erly.B 9566_final_masked.jpg,10
data/shared_subset/hybrid/pv/Tomato_leaf_bacterial_spot/c3ac7b7a-a626-4004-ae2b-58720f38f027___GCREC_Bact.Sp 6299_final_masked.jpg,12
data/shared_subset/hybrid/pv/Tomato_leaf_bacterial_spot/f9fc3cdb-7205-4898-ae4d-0125ffab1066___GCREC_Bact.Sp 5917_final_masked.jpg,12
data/shared_subset/hybrid/pv/Squash_Powdery_mildew_leaf/9bfd8f6f-d11f-425d-b9d6-883d4562ec72___UMD_Powd.M 0485_final_masked.jpg,9
data/shared_subset/hybrid/pv/grape_leaf_black_rot/c9e80cc7-a928-42a6-a84d-0fd112c538a7___FAM_B.Rot 0520_final_masked.jpg,17
data/shared_subset/hybrid/pv/Tomato_Early_blight_leaf/a0cb35c3-0ae6-4b64-a42f-d14006f3d315___RS_Erly.B 7357_final_masked.jpg,10
data/shared_subset/hybrid/pv/Tomato_leaf_yellow_virus/1518ae99-c588-42ca-b2ec-fbaecdc643ac___YLCV_GCREC 5112_final_masked.jpg,15
data/shared_subset/hybrid/pv/Squash_Powdery_mildew_leaf/1a8a668d-1c6a-4fec-b84f-3126adc24687___MD_Powd.M 0878_final_masked.jpg,9
data/shared_subset/hybrid/pv/Tomato_leaf_bacterial_spot/3f71f836-8ffa-4bf7-98f7-e5cff0887fe1___GCREC_Bact.Sp 3814_final_masked.jpg,12
data/shared_subset/hybrid/pv/Tomato_leaf_bacterial_spot/b7db70a8-ca63-409e-9e60-47dce0ac5164___UF.GRC_BS_Lab Leaf 0646_final_masked.jpg,12
data/shared_subset/hybrid/pv/Tomato_leaf_late_blight/335da0b8-a52f-4a2a-8bce-cf98b53b2596___RS_Late.B 6220_final_masked.jpg,13
data/shared_subset/hybrid/pv/Tomato_leaf_yellow_virus/92edec4c-7b38-4c52-a9b1-5e95ea6b3975___YLCV_GCREC 2526_final_masked.jpg,15
data/shared_subset/hybrid/pv/Corn_rust_leaf/735d102b-a229-4151-90e1-687be851ee2d___RS_Rust 1807_final_masked.jpg,6
data/shared_subset/hybrid/pv/Tomato_leaf_yellow_virus/c02418ec-6c94-488c-8975-a55990d02124___YLCV_GCREC 1998_final_masked.jpg,15
data/shared_subset/hybrid/pv/Squash_Powdery_mildew_leaf/d801ca0d-3058-4d1d-94b7-f0d552720503___UMD_Powd.M 0194_final_masked.jpg,9
data/shared_subset/hybrid/pv/Tomato_leaf_yellow_virus/7ac8f021-febf-4acb-ad43-841019e70504___UF.GRC_YLCV_Lab 03194_final_masked.jpg,15
data/shared_subset/hybrid/pv/Tomato_leaf_yellow_virus/42017ba2-224f-4958-afb0-9d5315d7ba36___UF.GRC_YLCV_Lab 02532_final_masked.jpg,15
data/shared_subset/hybrid/pv/Corn_leaf_blight/4266e4a0-2364-4d9b-9dcc-9f4a5b60a5ba___RS_NLB 3658_final_masked.jpg,5
data/shared_subset/hybrid/pv/Potato_leaf_early_blight/67f2bf79-1d71-4748-bcd6-a65006f12981___RS_Early.B 7289_final_masked.jpg,7
data/shared_subset/hybrid/pv/Tomato_Septoria_leaf_spot/4e41fd20-20df-48ef-9e9b-d916950ceda8___Matt.S_CG 1309_final_masked.jpg,11
data/shared_subset/hybrid/pv/Tomato_leaf_late_blight/ebbdadc5-972c-45fb-a6c2-99e8015cf4a9___RS_Late.B 5479_final_masked.jpg,13
data/shared_subset/hybrid/pv/Corn_Gray_leaf_spot/2174d811-b088-4b31-8088-1738630b94d4___RS_GLSp 4467_final_masked.jpg,4
data/shared_subset/hybrid/pv/Tomato_leaf_bacterial_spot/e873f5c0-d887-496d-b037-6549e4c52d3a___UF.GRC_BS_Lab Leaf 9271_final_masked.jpg,12
data/shared_subset/hybrid/pv/Tomato_leaf_yellow_virus/18d740ae-e2cc-40cf-8c03-530a8f2dc4cb___YLCV_GCREC 2905_final_masked.jpg,15
data/shared_subset/hybrid/pv/Tomato_leaf_yellow_virus/a5d4fc36-3c39-4752-bc20-f9f0701b5bb6___YLCV_NREC 2814_final_masked.jpg,15
data/shared_subset/hybrid/pv/Tomato_Septoria_leaf_spot/75e1a134-05cb-4236-80cf-277121c6bb2b___Matt.S_CG 6923_final_masked.jpg,11
data/shared_subset/hybrid/pv/Tomato_leaf_yellow_virus/fcb216aa-c87a-4e73-a19a-a6e1e51a7f6d___UF.GRC_YLCV_Lab 09462_final_masked.jpg,15
data/shared_subset/hybrid/pv/Tomato_Septoria_leaf_spot/2ee8fa50-545b-4de2-9b26-6af401c46ede___JR_Sept.L.S 2696_final_masked.jpg,11
data/shared_subset/hybrid/pv/Corn_Gray_leaf_spot/950e2b3f-a007-48c5-bb85-8c68336a7e76___RS_GLSp 4453_final_masked.jpg,4
data/shared_subset/hybrid/pv/Corn_rust_leaf/8cc772b1-1951-4c32-a881-178d1e0c3858___RS_Rust 2050_final_masked.jpg,6
data/shared_subset/hybrid/pv/Tomato_Septoria_leaf_spot/f52594e8-944c-4c02-8bd3-47f98a1cf375___Matt.S_CG 1607_final_masked.jpg,11
data/shared_subset/hybrid/pv/Tomato_leaf_yellow_virus/1559bd4d-251e-4568-9e25-08c1e8fa3674___YLCV_NREC 2384_final_masked.jpg,15
data/shared_subset/hybrid/pv/Tomato_Septoria_leaf_spot/ba371c18-0d08-4c18-a8d8-e7c716fa9cfa___Matt.S_CG 6518_final_masked.jpg,11
data/shared_subset/hybrid/pv/Bell_pepper_leaf/abc2d827-8c14-4a55-90d0-101d05624c5d___JR_HL 7839_final_masked.jpg,2
data/shared_subset/hybrid/pv/Tomato_leaf_yellow_virus/a64ad298-f59c-4111-b66a-756a6890665f___YLCV_NREC 2432_final_masked.jpg,15
data/shared_subset/hybrid/pv/Potato_leaf_early_blight/48ed1384-b3c5-464d-bdc8-97b347d89a58___RS_Early.B 6744_final_masked.jpg,7
data/shared_subset/hybrid/pv/Tomato_leaf_late_blight/5ce6294a-d163-48c0-b052-b7e11d10128b___GHLB2 Leaf 8633_final_masked.jpg,13
data/shared_subset/hybrid/pv/Tomato_leaf_yellow_virus/f3608701-6d36-478d-9b7b-1400955804e1___UF.GRC_YLCV_Lab 01753_final_masked.jpg,15
data/shared_subset/hybrid/pv/Bell_pepper_leaf/1c41486f-bb0d-4808-b980-9fa4739f2ad3___JR_HL 8459_final_masked.jpg,2
data/shared_subset/hybrid/pv/Potato_leaf_early_blight/6cec2d2b-7b6a-4044-9899-92d4f9332cd6___RS_Early.B 9131_final_masked.jpg,7
data/shared_subset/hybrid/pv/Bell_pepper_leaf/927fa6d6-6d56-4035-af12-a915a50d86a2___JR_HL 8445_final_masked.jpg,2
data/shared_subset/hybrid/pv/Tomato_mold_leaf/19547a57-651f-4f9c-b1df-a4ce5b5fdffd___Crnl_L.Mold 8731_final_masked.jpg,16
data/shared_subset/hybrid/pv/Apple_Scab_Leaf/8406c2d8-abac-4992-bf23-6728a84d5437___FREC_Scab 3371_final_masked.jpg,0
data/shared_subset/hybrid/pv/Potato_leaf_early_blight/36548ca6-33b3-4a74-9b2a-52eba7aee9a3___RS_Early.B 9205_final_masked.jpg,7
data/shared_subset/hybrid/pv/Tomato_leaf_bacterial_spot/58fa9688-9bbc-4d28-8aae-61448feeeb1f___GCREC_Bact.Sp 6340_final_masked.jpg,12
data/shared_subset/hybrid/pv/Potato_leaf_early_blight/83b7d891-0fe8-47b8-b6e1-693493a2988a___RS_Early.B 8707_final_masked.jpg,7
data/shared_subset/hybrid/pv/Tomato_leaf_late_blight/e798b45b-9267-4cc7-a459-808f9944fd49___RS_Late.B 5003_final_masked.jpg,13
data/shared_subset/hybrid/pv/Bell_pepper_leaf_spot/286c3d56-edde-4185-89f2-048ee0e7d6aa___JR_B.Spot 3287_final_masked.jpg,3
data/shared_subset/hybrid/pv/Potato_leaf_late_blight/77c271bd-0798-4336-8bea-f2a80e8e8906___RS_LB 3290_final_masked.jpg,8
data/shared_subset/hybrid/pv/Tomato_mold_leaf/28d202ba-1fd8-4200-9727-ad3d977d58f9___Crnl_L.Mold 6758_final_masked.jpg,16
data/shared_subset/hybrid/pv/Tomato_mold_leaf/0fd01669-64ab-4042-9715-bf1bcb2ccfbf___Crnl_L.Mold 6996_final_masked.jpg,16
data/shared_subset/hybrid/pv/Potato_leaf_late_blight/2425fba0-8d06-4f05-9d0c-258c39777a37___RS_LB 4915_final_masked.jpg,8
data/shared_subset/hybrid/pv/Bell_pepper_leaf_spot/7d2eeb0b-77d8-4de5-8739-adca95edd4a2___JR_B.Spot 8946_final_masked.jpg,3
data/shared_subset/hybrid/pv/Tomato_Septoria_leaf_spot/f449911c-51bb-42e0-858a-68259c0edcf0___Matt.S_CG 7566_final_masked.jpg,11
data/shared_subset/hybrid/pv/Tomato_leaf_yellow_virus/b291b318-3d10-498b-a5bd-45604e26340f___YLCV_GCREC 2863_final_masked.jpg,15
data/shared_subset/hybrid/pv/Tomato_Early_blight_leaf/4e8e92ba-46f4-4e49-850b-71019f6c8640___RS_Erly.B 6346_final_masked.jpg,10
data/shared_subset/hybrid/pv/Potato_leaf_early_blight/90d47c2a-c84e-498c-b30d-f368e75611a7___RS_Early.B 7778_final_masked.jpg,7
data/shared_subset/hybrid/pv/Potato_leaf_early_blight/abfaeb8b-fe1e-48e6-ab8f-c9a72680420d___RS_Early.B 7427_final_masked.jpg,7
data/shared_subset/hybrid/pv/Apple_Scab_Leaf/2d4c8a12-a34c-4c8b-b357-271d87532ece___FREC_Scab 3090_final_masked.jpg,0
data/shared_subset/hybrid/pv/Bell_pepper_leaf_spot/0a9cfb27-280e-475a-bbb4-8eeaeff38b8c___NREC_B.Spot 9177_final_masked.jpg,3
data/shared_subset/hybrid/pv/Tomato_leaf_bacterial_spot/1c4f6449-0200-439f-9600-5c2bb3400619___GCREC_Bact.Sp 3502_final_masked.jpg,12
data/shared_subset/hybrid/pv/Squash_Powdery_mildew_leaf/87065e3a-c9e1-459b-b021-9601ba77b404___UMD_Powd.M 0604_final_masked.jpg,9
data/shared_subset/hybrid/pv/Tomato_mold_leaf/974bc246-0ab0-4a54-95c8-dd0b557f676b___Crnl_L.Mold 7059_final_masked.jpg,16
data/shared_subset/hybrid/pv/Corn_rust_leaf/93839bf0-289d-4230-a1d0-b87c16b0e515___RS_Rust 2402_final_masked.jpg,6
data/shared_subset/hybrid/pv/Squash_Powdery_mildew_leaf/3f25b07b-b65e-4344-bc1d-4ff09f0bb4eb___UMD_Powd.M 0738_final_masked.jpg,9
data/shared_subset/hybrid/pv/Tomato_leaf_bacterial_spot/1f96aa30-b5fd-4730-a758-ca586cbcf59f___GCREC_Bact.Sp 3688_final_masked.jpg,12
data/shared_subset/hybrid/pv/Potato_leaf_early_blight/a08eec21-8500-4ac5-92a9-d9b14067f01c___RS_Early.B 8985_final_masked.jpg,7
data/shared_subset/hybrid/pv/Bell_pepper_leaf/c7136dd2-a014-45e0-bdfc-1167769adadc___JR_HL 7731_final_masked.jpg,2
data/shared_subset/hybrid/pv/Tomato_leaf_yellow_virus/e906bb40-58ca-45d8-81ad-3e36ac4984b8___YLCV_NREC 2973_final_masked.jpg,15
data/shared_subset/hybrid/pv/Bell_pepper_leaf/4696cbe7-0515-4dbf-a3f6-067d6358816f___JR_HL 8443_final_masked.jpg,2
data/shared_subset/hybrid/pv/Apple_Scab_Leaf/b0b2a38c-396d-4d25-b346-5947e2c787d9___FREC_Scab 3077_final_masked.jpg,0
data/shared_subset/hybrid/pv/grape_leaf_black_rot/baa8b8e1-c4fc-4eb0-9375-98774afaf7f7___FAM_B.Rot 3304_final_masked.jpg,17
data/shared_subset/hybrid/pv/Tomato_Early_blight_leaf/3889a459-3e30-4345-83e1-57c68b32af30___RS_Erly.B 7638_final_masked.jpg,10
data/shared_subset/hybrid/pv/Tomato_leaf_yellow_virus/e41cf05c-3cb8-47b0-81b4-67248d43b3e0___UF.GRC_YLCV_Lab 02479_final_masked.jpg,15
data/shared_subset/hybrid/pv/Potato_leaf_late_blight/6d51bd53-2556-410c-b151-547c83a06287___RS_LB 3276_final_masked.jpg,8
data/shared_subset/hybrid/pv/Bell_pepper_leaf_spot/d22776e6-5234-4c6b-a196-a04b281c3808___JR_B.Spot 3351_final_masked.jpg,3
data/shared_subset/hybrid/pv/Tomato_mold_leaf/f59fc67c-3f69-4dd5-b4f5-370cb8ed71da___Crnl_L.Mold 6788_final_masked.jpg,16
data/shared_subset/hybrid/pv/Tomato_leaf_yellow_virus/c787226d-9c2c-436d-9f3d-e019cee60a69___UF.GRC_YLCV_Lab 01552_final_masked.jpg,15
data/shared_subset/hybrid/pv/Corn_leaf_blight/1bb3a6f8-06a6-4325-946c-b6bf11eac3c1___RS_NLB 4012_final_masked.jpg,5
data/shared_subset/hybrid/pv/Tomato_leaf_yellow_virus/f2aac733-44cd-4a57-b642-229cf679cec3___UF.GRC_YLCV_Lab 09593_final_masked.jpg,15
data/shared_subset/hybrid/pv/Tomato_leaf_yellow_virus/258a3644-5db6-44b9-8408-0c67999b6588___UF.GRC_YLCV_Lab 02354_final_masked.jpg,15
data/shared_subset/hybrid/pv/Corn_Gray_leaf_spot/eba7c3d9-7e8e-4cfc-9a84-7eb39671d480___RS_GLSp 9318_final_masked.jpg,4
data/shared_subset/hybrid/pv/Tomato_leaf_yellow_virus/8ee46b79-b332-4c4b-9eec-2cf2791186c0___YLCV_GCREC 2677_final_masked.jpg,15
data/shared_subset/hybrid/pv/grape_leaf_black_rot/3a5abb6b-36b3-416f-b511-aa0b7fb5eda6___FAM_B.Rot 3124_final_masked.jpg,17
data/shared_subset/hybrid/pv/Tomato_leaf_bacterial_spot/de0200a0-173c-401f-827b-2a12d639a744___GCREC_Bact.Sp 3072_final_masked.jpg,12
data/shared_subset/hybrid/pv/Tomato_leaf_bacterial_spot/822e2ff3-34d5-4634-b82e-2d5cc16c1485___GCREC_Bact.Sp 5990_final_masked.jpg,12
data/shared_subset/hybrid/pv/Potato_leaf_late_blight/ae20cc4e-fe37-48f0-9566-2d2efc5afd38___RS_LB 4290_final_masked.jpg,8
data/shared_subset/hybrid/pv/Tomato_leaf_yellow_virus/d9ffa6c8-aefe-4df1-b286-35f54cc4da0d___YLCV_GCREC 2812_final_masked.jpg,15
data/shared_subset/hybrid/pv/Potato_leaf_late_blight/4324e62b-d7e0-4caa-a417-5eb3dd8712ee___RS_LB 5452_final_masked.jpg,8
data/shared_subset/hybrid/pv/Tomato_leaf_bacterial_spot/4f06a857-13bc-44c1-87fb-c3ccdaeeaacb___GCREC_Bact.Sp 5965_final_masked.jpg,12
data/shared_subset/hybrid/pv/Bell_pepper_leaf_spot/9f3a7e14-bd0e-48ea-89c3-9c3bd743fb19___NREC_B.Spot 1956_final_masked.jpg,3
data/shared_subset/hybrid/pv/Bell_pepper_leaf/95568ba3-79c0-462c-9416-c65610d1f737___JR_HL 8482_final_masked.jpg,2
data/shared_subset/hybrid/pv/Tomato_leaf_yellow_virus/18113ad5-0f8c-40ec-8b7d-3f416cf21456___YLCV_GCREC 2690_final_masked.jpg,15
data/shared_subset/hybrid/pv/Tomato_Septoria_leaf_spot/8e5a724e-60a2-4cb7-9c77-639c36739b20___Matt.S_CG 7398_final_masked.jpg,11
data/shared_subset/hybrid/pv/grape_leaf_black_rot/b2dc2c95-c6e8-49ba-9bcf-b917293f0bae___FAM_B.Rot 5093_final_masked.jpg,17
data/shared_subset/hybrid/pv/Bell_pepper_leaf_spot/a61f0df0-86c7-47dc-9d44-36918ce63d1a___NREC_B.Spot 1925_final_masked.jpg,3
data/shared_subset/hybrid/pv/Bell_pepper_leaf/ea4a18b9-2f82-44eb-b5ca-955b3f2bf92d___JR_HL 5958_final_masked.jpg,2
data/shared_subset/hybrid/pv/Tomato_leaf_yellow_virus/763847e8-25e2-4e58-a3db-81cfc5a26333___UF.GRC_YLCV_Lab 01705_final_masked.jpg,15
data/shared_subset/hybrid/pv/Apple_Scab_Leaf/4b7c40cd-b145-4945-b649-3576a1d898dc___FREC_Scab 3343_final_masked.jpg,0
data/shared_subset/hybrid/pv/Tomato_Septoria_leaf_spot/38bea01f-8f19-4e3d-8022-3dbec2057ed1___Matt.S_CG 1575_final_masked.jpg,11
data/shared_subset/hybrid/pv/Apple_Scab_Leaf/c777c2ac-ea64-4aad-a97a-90b35e2db603___FREC_Scab 3156_final_masked.jpg,0
data/shared_subset/hybrid/pv/Corn_rust_leaf/b457c581-2df3-40b2-ab8f-6b79df008c82___RS_Rust 2550_final_masked.jpg,6
data/shared_subset/hybrid/pv/Tomato_mold_leaf/2026a463-c6a6-4500-b382-9b5cbd73f9cf___Crnl_L.Mold 8734_final_masked.jpg,16
data/shared_subset/hybrid/pv/Tomato_leaf_bacterial_spot/33028adc-9dc2-4ac3-a7b9-7094200264f6___GCREC_Bact.Sp 3162_final_masked.jpg,12
data/shared_subset/hybrid/pv/Bell_pepper_leaf_spot/99a07bbb-44a9-48b2-ae4e-306e4282802c___NREC_B.Spot 9064_final_masked.jpg,3
data/shared_subset/hybrid/pv/Potato_leaf_late_blight/44722935-fb60-4ecf-8503-f8258aa4e3e7___RS_LB 3225_final_masked.jpg,8
data/shared_subset/hybrid/pv/Tomato_leaf_yellow_virus/e9b47c15-a61a-49e3-a62c-38b0cc55b81d___YLCV_GCREC 2791_final_masked.jpg,15
data/shared_subset/hybrid/pv/Tomato_leaf_yellow_virus/b90000cd-d3a8-4672-a8ff-5ecb84fc7013___UF.GRC_YLCV_Lab 01381_final_masked.jpg,15
data/shared_subset/hybrid/pv/Tomato_Septoria_leaf_spot/4dc663c9-994d-4204-ae40-30d5eab53bc9___Matt.S_CG 0678_final_masked.jpg,11
data/shared_subset/hybrid/pv/Tomato_leaf_yellow_virus/3a981142-5556-45fb-9038-696cbf486480___UF.GRC_YLCV_Lab 02336_final_masked.jpg,15
data/shared_subset/hybrid/pv/Tomato_Early_blight_leaf/caf4e799-6574-4eb6-81df-edd5d256fd45___RS_Erly.B 7536_final_masked.jpg,10
data/shared_subset/hybrid/pv/Squash_Powdery_mildew_leaf/b75135b2-159b-4f21-9a06-85d829a1d9f3___UMD_Powd.M 0735_final_masked.jpg,9
data/shared_subset/hybrid/pv/Squash_Powdery_mildew_leaf/d236d90e-46f2-4a28-aaf4-d43b178e91a2___UMD_Powd.M 9944_final_masked.jpg,9
data/shared_subset/hybrid/pv/Tomato_leaf_late_blight/c03b8994-6c6e-4997-83fd-803f3cc580ad___GHLB2 Leaf 8833_final_masked.jpg,13
data/shared_subset/hybrid/pv/Corn_leaf_blight/b38b6bec-d15d-4ae2-bff4-a903feb636a3___RS_NLB 4139_final_masked.jpg,5
data/shared_subset/hybrid/pv/Bell_pepper_leaf_spot/e616baf2-95a6-41e6-8357-5d35c9aac031___JR_B.Spot 3245_final_masked.jpg,3
data/shared_subset/hybrid/pv/Corn_leaf_blight/39adac5b-ad7c-4ebd-b1de-a583229cc845___RS_NLB 4244_final_masked.jpg,5
data/shared_subset/hybrid/pv/Tomato_leaf_yellow_virus/eff5b4c8-5688-482f-86a1-50ed4d18a850___YLCV_GCREC 2049_final_masked.jpg,15
data/shared_subset/hybrid/pv/Tomato_leaf_yellow_virus/1031a919-cde0-4407-9dde-402afc021080___UF.GRC_YLCV_Lab 01321_final_masked.jpg,15
data/shared_subset/hybrid/pv/Squash_Powdery_mildew_leaf/7a5a094b-bf80-45bc-8b79-89a5c6fd78cf___MD_Powd.M 9976_final_masked.jpg,9
data/shared_subset/hybrid/pv/Corn_rust_leaf/b7b28828-2aac-4df7-90c2-5512275b1ccd___RS_Rust 1985_final_masked.jpg,6
data/shared_subset/hybrid/pv/Tomato_mold_leaf/bd6dc03e-b3f0-4b30-81f8-8ac3205d4d49___Crnl_L.Mold 8849_final_masked.jpg,16
data/shared_subset/hybrid/pv/Bell_pepper_leaf/342c87ae-db00-4ba8-9029-a91ba10b4d77___JR_HL 8397_final_masked.jpg,2
data/shared_subset/hybrid/pv/Tomato_leaf_yellow_virus/cf757a0e-162f-42b5-81be-5845916cf6f7___YLCV_GCREC 5266_final_masked.jpg,15
data/shared_subset/hybrid/pv/Corn_leaf_blight/8c4c376b-1f9a-4dde-88f3-453f6154c25f___RS_NLB 3987_final_masked.jpg,5
data/shared_subset/hybrid/pv/Corn_rust_leaf/5bdcd0ad-e74d-4595-be53-d1b4aec9ddda___RS_Rust 2564_final_masked.jpg,6
data/shared_subset/hybrid/pv/Tomato_mold_leaf/f6c104df-09ed-467c-8e67-30d5bd5d7cd2___Crnl_L.Mold 6829_final_masked.jpg,16
data/shared_subset/hybrid/pv/Tomato_leaf_yellow_virus/b3fe3d8c-f0e0-405c-a67d-ac57db6be043___YLCV_GCREC 2157_final_masked.jpg,15
data/shared_subset/hybrid/pv/Corn_leaf_blight/a39fa20e-9f78-4064-96a9-e1926964e19a___RS_NLB 4120_final_masked.jpg,5
data/shared_subset/hybrid/pv/Tomato_leaf_yellow_virus/a4354dbc-7948-49ce-b8c7-23cb68042657___UF.GRC_YLCV_Lab 08533_final_masked.jpg,15
data/shared_subset/hybrid/pv/Tomato_Early_blight_leaf/5bbfc062-042e-4929-98ba-fd034a03092d___RS_Erly.B 7581_final_masked.jpg,10
data/shared_subset/hybrid/pv/Potato_leaf_late_blight/cbb653f7-72fd-4499-9d90-efdcd8c30077___RS_LB 2764_final_masked.jpg,8
data/shared_subset/hybrid/pv/Tomato_leaf_yellow_virus/7e7d8005-eb91-4789-8b12-e801530ded45___YLCV_GCREC 2224_final_masked.jpg,15
data/shared_subset/hybrid/pv/Potato_leaf_early_blight/9e092cd4-dcd4-4f9b-a901-48ac13a6deb0___RS_Early.B 8343_final_masked.jpg,7
data/shared_subset/hybrid/pv/Bell_pepper_leaf_spot/092b3e29-d29a-482f-9207-3cd5fbed6710___JR_B.Spot 3238_final_masked.jpg,3
data/shared_subset/hybrid/pv/Tomato_leaf_bacterial_spot/d9a42de4-b5ee-4464-a369-bc7ba9d9ebab___GCREC_Bact.Sp 3328_final_masked.jpg,12
data/shared_subset/hybrid/pv/Squash_Powdery_mildew_leaf/bb880da2-257f-4a6b-86de-82ddee19f467___UMD_Powd.M 0297_final_masked.jpg,9
data/shared_subset/hybrid/pv/Bell_pepper_leaf_spot/c6fce723-0700-4184-9444-b570dd4263f5___NREC_B.Spot 1837_final_masked.jpg,3
data/shared_subset/hybrid/pv/Tomato_leaf_late_blight/06913075-dad1-4047-b5a2-74fe680efa3b___RS_Late.B 6048_final_masked.jpg,13
data/shared_subset/hybrid/pv/Bell_pepper_leaf_spot/ac6e6cad-2932-4af0-ad68-fdf044eecc8c___NREC_B.Spot 1796_final_masked.jpg,3
data/shared_subset/hybrid/pv/Corn_rust_leaf/f34727c2-9771-44fa-8e1e-7d7b0d11106f___RS_Rust 1887_final_masked.jpg,6
data/shared_subset/hybrid/pv/Bell_pepper_leaf/a72c9475-9671-497d-8ab7-a4ec2e349590___JR_HL 7726_final_masked.jpg,2
data/shared_subset/hybrid/pv/Tomato_leaf_yellow_virus/e03a6b15-f236-4b0a-a1bc-a61f02f959ed___UF.GRC_YLCV_Lab 01915_final_masked.jpg,15
data/shared_subset/hybrid/pv/Tomato_leaf_mosaic_virus/ebf036fa-436b-42aa-8a34-0b0f188bc54a___PSU_CG 2134_final_masked.jpg,14
data/shared_subset/hybrid/pv/Tomato_leaf_bacterial_spot/a85dac1e-5549-457d-acda-e776d340f980___GCREC_Bact.Sp 3693_final_masked.jpg,12
data/shared_subset/hybrid/pv/Squash_Powdery_mildew_leaf/b55e1888-c147-4397-a4ed-43afa9a3855e___UMD_Powd.M 9823_final_masked.jpg,9
data/shared_subset/hybrid/pv/Tomato_Septoria_leaf_spot/9102ff1d-7934-408e-bc0b-ca2694f46b76___Matt.S_CG 2870_final_masked.jpg,11
data/shared_subset/hybrid/pv/Potato_leaf_early_blight/d84ba2ee-6ef5-45b7-a15a-b677b99cd3f6___RS_Early.B 6772_final_masked.jpg,7
data/shared_subset/hybrid/pv/Corn_rust_leaf/64d031fb-bbba-46bb-86b4-920899630901___RS_Rust 2178_final_masked.jpg,6
data/shared_subset/hybrid/pv/Tomato_leaf_yellow_virus/5dca9b56-a818-419c-8187-6ebdf4ad1991___YLCV_GCREC 2795_final_masked.jpg,15
data/shared_subset/hybrid/pv/Tomato_Early_blight_leaf/22b653c4-9e15-4081-8ece-9b5950a94120___RS_Erly.B 7814_final_masked.jpg,10
data/shared_subset/hybrid/pv/Tomato_leaf_yellow_virus/e6704ebf-fa77-4b3c-a8ba-ff42e50a5b43___UF.GRC_YLCV_Lab 03084_final_masked.jpg,15
data/shared_subset/hybrid/pv/Potato_leaf_late_blight/05817623-2c4e-4517-88a1-fe81b9a73742___RS_LB 3920_final_masked.jpg,8
data/shared_subset/hybrid/pv/Tomato_leaf_yellow_virus/1959b368-d593-4e9a-81b0-f723593192a6___YLCV_GCREC 5138_final_masked.jpg,15
data/shared_subset/hybrid/pv/Tomato_leaf_yellow_virus/055e33e8-dc46-4cf0-a5f9-ce404a5647fd___YLCV_NREC 0150_final_masked.jpg,15
data/shared_subset/hybrid/pv/Corn_Gray_leaf_spot/4f3406d0-c000-40ea-91e2-0e41d69f668b___RS_GLSp 4458_final_masked.jpg,4
data/shared_subset/hybrid/pv/Corn_Gray_leaf_spot/c8769ca7-614a-4763-a8bc-8d7c7f1b2925___RS_GLSp 4355_final_masked.jpg,4
data/shared_subset/hybrid/pv/Potato_leaf_early_blight/450b4a32-39ae-4daa-aeb6-87559afb0b42___RS_Early.B 9202_final_masked.jpg,7
data/shared_subset/hybrid/pv/Tomato_leaf_yellow_virus/5a593f3c-570b-4acc-a15c-eeaf3f7a0973___YLCV_NREC 2415_final_masked.jpg,15
data/shared_subset/hybrid/pv/Corn_rust_leaf/3818e3d0-e62d-40c2-bae9-ab9d4e1c4717___RS_Rust 2286_final_masked.jpg,6
data/shared_subset/hybrid/pv/Tomato_leaf_late_blight/a7064909-ea8b-4775-8323-f76c774fa5b5___GHLB2 Leaf 85.1_final_masked.jpg,13
data/shared_subset/hybrid/pv/Tomato_mold_leaf/331752ba-3d14-4e35-9d0a-8f40b2a31653___Crnl_L.Mold 8916_final_masked.jpg,16
data/shared_subset/hybrid/pv/Corn_leaf_blight/5ea8975f-1cb5-4452-b04b-1f63453d1e2f___RS_NLB 3803_final_masked.jpg,5
data/shared_subset/hybrid/pv/Bell_pepper_leaf_spot/34a38a87-b06b-4a69-b0d0-9dade7f3c2ea___NREC_B.Spot 1978_final_masked.jpg,3
data/shared_subset/hybrid/pv/Apple_rust_leaf/20ef08f2-96ae-4148-942c-3d7708cd94d8___FREC_C.Rust 9830_final_masked.jpg,1
data/shared_subset/hybrid/pv/Tomato_leaf_bacterial_spot/1d2bcd85-fdb7-4294-ba11-eb58373b4474___GCREC_Bact.Sp 3092_final_masked.jpg,12
data/shared_subset/hybrid/pv/Tomato_leaf_bacterial_spot/441dec39-f5c8-4885-b133-1db20ff1fd3b___GCREC_Bact.Sp 3487_final_masked.jpg,12
data/shared_subset/hybrid/pv/Tomato_leaf_yellow_virus/4bbea2ea-4b27-4d49-865e-0f8ddcab99de___UF.GRC_YLCV_Lab 02011_final_masked.jpg,15
data/shared_subset/hybrid/pv/Tomato_leaf_late_blight/cbf0f139-7683-47f8-a107-4180deee217e___RS_Late.B 6029_final_masked.jpg,13
data/shared_subset/hybrid/pv/Tomato_leaf_late_blight/26480c44-e0f2-4ab7-a6a9-919d532ecfd5___RS_Late.B 5037_final_masked.jpg,13
data/shared_subset/hybrid/pv/Tomato_Early_blight_leaf/203d84bc-4acc-4cad-b4f9-f659ae641876___RS_Erly.B 7615_final_masked.jpg,10
data/shared_subset/hybrid/pv/Tomato_leaf_yellow_virus/a632706d-3001-4084-999b-b6afbadf48d1___UF.GRC_YLCV_Lab 01337_final_masked.jpg,15
