path,label_id
data/shared_subset/sbert/pv/Apple_rust_leaf/e5521dec-ea35-479d-93be-38743927db53___FREC_C.Rust 4356_final_masked.jpg,1
data/shared_subset/sbert/pv/Tomato_leaf_yellow_virus/a6267f59-f744-487d-8d2e-2747dab5ab8b___YLCV_GCREC 5438_final_masked.jpg,12
data/shared_subset/sbert/pv/Tomato_leaf_yellow_virus/5c57e86b-a49d-4fc4-acfa-1e6a6f702eea___YLCV_NREC 2401_final_masked.jpg,12
data/shared_subset/sbert/pv/Tomato_leaf_yellow_virus/9a9619ca-d585-4336-9437-465f3d09c614___UF.GRC_YLCV_Lab 01676_final_masked.jpg,12
data/shared_subset/sbert/pv/Tomato_leaf_bacterial_spot/129f7d8d-d261-4aa6-b6ef-55a37851ac3e___UF.GRC_BS_Lab Leaf 0380_final_masked.jpg,9
data/shared_subset/sbert/pv/Bell_pepper_leaf/f790b881-1d8d-4455-acbb-07c876ceb766___JR_HL 8426_final_masked.jpg,2
data/shared_subset/sbert/pv/Apple_rust_leaf/39c00da9-396e-4bd3-8e4a-f701c11d4fa7___FREC_C.Rust 3907_final_masked.jpg,1
data/shared_subset/sbert/pv/Potato_leaf_late_blight/ff7160f9-f8d7-4576-82b8-009bf1b63b3b___RS_LB 4974_final_masked.jpg,5
data/shared_subset/sbert/pv/Tomato_leaf_yellow_virus/be0d48a8-2b03-4683-b410-f26838bc43e0___UF.GRC_YLCV_Lab 02856_final_masked.jpg,12
data/shared_subset/sbert/pv/Squash_Powdery_mildew_leaf/2ba0a8fe-1575-427d-8f94-8b338e35c154___MD_Powd.M 0079_final_masked.jpg,6
data/shared_subset/sbert/pv/Tomato_leaf_yellow_virus/1bfa27f7-fdca-4991-9d93-361e45b52304___UF.GRC_YLCV_Lab 02071_final_masked.jpg,12
data/shared_subset/sbert/pv/Tomato_Septoria_leaf_spot/5d4fc217-1da5-4459-86af-14d60427f77d___Keller.St_CG 1850_final_masked.jpg,8
data/shared_subset/sbert/pv/Tomato_leaf_yellow_virus/d990d968-58d7-4481-896f-9ecfaaf6fe44___YLCV_NREC 2793_final_masked.jpg,12
data/shared_subset/sbert/pv/Tomato_leaf_yellow_virus/affbefe8-fc81-4353-be82-4077a86b9740___YLCV_NREC 2478_final_masked.jpg,12
data/shared_subset/sbert/pv/Tomato_leaf_late_blight/b9e6992c-f73a-410e-8b06-a6ce96192c6a___GHLB2 Leaf 9077_final_masked.jpg,10
data/shared_subset/sbert/pv/Tomato_Septoria_leaf_spot/a8b47dc6-f90e-49a8-9dd7-51fcc2480c8c___Matt.S_CG 6211_final_masked.jpg,8
data/shared_subset/sbert/pv/Bell_pepper_leaf/7da6a94b-14ac-4fd8-9a26-33be1c09d411___JR_HL 8789_final_masked.jpg,2
data/shared_subset/sbert/pv/Tomato_Septoria_leaf_spot/6bda66a5-562c-4ad9-9e14-7d76dcbd4eef___Keller.St_CG 1880_final_masked.jpg,8
data/shared_subset/sbert/pv/Tomato_leaf_yellow_virus/8c2f9405-74e5-4412-aad4-43c97adecd72___YLCV_GCREC 2602_final_masked.jpg,12
data/shared_subset/sbert/pv/Tomato_leaf_yellow_virus/0a0fe942-bb9e-4384-8466-779017d00bcf___UF.GRC_YLCV_Lab 02192_final_masked.jpg,12
data/shared_subset/sbert/pv/Tomato_leaf_bacterial_spot/45fdc702-5ea8-43a9-acad-2bd8d3fe5c55___GCREC_Bact.Sp 3636_final_masked.jpg,9
data/shared_subset/sbert/pv/Tomato_leaf_bacterial_spot/8ff89c36-cac0-4ed5-ac93-206411247229___GCREC_Bact.Sp 6377_final_masked.jpg,9
data/shared_subset/sbert/pv/Tomato_leaf_yellow_virus/35b74dfd-35af-4094-ba67-dde2cec923e1___YLCV_NREC 2299_final_masked.jpg,12
data/shared_subset/sbert/pv/Tomato_leaf_bacterial_spot/00728f4d-83a0-49f1-87f8-374646fcda05___GCREC_Bact.Sp 6326_final_masked.jpg,9
data/shared_subset/sbert/pv/Tomato_leaf_late_blight/4f4ae955-8ed2-4eae-b013-bc26ae5e91b0___GHLB2 Leaf 91_final_masked.jpg,10
data/shared_subset/sbert/pv/Tomato_Septoria_leaf_spot/e3032dd9-8c1b-48b8-bc3e-607336b67f90___Matt.S_CG 1382_final_masked.jpg,8
data/shared_subset/sbert/pv/Tomato_leaf_late_blight/dd52a1b4-1d20-4417-96c9-48baac62f15b___RS_Late.B 5202_final_masked.jpg,10
data/shared_subset/sbert/pv/Tomato_leaf_yellow_virus/c423d43d-ba30-4d8d-978d-ae674a4aac4b___UF.GRC_YLCV_Lab 02916_final_masked.jpg,12
data/shared_subset/sbert/pv/grape_leaf_black_rot/58825c46-8065-482b-8eee-b6a775f69f1c___FAM_B.Rot 0541_final_masked.jpg,14
data/shared_subset/sbert/pv/Tomato_leaf_bacterial_spot/3f03db8d-6db0-45c0-ab1f-ca69db013041___GCREC_Bact.Sp 5729_final_masked.jpg,9
data/shared_subset/sbert/pv/Tomato_Septoria_leaf_spot/1c85a28a-19b9-487a-b9e4-0e6d7c08e4a8___Keller.St_CG 1771_final_masked.jpg,8
data/shared_subset/sbert/pv/Bell_pepper_leaf/86e16897-fd51-4b0a-8ab3-ffa9ff146fa4___JR_HL 8386_final_masked.jpg,2
data/shared_subset/sbert/pv/Tomato_leaf_late_blight/545d8b80-b6b1-45fe-8f3d-4d0a904730e9___GHLB2 Leaf 87.1_final_masked.jpg,10
data/shared_subset/sbert/pv/grape_leaf_black_rot/9a8f2d6b-ba1f-43cf-a1c6-1108d18c7fe6___FAM_B.Rot 3033_final_masked.jpg,14
data/shared_subset/sbert/pv/Bell_pepper_leaf/a0519138-7416-45bd-9798-396a7a79302f___JR_HL 8117_final_masked.jpg,2
data/shared_subset/sbert/pv/Squash_Powdery_mildew_leaf/be9d4aea-c857-4346-afef-f435159a89a7___MD_Powd.M 1049_final_masked.jpg,6
data/shared_subset/sbert/pv/Bell_pepper_leaf/7541f271-f44a-4c7c-9602-b64149e9fa2a___JR_HL 7571_final_masked.jpg,2
data/shared_subset/sbert/pv/Squash_Powdery_mildew_leaf/2b46f95e-4b4a-4d2d-a7a6-ebf630bf72af___MD_Powd.M 0824_final_masked.jpg,6
data/shared_subset/sbert/pv/Tomato_Septoria_leaf_spot/717d2ca2-2e4f-45f0-9585-847074e94d3a___Keller.St_CG 1871_final_masked.jpg,8
data/shared_subset/sbert/pv/Tomato_leaf_yellow_virus/b724a8a5-879c-4479-a445-cfe59c54f3a0___UF.GRC_YLCV_Lab 09515_final_masked.jpg,12
data/shared_subset/sbert/pv/Tomato_leaf_bacterial_spot/05fc994d-7781-4dc5-a15c-b359f6c681a6___GCREC_Bact.Sp 6304_final_masked.jpg,9
data/shared_subset/sbert/pv/Tomato_leaf_yellow_virus/2ced8bb2-5756-4c99-837f-3cb3a2e831ff___YLCV_GCREC 5430_final_masked.jpg,12
data/shared_subset/sbert/pv/Potato_leaf_early_blight/51f59871-72dc-490c-a550-9e7869142284___RS_Early.B 7224_final_masked.jpg,4
data/shared_subset/sbert/pv/Potato_leaf_late_blight/db973ce3-7198-4ae8-910a-bb1a3046e353___RS_LB 5152_final_masked.jpg,5
data/shared_subset/sbert/pv/Tomato_Septoria_leaf_spot/c6962655-b64b-45d6-b6a5-49bc8adfe0d3___Keller.St_CG 1904_final_masked.jpg,8
data/shared_subset/sbert/pv/Tomato_mold_leaf/a95f0a82-5cad-423a-be56-8205317909e8___Crnl_L.Mold 8677_final_masked.jpg,13
data/shared_subset/sbert/pv/Tomato_leaf_bacterial_spot/149fd0ef-ec5a-4a34-aa8f-8ed381b7d77d___GCREC_Bact.Sp 3370_final_masked.jpg,9
data/shared_subset/sbert/pv/Tomato_Septoria_leaf_spot/69a33a83-20e3-420f-a5a7-b2e73c16e13f___Matt.S_CG 6227_final_masked.jpg,8
data/shared_subset/sbert/pv/Tomato_leaf_yellow_virus/95614d3c-63eb-450a-b60d-ae70156689c9___YLCV_GCREC 2768_final_masked.jpg,12
data/shared_subset/sbert/pv/Tomato_leaf_bacterial_spot/9f3071fe-2426-4ab2-9685-d3bbed8163f3___GCREC_Bact.Sp 6172_final_masked.jpg,9
data/shared_subset/sbert/pv/Bell_pepper_leaf_spot/23e657c9-1f08-4714-817b-48fd2f3e2cf3___JR_B.Spot 8962_final_masked.jpg,3
data/shared_subset/sbert/pv/Bell_pepper_leaf_spot/e5781299-7fd6-4d80-aca1-d78910d9da1c___JR_B.Spot 3371_final_masked.jpg,3
data/shared_subset/sbert/pv/Apple_rust_leaf/9ebff92f-999c-49d0-9235-6c98aaa63bbd___FREC_C.Rust 4206_final_masked.jpg,1
data/shared_subset/sbert/pv/Potato_leaf_late_blight/9f9623f9-e632-4342-b698-95a0521953f9___RS_LB 3068_final_masked.jpg,5
data/shared_subset/sbert/pv/Tomato_leaf_yellow_virus/9a3d810d-3205-4e49-9e65-cd24b431c0c6___YLCV_GCREC 1902_final_masked.jpg,12
data/shared_subset/sbert/pv/Bell_pepper_leaf_spot/1d35e088-7147-4bac-9cce-9330a3f5906d___NREC_B.Spot 9096_final_masked.jpg,3
data/shared_subset/sbert/pv/grape_leaf_black_rot/53e3967e-a5cf-47b0-a2aa-08f0de24b815___FAM_B.Rot 0423_final_masked.jpg,14
data/shared_subset/sbert/pv/Apple_Scab_Leaf/d7ac8a6f-7c88-47ac-9387-eefb672e9776___FREC_Scab 3392_final_masked.jpg,0
data/shared_subset/sbert/pv/Tomato_leaf_yellow_virus/1a64dea7-6a32-4da5-9212-eccc7c777b38___YLCV_GCREC 2210_final_masked.jpg,12
data/shared_subset/sbert/pv/Potato_leaf_late_blight/2b974785-090d-4dae-81a2-ce3ebc2a1c68___RS_LB 4634_final_masked.jpg,5
data/shared_subset/sbert/pv/Tomato_Early_blight_leaf/9d2bc87f-f309-41a4-a533-569456706e2b___RS_Erly.B 6367_final_masked.jpg,7
data/shared_subset/sbert/pv/Tomato_leaf_yellow_virus/5570ebc8-d307-41c8-8320-65b641bab13c___YLCV_GCREC 2251_final_masked.jpg,12
data/shared_subset/sbert/pv/grape_leaf_black_rot/e4049ecb-7ff1-4bdf-a6e9-d99ad5d4d690___FAM_B.Rot 3492_final_masked.jpg,14
data/shared_subset/sbert/pv/Tomato_leaf_yellow_virus/cbb89fbc-4607-4166-a45e-6c1d232056c2___UF.GRC_YLCV_Lab 02660_final_masked.jpg,12
data/shared_subset/sbert/pv/Tomato_leaf_yellow_virus/5b0da93b-d51d-4e69-a124-a2f967aa67bd___UF.GRC_YLCV_Lab 02309_final_masked.jpg,12
data/shared_subset/sbert/pv/Tomato_Septoria_leaf_spot/c8055b76-f328-4519-b530-b34a695b9261___Keller.St_CG 1901_final_masked.jpg,8
data/shared_subset/sbert/pv/Tomato_leaf_yellow_virus/f7570c05-08e1-44c7-b303-11d3a2fd49c7___YLCV_NREC 0175_final_masked.jpg,12
data/shared_subset/sbert/pv/Tomato_leaf_yellow_virus/ef849f6e-252e-4982-85a8-27b02c837737___YLCV_NREC 2851_final_masked.jpg,12
data/shared_subset/sbert/pv/Tomato_leaf_bacterial_spot/eb2eebd9-62f0-441c-908f-1ff90f36bb66___GCREC_Bact.Sp 5752_final_masked.jpg,9
data/shared_subset/sbert/pv/Squash_Powdery_mildew_leaf/243787b5-8072-45e3-b3cf-e2f08eb3c89f___MD_Powd.M 0723_final_masked.jpg,6
data/shared_subset/sbert/pv/Tomato_leaf_bacterial_spot/0045ba29-ed1b-43b4-afde-719cc7adefdb___GCREC_Bact.Sp 6254_final_masked.jpg,9
data/shared_subset/sbert/pv/Tomato_leaf_yellow_virus/438e3c77-d93a-438b-96ed-9fde700e9c9a___YLCV_NREC 0101_final_masked.jpg,12
data/shared_subset/sbert/pv/Tomato_leaf_yellow_virus/d2e63e00-d635-462b-b818-8ce17bfa37ff___UF.GRC_YLCV_Lab 01609_final_masked.jpg,12
data/shared_subset/sbert/pv/Tomato_leaf_late_blight/9afc2537-1b13-4c25-b5ed-5b8de511b0ab___GHLB2 Leaf 9033_final_masked.jpg,10
data/shared_subset/sbert/pv/Tomato_mold_leaf/7011fa6f-fba9-466e-a6d1-439370a4a37b___Crnl_L.Mold 6588_final_masked.jpg,13
data/shared_subset/sbert/pv/Bell_pepper_leaf/94a7acd4-cd80-4d84-a837-0702cb946d52___JR_HL 8795_final_masked.jpg,2
data/shared_subset/sbert/pv/Tomato_Septoria_leaf_spot/8ddc7884-3f79-4284-8b11-bd68e156c5bf___Matt.S_CG 6554_final_masked.jpg,8
data/shared_subset/sbert/pv/Tomato_mold_leaf/a538806f-f606-439e-8e1a-5c7731f5b76f___Crnl_L.Mold 7015_final_masked.jpg,13
data/shared_subset/sbert/pv/Tomato_leaf_bacterial_spot/7c8aaf34-cae5-4699-aba0-088002b7dd29___GCREC_Bact.Sp 6339_final_masked.jpg,9
data/shared_subset/sbert/pv/grape_leaf_black_rot/902be44a-4757-4886-8a80-14d53b9eb7b0___FAM_B.Rot 0667_final_masked.jpg,14
data/shared_subset/sbert/pv/Tomato_leaf_yellow_virus/bfe1c9a4-6fda-4d71-8f99-795bfcebae55___UF.GRC_YLCV_Lab 02187_final_masked.jpg,12
data/shared_subset/sbert/pv/Tomato_leaf_bacterial_spot/af321f84-057e-4580-a096-5b86b379e0c6___UF.GRC_BS_Lab Leaf 0321_final_masked.jpg,9
data/shared_subset/sbert/pv/Squash_Powdery_mildew_leaf/38bfb487-ca96-4cac-9849-11591836d88b___MD_Powd.M 0083_final_masked.jpg,6
data/shared_subset/sbert/pv/Tomato_leaf_late_blight/0b988f87-fdce-40ba-aa09-7e6c9e1d6d30___GHLB_PS Leaf 21 Day 8_final_masked.jpg,10
data/shared_subset/sbert/pv/Tomato_leaf_yellow_virus/38c7b53f-37c8-4a35-be81-ca0bdefcad81___YLCV_GCREC 1900_final_masked.jpg,12
data/shared_subset/sbert/pv/Bell_pepper_leaf_spot/99a07bbb-44a9-48b2-ae4e-306e4282802c___NREC_B.Spot 9064_final_masked.jpg,3
data/shared_subset/sbert/pv/Bell_pepper_leaf/c5572d69-6c3d-4f35-92d8-7472f9fd8e1f___JR_HL 8900_final_masked.jpg,2
data/shared_subset/sbert/pv/Tomato_Septoria_leaf_spot/5f6a639a-a545-4778-b5e8-c45a62cacfe2___Matt.S_CG 0812_final_masked.jpg,8
data/shared_subset/sbert/pv/Tomato_leaf_late_blight/e95ca31b-0e75-4ec5-986a-29ce5dce1a01___GHLB2 Leaf 8643_final_masked.jpg,10
data/shared_subset/sbert/pv/Squash_Powdery_mildew_leaf/30d7303a-59cb-465b-a0fc-97a81e28ee6d___MD_Powd.M 0112_final_masked.jpg,6
data/shared_subset/sbert/pv/Tomato_leaf_yellow_virus/e9f64fc0-e43b-4045-be18-b00d3758958f___UF.GRC_YLCV_Lab 09613_final_masked.jpg,12
data/shared_subset/sbert/pv/Potato_leaf_late_blight/c206ebe3-c06e-4eb9-a537-a719cfa1e3c0___RS_LB 5140_final_masked.jpg,5
data/shared_subset/sbert/pv/grape_leaf_black_rot/a3dd7197-e0d4-4900-9918-2ca8a517e1e4___FAM_B.Rot 5101_final_masked.jpg,14
data/shared_subset/sbert/pv/Tomato_leaf_yellow_virus/9a1d3db0-de93-4108-a1e6-612c7e107f93___YLCV_GCREC 2736_final_masked.jpg,12
data/shared_subset/sbert/pv/Tomato_leaf_yellow_virus/c750dcd7-c262-4412-8c9d-a9bfb0e94103___UF.GRC_YLCV_Lab 02698_final_masked.jpg,12
data/shared_subset/sbert/pv/Apple_rust_leaf/20ef08f2-96ae-4148-942c-3d7708cd94d8___FREC_C.Rust 9830_final_masked.jpg,1
data/shared_subset/sbert/pv/Tomato_Septoria_leaf_spot/549cd4a2-1d8b-4cbd-8aae-3b4e0a29b8cd___Keller.St_CG 1965_final_masked.jpg,8
data/shared_subset/sbert/pv/Tomato_leaf_bacterial_spot/62b151e8-3ff6-444f-aa56-af06e198d9ed___GCREC_Bact.Sp 5971_final_masked.jpg,9
data/shared_subset/sbert/pv/Tomato_leaf_late_blight/345e34f9-1a77-4d5f-bd62-aa41f648e41d___GHLB2 Leaf 8930_final_masked.jpg,10
data/shared_subset/sbert/pv/Tomato_mold_leaf/66e2cbf6-82f1-49b6-9f62-727cfadef50a___Crnl_L.Mold 8684_final_masked.jpg,13
data/shared_subset/sbert/pv/Tomato_leaf_yellow_virus/406a82f8-91ec-4729-9ac7-4d28122208bf___UF.GRC_YLCV_Lab 02453_final_masked.jpg,12
data/shared_subset/sbert/pv/Bell_pepper_leaf_spot/113d374f-8b12-454c-84cc-ee91043bc988___NREC_B.Spot 9146_final_masked.jpg,3
data/shared_subset/sbert/pv/Potato_leaf_late_blight/3362decd-b0d5-4cc6-81f8-3c051a285875___RS_LB 4109_final_masked.jpg,5
data/shared_subset/sbert/pv/Squash_Powdery_mildew_leaf/b7d96645-af1e-4aa7-a108-1803f3e2670e___UMD_Powd.M 0550_final_masked.jpg,6
data/shared_subset/sbert/pv/Tomato_mold_leaf/86e29af1-d73d-4403-b436-247705413f6d___Crnl_L.Mold 6599_final_masked.jpg,13
data/shared_subset/sbert/pv/Tomato_mold_leaf/19fc6cfd-7430-4695-a4e1-5c947193ab46___Crnl_L.Mold 6922_final_masked.jpg,13
data/shared_subset/sbert/pv/grape_leaf_black_rot/a2ace0e3-30cb-4581-b39d-5c4b4d809351___FAM_B.Rot 0575_final_masked.jpg,14
data/shared_subset/sbert/pv/Potato_leaf_late_blight/0450570b-44d1-4290-956d-5d970164a2e2___RS_LB 5160_final_masked.jpg,5
data/shared_subset/sbert/pv/Apple_Scab_Leaf/774fb249-80b5-4575-ab5a-5459a9c14ef6___FREC_Scab 3024_final_masked.jpg,0
data/shared_subset/sbert/pv/Potato_leaf_late_blight/c3cd2ad3-174e-48b4-a7a5-ce63be745fd5___RS_LB 3243_final_masked.jpg,5
data/shared_subset/sbert/pv/Tomato_Septoria_leaf_spot/6918835e-c3c4-4c9d-a212-35c1b9766f11___Matt.S_CG 0715_final_masked.jpg,8
data/shared_subset/sbert/pv/Squash_Powdery_mildew_leaf/37dca730-7205-4a9c-bd5f-62e8aabd21a4___MD_Powd.M 0002_final_masked.jpg,6
data/shared_subset/sbert/pv/Potato_leaf_late_blight/520c0e9a-1ba4-44fa-aa60-dcdf018a00b3___RS_LB 2850_final_masked.jpg,5
data/shared_subset/sbert/pv/Tomato_leaf_late_blight/7e5386fc-de1d-4507-acb6-e0d0da3a35da___RS_Late.B 4900_final_masked.jpg,10
data/shared_subset/sbert/pv/Bell_pepper_leaf/4696cbe7-0515-4dbf-a3f6-067d6358816f___JR_HL 8443_final_masked.jpg,2
data/shared_subset/sbert/pv/Tomato_leaf_yellow_virus/a25fbdfa-6918-4913-9ba1-659882fa331b___UF.GRC_YLCV_Lab 01816_final_masked.jpg,12
data/shared_subset/sbert/pv/Tomato_leaf_yellow_virus/b835db33-4bfa-46ce-a6b0-30899a215618___UF.GRC_YLCV_Lab 01401_final_masked.jpg,12
data/shared_subset/sbert/pv/Tomato_leaf_yellow_virus/cc33fb04-3847-412e-ac78-7b65c4d6f5cb___UF.GRC_YLCV_Lab 02463_final_masked.jpg,12
data/shared_subset/sbert/pv/Tomato_Septoria_leaf_spot/d49f313e-910e-4386-a120-8b5e27dccb14___Matt.S_CG 2616_final_masked.jpg,8
data/shared_subset/sbert/pv/Tomato_Septoria_leaf_spot/c4a7c2db-f42f-4fb7-a833-9ef575e9aa8e___Keller.St_CG 1803_final_masked.jpg,8
data/shared_subset/sbert/pv/Squash_Powdery_mildew_leaf/11c9d6c4-2ae7-40db-93b0-c5610d9c859a___MD_Powd.M 0455_final_masked.jpg,6
data/shared_subset/sbert/pv/Tomato_leaf_yellow_virus/fd7ba463-cbf0-4f2d-96a5-323a7ed2b5ef___YLCV_NREC 2216_final_masked.jpg,12
data/shared_subset/sbert/pv/Tomato_Septoria_leaf_spot/3dd0d199-7106-4d78-8594-18d01a00aff3___JR_Sept.L.S 8539_final_masked.jpg,8
data/shared_subset/sbert/pv/Tomato_leaf_yellow_virus/a08beb3c-6ec8-41f5-a8de-c2f578ce4085___YLCV_NREC 2653_final_masked.jpg,12
data/shared_subset/sbert/pv/Tomato_leaf_late_blight/6fc04152-9f3d-46c0-93b9-a0d23edcd1e2___GHLB2 Leaf 84.4_final_masked.jpg,10
data/shared_subset/sbert/pv/Tomato_Early_blight_leaf/34044338-c693-4604-8764-35eaece11e56___RS_Erly.B 9483_final_masked.jpg,7
data/shared_subset/sbert/pv/Tomato_leaf_bacterial_spot/9955425d-d21e-4318-a394-099e4e5db3d3___GCREC_Bact.Sp 3646_final_masked.jpg,9
data/shared_subset/sbert/pv/grape_leaf_black_rot/9b842706-f8e6-4092-850d-0a7feb068b4c___FAM_B.Rot 3535_final_masked.jpg,14
data/shared_subset/sbert/pv/Tomato_leaf_bacterial_spot/d2baf547-f447-4b60-b642-7e1008ac6187___GCREC_Bact.Sp 5920_final_masked.jpg,9
data/shared_subset/sbert/pv/Tomato_Septoria_leaf_spot/dea10aaf-fc64-4dad-b553-568a8581a30d___Matt.S_CG 0688_final_masked.jpg,8
data/shared_subset/sbert/pv/Tomato_leaf_bacterial_spot/fb25aff6-5c78-42d9-b9af-9181811ac18b___GCREC_Bact.Sp 5788_final_masked.jpg,9
data/shared_subset/sbert/pv/Tomato_leaf_yellow_virus/5c693750-bc18-436c-9ad1-a93ae39352aa___UF.GRC_YLCV_Lab 02388_final_masked.jpg,12
data/shared_subset/sbert/pv/Tomato_Septoria_leaf_spot/685231f4-f2a7-4a41-86f1-9f658baed631___Keller.St_CG 1992_final_masked.jpg,8
data/shared_subset/sbert/pv/Tomato_Early_blight_leaf/c78c9d19-e83d-4c3b-a690-e6e3b95c979d___RS_Erly.B 9569_final_masked.jpg,7
data/shared_subset/sbert/pv/Squash_Powdery_mildew_leaf/b4e865e4-255d-40e3-97ed-1a28d8ebdb44___MD_Powd.M 0833_final_masked.jpg,6
data/shared_subset/sbert/pv/Tomato_leaf_yellow_virus/3bbaf1c9-cf67-44b5-95c0-486e9005b0fb___YLCV_GCREC 5182_final_masked.jpg,12
data/shared_subset/sbert/pv/Tomato_leaf_yellow_virus/dfbe4560-d080-4d8e-ad84-4e457273b55e___YLCV_GCREC 5190_final_masked.jpg,12
data/shared_subset/sbert/pv/Tomato_leaf_late_blight/1507883d-7f10-4b69-88d4-db80850b1664___GHLB2 Leaf 154_final_masked.jpg,10
data/shared_subset/sbert/pv/Tomato_mold_leaf/783ab4f6-4790-4381-8583-67ae6d7ac80b___Crnl_L.Mold 7088_final_masked.jpg,13
data/shared_subset/sbert/pv/Tomato_mold_leaf/ec76173b-c354-4711-9bb7-b38dae1ea5b4___Crnl_L.Mold 9074_final_masked.jpg,13
data/shared_subset/sbert/pv/Tomato_leaf_mosaic_virus/388f46e3-32d3-45f3-84fd-12cb06feed12___PSU_CG 2119_final_masked.jpg,11
data/shared_subset/sbert/pv/Tomato_leaf_yellow_virus/fff6bf83-797c-4de4-83f7-39b74786fec4___UF.GRC_YLCV_Lab 03179_final_masked.jpg,12
data/shared_subset/sbert/pv/Bell_pepper_leaf/dfd700a9-cef2-453e-8006-52fd08c0ca35___JR_HL 8770_final_masked.jpg,2
data/shared_subset/sbert/pv/Squash_Powdery_mildew_leaf/e4160b46-bcfa-4c3b-b887-506bf8939a5b___MD_Powd.M 0978_final_masked.jpg,6
data/shared_subset/sbert/pv/Tomato_leaf_yellow_virus/2c7bfbfd-03a0-4a77-8e20-ba199809deb8___YLCV_GCREC 2790_final_masked.jpg,12
data/shared_subset/sbert/pv/Tomato_leaf_yellow_virus/b2a0ebdc-5cdc-4de1-a4a0-eebdac5f6345___UF.GRC_YLCV_Lab 01865_final_masked.jpg,12
data/shared_subset/sbert/pv/Tomato_leaf_yellow_virus/92edec4c-7b38-4c52-a9b1-5e95ea6b3975___YLCV_GCREC 2526_final_masked.jpg,12
data/shared_subset/sbert/pv/Tomato_leaf_bacterial_spot/4f06a857-13bc-44c1-87fb-c3ccdaeeaacb___GCREC_Bact.Sp 5965_final_masked.jpg,9
data/shared_subset/sbert/pv/Bell_pepper_leaf/78b80c38-32da-4a77-bbde-8ff9e5bfd47d___JR_HL 8094_final_masked.jpg,2
data/shared_subset/sbert/pv/Potato_leaf_early_blight/b512ab1a-0ea5-47d6-b998-7c9f32ed3329___RS_Early.B 7250_final_masked.jpg,4
data/shared_subset/sbert/pv/Bell_pepper_leaf_spot/f2c48f6c-f92e-4543-816c-0621648003fe___JR_B.Spot 9010_final_masked.jpg,3
data/shared_subset/sbert/pv/Tomato_leaf_yellow_virus/7d65afdb-9975-4a26-be73-9a758b2d0540___UF.GRC_YLCV_Lab 01297_final_masked.jpg,12
data/shared_subset/sbert/pv/Tomato_Septoria_leaf_spot/d086f972-4637-49e5-99cb-57cc43ec0146___Matt.S_CG 7452_final_masked.jpg,8
data/shared_subset/sbert/pv/Tomato_Septoria_leaf_spot/c5806b61-685f-43a2-a5af-c8c9f086e7ea___Matt.S_CG 1244_final_masked.jpg,8
data/shared_subset/sbert/pv/Tomato_leaf_late_blight/4206d227-db97-4b7e-8433-042f12d6681b___GHLB2 Leaf 8654_final_masked.jpg,10
data/shared_subset/sbert/pv/Potato_leaf_early_blight/7cc0cb45-7fae-4d55-8dce-aa5e4484b7d9___RS_Early.B 7088_final_masked.jpg,4
data/shared_subset/sbert/pv/Tomato_leaf_bacterial_spot/cb496f19-8673-40dd-abe1-bff32695b2ab___UF.GRC_BS_Lab Leaf 0468_final_masked.jpg,9
data/shared_subset/sbert/pv/grape_leaf_black_rot/807741f5-eb78-41c5-ae2e-8a28e376238c___FAM_B.Rot 3389_final_masked.jpg,14
data/shared_subset/sbert/pv/Squash_Powdery_mildew_leaf/a90df651-ef3e-4f1b-af22-48a2b1f5fea9___MD_Powd.M 0170_final_masked.jpg,6
data/shared_subset/sbert/pv/Tomato_leaf_late_blight/8ea73da6-e94c-42bf-8b9c-c8d0a58338c7___RS_Late.B 6724_final_masked.jpg,10
data/shared_subset/sbert/pv/Tomato_leaf_mosaic_virus/a142b58c-1713-4e17-a68c-96eaf4b5ae23___PSU_CG 2219_final_masked.jpg,11
data/shared_subset/sbert/pv/Tomato_leaf_yellow_virus/4df1da53-513d-407c-8efe-8c176e1e6a38___UF.GRC_YLCV_Lab 02318_final_masked.jpg,12
data/shared_subset/sbert/pv/Tomato_mold_leaf/738b2359-39ac-465b-8d8e-43dc842a280e___Crnl_L.Mold 6535_final_masked.jpg,13
data/shared_subset/sbert/pv/Tomato_Septoria_leaf_spot/050ab551-f613-4561-9a90-2a6a206e9b43___Matt.S_CG 2787_final_masked.jpg,8
data/shared_subset/sbert/pv/Potato_leaf_late_blight/ae966e38-73b3-47c1-9421-20ac2f570f46___RS_LB 3240_final_masked.jpg,5
data/shared_subset/sbert/pv/Tomato_mold_leaf/a961a718-36c3-4050-a5ef-eea64ae152ce___Crnl_L.Mold 9058_final_masked.jpg,13
data/shared_subset/sbert/pv/Tomato_mold_leaf/6e8f1122-d902-408e-a33e-2d5514112e38___Crnl_L.Mold 6944_final_masked.jpg,13
data/shared_subset/sbert/pv/Bell_pepper_leaf/a72c9475-9671-497d-8ab7-a4ec2e349590___JR_HL 7726_final_masked.jpg,2
data/shared_subset/sbert/pv/Tomato_mold_leaf/331752ba-3d14-4e35-9d0a-8f40b2a31653___Crnl_L.Mold 8916_final_masked.jpg,13
data/shared_subset/sbert/pv/Tomato_Septoria_leaf_spot/a0337427-9957-4062-a0e4-e0a3d21e5574___Matt.S_CG 7478_final_masked.jpg,8
data/shared_subset/sbert/pv/Bell_pepper_leaf/342c87ae-db00-4ba8-9029-a91ba10b4d77___JR_HL 8397_final_masked.jpg,2
data/shared_subset/sbert/pv/Bell_pepper_leaf/c874080b-be91-4c77-967f-092f91884297___JR_HL 7919_final_masked.jpg,2
data/shared_subset/sbert/pv/Tomato_leaf_bacterial_spot/1ade5ae9-2b62-4d53-86ae-fee9d3d9a7e9___UF.GRC_BS_Lab Leaf 0777_final_masked.jpg,9
data/shared_subset/sbert/pv/Tomato_leaf_yellow_virus/4198f5d4-9ebb-4464-a8f5-cd75b77915fb___YLCV_NREC 0235_final_masked.jpg,12
data/shared_subset/sbert/pv/Tomato_leaf_yellow_virus/c6380761-954b-4a14-b686-05ce51868611___UF.GRC_YLCV_Lab 02268_final_masked.jpg,12
data/shared_subset/sbert/pv/grape_leaf_black_rot/b74183ce-4579-4ea7-bfa2-4d9453e1d05d___FAM_B.Rot 3453_final_masked.jpg,14
data/shared_subset/sbert/pv/Squash_Powdery_mildew_leaf/73a9e431-a472-4ab0-aa0c-44f729017492___UMD_Powd.M 0357_final_masked.jpg,6
data/shared_subset/sbert/pv/Tomato_leaf_late_blight/a1f7a744-1d30-4343-992c-b1521d924094___GHLB2 Leaf 8563_final_masked.jpg,10
data/shared_subset/sbert/pv/grape_leaf_black_rot/f8ee6c26-bb61-4956-a3fb-8a96342249fa___FAM_B.Rot 3158_final_masked.jpg,14
data/shared_subset/sbert/pv/Tomato_leaf_yellow_virus/9ef6528c-3775-4d6a-a876-9f582e8fe295___YLCV_GCREC 2217_final_masked.jpg,12
data/shared_subset/sbert/pv/Apple_rust_leaf/30ae56d0-6974-4ad2-b4bf-486a97dcff5f___FREC_C.Rust 4088_final_masked.jpg,1
data/shared_subset/sbert/pv/Tomato_leaf_yellow_virus/a99b21b6-6e33-4919-a425-49fabc6eb031___UF.GRC_YLCV_Lab 09610_final_masked.jpg,12
data/shared_subset/sbert/pv/Tomato_leaf_yellow_virus/8f7ac9bf-9c84-4ea4-9360-6d357776c69c___UF.GRC_YLCV_Lab 02179_final_masked.jpg,12
data/shared_subset/sbert/pv/Tomato_Septoria_leaf_spot/5d1cc870-27d2-4442-bc2a-a8788543d326___JR_Sept.L.S 2578_final_masked.jpg,8
data/shared_subset/sbert/pv/Tomato_leaf_late_blight/33b5c25b-ab14-4b22-a7f0-764b2070b2d7___GHLB2 Leaf 8670_final_masked.jpg,10
data/shared_subset/sbert/pv/Tomato_leaf_yellow_virus/35b953f7-9a61-4295-8191-c43837dbe99e___YLCV_NREC 0063_final_masked.jpg,12
data/shared_subset/sbert/pv/Tomato_leaf_late_blight/20ab7535-34d8-4bac-b3a7-4fa929a1bed3___GHLB2 Leaf 59.1_final_masked.jpg,10
data/shared_subset/sbert/pv/Tomato_Septoria_leaf_spot/34a98498-bbe1-4ba8-ac6b-158adb2de2b9___Matt.S_CG 0828_final_masked.jpg,8
data/shared_subset/sbert/pv/Tomato_Early_blight_leaf/a48e8b60-3636-4f7e-8ce2-d6625d866720___RS_Erly.B 7458_final_masked.jpg,7
data/shared_subset/sbert/pv/Tomato_leaf_yellow_virus/c17979b7-3cef-4c9c-b758-c6749c92bf67___YLCV_NREC 2385_final_masked.jpg,12
data/shared_subset/sbert/pv/Tomato_leaf_bacterial_spot/4e726fa5-592c-4e69-a29e-4fc466d82597___GCREC_Bact.Sp 3377_final_masked.jpg,9
data/shared_subset/sbert/pv/Tomato_leaf_yellow_virus/342e5cbd-ba9f-44e9-a8d0-78c1ae469a08___YLCV_NREC 2546_final_masked.jpg,12
data/shared_subset/sbert/pv/Bell_pepper_leaf/664d7802-d1ee-4095-ac6a-61bd3e2f1c13___JR_HL 8666_final_masked.jpg,2
data/shared_subset/sbert/pv/Tomato_leaf_yellow_virus/97c54457-a9a5-4683-af2b-29c49ca0d24b___YLCV_NREC 0181_final_masked.jpg,12
data/shared_subset/sbert/pv/Bell_pepper_leaf/87483ac6-8115-4d93-82ad-fbcaeca4a688___JR_HL 8211_final_masked.jpg,2
data/shared_subset/sbert/pv/Potato_leaf_late_blight/0acdc2b2-0dde-4073-8542-6fca275ab974___RS_LB 4857_final_masked.jpg,5
data/shared_subset/sbert/pv/Tomato_leaf_yellow_virus/b5246ed2-d8c4-49dd-b1ef-b9608829b4ba___UF.GRC_YLCV_Lab 02227_final_masked.jpg,12
data/shared_subset/sbert/pv/Tomato_leaf_bacterial_spot/2e44b9e9-05f3-4465-9747-b90a5ea44579___UF.GRC_BS_Lab Leaf 0224_final_masked.jpg,9
data/shared_subset/sbert/pv/Apple_Scab_Leaf/d08d117d-d394-4e24-83c2-cd7fd96894ce___FREC_Scab 3093_final_masked.jpg,0
data/shared_subset/sbert/pv/Potato_leaf_late_blight/e26ad557-11c8-44fd-aad1-dea51c613742___RS_LB 5115_final_masked.jpg,5
data/shared_subset/sbert/pv/Tomato_leaf_yellow_virus/292911d9-012e-422d-93ba-3e8ef50a749f___YLCV_NREC 0141_final_masked.jpg,12
data/shared_subset/sbert/pv/Tomato_leaf_bacterial_spot/56665469-ee3d-4a16-8891-0e1a59634ffc___GCREC_Bact.Sp 3647_final_masked.jpg,9
data/shared_subset/sbert/pv/Potato_leaf_early_blight/519e17be-a518-410a-ad3e-153d07fc3563___RS_Early.B 7711_final_masked.jpg,4
data/shared_subset/sbert/pv/Potato_leaf_late_blight/71f6c664-3b77-45ef-a1de-e00685c78add___RS_LB 4441_final_masked.jpg,5
data/shared_subset/sbert/pv/Tomato_leaf_bacterial_spot/3813824a-787e-437a-bdd2-2bd99f57edb6___GCREC_Bact.Sp 3416_final_masked.jpg,9
data/shared_subset/sbert/pv/Tomato_leaf_bacterial_spot/867065cd-2f2f-4937-8cf1-ac6aaa695fb6___GCREC_Bact.Sp 5918_final_masked.jpg,9
data/shared_subset/sbert/pv/Tomato_leaf_late_blight/6d010698-482e-4445-afd2-dc8dca53ed19___RS_Late.B 5493_final_masked.jpg,10
data/shared_subset/sbert/pv/Bell_pepper_leaf/ab24c144-5ee4-4f56-b67c-1fc25475dfe0___JR_HL 8173_final_masked.jpg,2
data/shared_subset/sbert/pv/Tomato_leaf_yellow_virus/dc55f427-ed4e-4290-94f3-2882fe680345___YLCV_GCREC 2094_final_masked.jpg,12
data/shared_subset/sbert/pv/Apple_Scab_Leaf/20f4f8d1-7527-420b-a90d-e17b9e45549a___FREC_Scab 2997_final_masked.jpg,0
data/shared_subset/sbert/pv/Tomato_leaf_late_blight/2798c7ea-850e-49a7-b304-3114c60c6baf___RS_Late.B 7141_final_masked.jpg,10
data/shared_subset/sbert/pv/Tomato_leaf_yellow_virus/b431219b-0122-4e15-8dc9-5227e3ca3cbd___YLCV_NREC 2007_final_masked.jpg,12
data/shared_subset/sbert/pv/Tomato_leaf_late_blight/98d99dcc-6922-4b11-9b64-7e75440da1a8___RS_Late.B 5095_final_masked.jpg,10
data/shared_subset/sbert/pv/Squash_Powdery_mildew_leaf/5456e22a-6039-4676-a7a9-24f4c5b65731___UMD_Powd.M 9952 copy_final_masked.jpg,6
data/shared_subset/sbert/pv/Tomato_mold_leaf/d51c5c7e-feb1-46b2-b5c9-05b9b742bf16___Crnl_L.Mold 6505_final_masked.jpg,13
data/shared_subset/sbert/pv/Tomato_leaf_late_blight/a4dd9b8a-c4bc-40c2-87f2-686a36789b2c___RS_Late.B 5500_final_masked.jpg,10
data/shared_subset/sbert/pv/Tomato_Early_blight_leaf/d4971b21-317f-4fbd-95a8-ac21d69d7461___RS_Erly.B 6429_final_masked.jpg,7
data/shared_subset/sbert/pv/Tomato_Early_blight_leaf/71eb9b0a-a7ea-47a0-8108-71949d74e22d___RS_Erly.B 7557_final_masked.jpg,7
data/shared_subset/sbert/pv/Tomato_leaf_bacterial_spot/6d0dd572-9911-4c87-8493-7dde760c19bf___GCREC_Bact.Sp 3055_final_masked.jpg,9
data/shared_subset/sbert/pv/Tomato_leaf_yellow_virus/d9bc3f7f-1d15-4ffa-a5bc-8476d5d62558___YLCV_GCREC 2068_final_masked.jpg,12
data/shared_subset/sbert/pv/Tomato_mold_leaf/0595201b-049b-47ff-9e56-7e042932c0fe___Crnl_L.Mold 9179_final_masked.jpg,13
data/shared_subset/sbert/pv/Tomato_leaf_bacterial_spot/fb160354-fa8d-4833-8a3a-acd8507dd9de___GCREC_Bact.Sp 3334_final_masked.jpg,9
data/shared_subset/sbert/pv/Bell_pepper_leaf_spot/39a17538-d200-4dac-8dad-d76566b6b199___NREC_B.Spot 9173_final_masked.jpg,3
data/shared_subset/sbert/pv/Tomato_leaf_late_blight/0e669afb-1315-4903-b7ca-1a0ffa95d454___RS_Late.B 5626_final_masked.jpg,10
data/shared_subset/sbert/pv/Tomato_Early_blight_leaf/dc64e0f0-9f55-4341-b256-649bebd6ca75___RS_Erly.B 7785_final_masked.jpg,7
data/shared_subset/sbert/pv/Bell_pepper_leaf/d84e8e33-74fc-41e7-b5b2-0ffcd609d191___JR_HL 7921_final_masked.jpg,2
data/shared_subset/sbert/pv/Squash_Powdery_mildew_leaf/9db55354-8506-4c56-abfd-0deb2a8343dc___MD_Powd.M 0279_final_masked.jpg,6
data/shared_subset/sbert/pv/Potato_leaf_late_blight/71cbb155-74cd-42f9-97ac-abca4a10ad79___RS_LB 4456_final_masked.jpg,5
data/shared_subset/sbert/pv/grape_leaf_black_rot/93ff6a6c-91cb-4c91-a334-3fbd3ba82c46___FAM_B.Rot 0660_final_masked.jpg,14
data/shared_subset/sbert/pv/Tomato_leaf_yellow_virus/0120b8af-1482-4af9-85d1-a2bfe24c6985___UF.GRC_YLCV_Lab 02748_final_masked.jpg,12
data/shared_subset/sbert/pv/Tomato_leaf_yellow_virus/56ef3a37-548f-41f4-af50-aba9a3042700___UF.GRC_YLCV_Lab 01415_final_masked.jpg,12
data/shared_subset/sbert/pv/Tomato_leaf_late_blight/e55af4aa-1f1c-4300-86ca-bdcff04bef80___GHLB_PS Leaf 2 Day 9_final_masked.jpg,10
data/shared_subset/sbert/pv/Bell_pepper_leaf/af918bcc-6b43-40c6-b638-7294e3d64b52___JR_HL 8187_final_masked.jpg,2
data/shared_subset/sbert/pv/Tomato_leaf_yellow_virus/fab4fee5-bbac-4996-8b8b-c91fb70dcb92___YLCV_GCREC 5484_final_masked.jpg,12
data/shared_subset/sbert/pv/Bell_pepper_leaf_spot/1d26f9c5-2f4e-4b1e-a7d6-a4e9584a3ab7___JR_B.Spot 8918_final_masked.jpg,3
data/shared_subset/sbert/pv/Tomato_leaf_bacterial_spot/97f376a8-3781-4f2f-8fec-6a8150247d1e___GCREC_Bact.Sp 3387_final_masked.jpg,9
data/shared_subset/sbert/pv/Apple_Scab_Leaf/5cd3df15-31a2-4076-9d1a-8735fa1dccdf___FREC_Scab 3410_final_masked.jpg,0
data/shared_subset/sbert/pv/Tomato_mold_leaf/7de0d9b9-6d4f-4375-85c4-a64da65937d8___Crnl_L.Mold 7077_final_masked.jpg,13
data/shared_subset/sbert/pv/Squash_Powdery_mildew_leaf/adb68dc1-e767-44e5-a6b7-f5d413fa9afd___MD_Powd.M 0676_final_masked.jpg,6
data/shared_subset/sbert/pv/Tomato_leaf_bacterial_spot/8d5d586c-35ad-4cf2-99f7-a8d92f56a306___GCREC_Bact.Sp 3145_final_masked.jpg,9
data/shared_subset/sbert/pv/Tomato_Septoria_leaf_spot/1ea484d8-6ebf-4d95-81b1-1c7f78e92015___JR_Sept.L.S 8425_final_masked.jpg,8
data/shared_subset/sbert/pv/Apple_Scab_Leaf/98e6e72f-092d-41dc-93e1-22bfc1ea2abd___FREC_Scab 2953_final_masked.jpg,0
data/shared_subset/sbert/pv/Tomato_leaf_yellow_virus/065f7387-bc05-4989-b4b0-5ebc92ef9724___YLCV_NREC 2701_final_masked.jpg,12
data/shared_subset/sbert/pv/Tomato_Septoria_leaf_spot/36085cb4-2736-475a-9b13-ac6d3225561d___Matt.S_CG 7619_final_masked.jpg,8
data/shared_subset/sbert/pv/Bell_pepper_leaf_spot/05c6ea65-cce4-43da-b57b-a45321b0e51b___NREC_B.Spot 9048_final_masked.jpg,3
data/shared_subset/sbert/pv/grape_leaf_black_rot/2b4fc052-eda7-442d-af57-82e8d9913a45___FAM_B.Rot 3105_final_masked.jpg,14
data/shared_subset/sbert/pv/Tomato_Early_blight_leaf/4f6876e9-7226-49d5-aef8-cec3d8e6fbc9___RS_Erly.B 9452_final_masked.jpg,7
data/shared_subset/sbert/pv/Potato_leaf_early_blight/85a9856f-d5ae-4740-a038-517489a25ff5___RS_Early.B 8635_final_masked.jpg,4
data/shared_subset/sbert/pv/Tomato_leaf_late_blight/4505676e-d70e-460e-bac1-ce20d94f3944___GHLB2 Leaf 158.2_final_masked.jpg,10
data/shared_subset/sbert/pv/Tomato_Septoria_leaf_spot/357efcd2-3749-4a29-9822-9edaec270674___Matt.S_CG 0927_final_masked.jpg,8
data/shared_subset/sbert/pv/Tomato_leaf_yellow_virus/a1e1c763-0b15-46be-a205-8530232f0384___YLCV_NREC 2874_final_masked.jpg,12
data/shared_subset/sbert/pv/Squash_Powdery_mildew_leaf/6597567f-5d09-4643-84cc-dea248b75551___UMD_Powd.M 0040_final_masked.jpg,6
data/shared_subset/sbert/pv/Tomato_leaf_yellow_virus/77d772ea-629a-4a67-80ad-31dbf721118e___YLCV_GCREC 2138_final_masked.jpg,12
data/shared_subset/sbert/pv/Apple_rust_leaf/57be14d8-a24b-4354-acce-98b3a47f4512___FREC_C.Rust 4057_final_masked.jpg,1
data/shared_subset/sbert/pv/Tomato_leaf_yellow_virus/1df98389-aa45-4b67-b2da-38642fe8841b___UF.GRC_YLCV_Lab 02295_final_masked.jpg,12
data/shared_subset/sbert/pv/grape_leaf_black_rot/458d2f09-f646-42e6-ac1f-0aa5e123c127___FAM_B.Rot 0583_final_masked.jpg,14
data/shared_subset/sbert/pv/Tomato_leaf_bacterial_spot/71da2612-0ab3-4b9b-981e-f82b41568fca___GCREC_Bact.Sp 6176_final_masked.jpg,9
data/shared_subset/sbert/pv/Apple_Scab_Leaf/6a006aa9-a9f2-4269-9fd9-7a879f01faf1___FREC_Scab 3117_final_masked.jpg,0
data/shared_subset/sbert/pv/Bell_pepper_leaf/f2bf8b5a-2463-49d7-83cd-097350e3ff20___JR_HL 8568_final_masked.jpg,2
data/shared_subset/sbert/pv/Squash_Powdery_mildew_leaf/284d48a5-c4fc-486a-85f9-8ba599bf1ecf___UMD_Powd.M 0633_final_masked.jpg,6
data/shared_subset/sbert/pv/Bell_pepper_leaf/86a0dc7a-8ac2-40c3-af58-2bfa6a6fb0c5___JR_HL 8241_final_masked.jpg,2
data/shared_subset/sbert/pv/Tomato_leaf_late_blight/c4e95382-4bc7-4271-89ba-889f1dc55a2b___GHLB2 Leaf 9093_final_masked.jpg,10
data/shared_subset/sbert/pv/Tomato_leaf_yellow_virus/e5acbbc3-c89d-4851-a4c7-f0c21401d500___UF.GRC_YLCV_Lab 02688_final_masked.jpg,12
data/shared_subset/sbert/pv/Squash_Powdery_mildew_leaf/e26c8d14-d466-4c4f-abb3-ab4ea04c134d___UMD_Powd.M 0618_final_masked.jpg,6
data/shared_subset/sbert/pv/Tomato_Septoria_leaf_spot/515d2953-6f85-4c09-b259-4c867b9e9fb2___Matt.S_CG 6217_final_masked.jpg,8
data/shared_subset/sbert/pv/Tomato_mold_leaf/fcfc6758-32cd-4e18-8d56-e3ffde988921___Crnl_L.Mold 6591_final_masked.jpg,13
data/shared_subset/sbert/pv/grape_leaf_black_rot/7b6831ec-c21f-4b02-8f83-7c08a9eab2ff___FAM_B.Rot 3523_final_masked.jpg,14
data/shared_subset/sbert/pv/Tomato_Septoria_leaf_spot/131407de-62dc-44bf-81c8-b0c4c173df9e___JR_Sept.L.S 2726_final_masked.jpg,8
data/shared_subset/sbert/pv/Tomato_leaf_bacterial_spot/21e92c79-7f6e-457f-887f-a6e7ba02494b___GCREC_Bact.Sp 6049_final_masked.jpg,9
data/shared_subset/sbert/pv/grape_leaf_black_rot/36e02eae-5235-4e1b-a2a2-296d6fab66a3___FAM_B.Rot 3479_final_masked.jpg,14
data/shared_subset/sbert/pv/Tomato_leaf_yellow_virus/cce893fc-09da-40d2-82ff-8e8bf04255cd___YLCV_NREC 0302_final_masked.jpg,12
data/shared_subset/sbert/pv/Tomato_leaf_bacterial_spot/dbabca53-fd46-46e9-91c0-64232aac8c25___GCREC_Bact.Sp 3816_final_masked.jpg,9
data/shared_subset/sbert/pv/Tomato_leaf_late_blight/4ca113ee-0468-483d-be29-68a27bf60a71___GHLB2 Leaf 8890_final_masked.jpg,10
data/shared_subset/sbert/pv/Bell_pepper_leaf/c40b6a46-5181-43ad-a27d-7e68fcd20f87___JR_HL 8553_final_masked.jpg,2
data/shared_subset/sbert/pv/Tomato_leaf_late_blight/80b1ebb9-e5e0-48cd-a68a-d43ed57633dd___GHLB2 Leaf 9050_final_masked.jpg,10
data/shared_subset/sbert/pv/Tomato_leaf_late_blight/8d58aa38-714a-45b6-b36d-fe52ab36aae8___GHLB Leaf 24.1 Day 12_final_masked.jpg,10
data/shared_subset/sbert/pv/Tomato_leaf_yellow_virus/14d50144-a715-4ec9-bfa6-3f59056311e8___YLCV_NREC 2020_final_masked.jpg,12
data/shared_subset/sbert/pv/Tomato_leaf_yellow_virus/6478cd0c-96bd-41c1-9866-2273e34c1687___UF.GRC_YLCV_Lab 09441_final_masked.jpg,12
data/shared_subset/sbert/pv/Tomato_leaf_yellow_virus/236f8177-89aa-4c6c-8cf2-0b0644b3fcfa___UF.GRC_YLCV_Lab 02012_final_masked.jpg,12
data/shared_subset/sbert/pv/Squash_Powdery_mildew_leaf/d0e7ab66-be7f-4d4f-a4ae-736b5157f4ce___UMD_Powd.M 9767_final_masked.jpg,6
data/shared_subset/sbert/pv/Tomato_Septoria_leaf_spot/edba6e66-629b-4988-8921-9a4e87701a54___JR_Sept.L.S 2464_final_masked.jpg,8
data/shared_subset/sbert/pv/Tomato_leaf_late_blight/1e095cdc-6a71-4ae4-9709-be97b5668454___GHLB2 Leaf 8845_final_masked.jpg,10
data/shared_subset/sbert/pv/Tomato_Septoria_leaf_spot/7d3e0bf0-b53a-46ec-b7e8-7429215079fb___Matt.S_CG 2685_final_masked.jpg,8
data/shared_subset/sbert/pv/Tomato_leaf_mosaic_virus/a4453e9a-4ede-4377-be38-fd77e9bf16f0___PSU_CG 2308_final_masked.jpg,11
data/shared_subset/sbert/pv/Tomato_leaf_late_blight/3d89871d-557a-414e-b726-8f4ba18d30e4___GHLB2 Leaf 8922_final_masked.jpg,10
data/shared_subset/sbert/pv/grape_leaf_black_rot/0cf5d61f-fb1a-4533-b0aa-f174d2acdc82___FAM_B.Rot 0721_final_masked.jpg,14
data/shared_subset/sbert/pv/Tomato_Septoria_leaf_spot/e4f68173-6553-492a-a810-77e2081c314e___JR_Sept.L.S 2658_final_masked.jpg,8
data/shared_subset/sbert/pv/Bell_pepper_leaf/acd50866-d2cf-4a7c-990c-2fd1f49e9cae___JR_HL 7953_final_masked.jpg,2
data/shared_subset/sbert/pv/grape_leaf_black_rot/9ca2c29f-4c82-480d-b85f-429f62930ef4___FAM_B.Rot 3552_final_masked.jpg,14
data/shared_subset/sbert/pv/Tomato_mold_leaf/3e6cdf52-1ecf-49a3-bc77-9cd3abb7f901___Crnl_L.Mold 8755_final_masked.jpg,13
data/shared_subset/sbert/pv/Tomato_mold_leaf/9f983c7d-d9a2-4800-aef4-fe60003f51d1___Crnl_L.Mold 8718_final_masked.jpg,13
data/shared_subset/sbert/pv/Tomato_mold_leaf/77b74ab1-43d3-4d49-b901-e6e19ee0f200___Crnl_L.Mold 9063_final_masked.jpg,13
data/shared_subset/sbert/pv/Tomato_leaf_yellow_virus/afaef6c3-09cb-4573-a9f4-ff86e2af6135___UF.GRC_YLCV_Lab 02949_final_masked.jpg,12
data/shared_subset/sbert/pv/grape_leaf_black_rot/9ddfa57d-e31d-43ef-9738-c62b14b71af8___FAM_B.Rot 3407_final_masked.jpg,14
data/shared_subset/sbert/pv/Tomato_Early_blight_leaf/5592a349-b19a-4fe8-a131-a89bbae8b655___RS_Erly.B 7474_final_masked.jpg,7
data/shared_subset/sbert/pv/Potato_leaf_late_blight/4f249e3b-92a0-43e5-a70d-fe3045630437___RS_LB 3913_final_masked.jpg,5
data/shared_subset/sbert/pv/Squash_Powdery_mildew_leaf/d022364b-2af9-49d8-af38-130b119baa10___UMD_Powd.M 0379_final_masked.jpg,6
data/shared_subset/sbert/pv/Tomato_leaf_yellow_virus/61acaad1-5224-4460-8aa3-8f6f6680748e___UF.GRC_YLCV_Lab 03289_final_masked.jpg,12
data/shared_subset/sbert/pv/Bell_pepper_leaf/d221a778-23fd-4c43-b02f-aee1bff4d828___JR_HL 8021_final_masked.jpg,2
data/shared_subset/sbert/pv/Tomato_leaf_yellow_virus/81b76342-4d13-4f96-9c4d-ccf4865b3171___YLCV_GCREC 2412_final_masked.jpg,12
data/shared_subset/sbert/pv/Tomato_leaf_mosaic_virus/e3abcfd4-0994-4f38-a18e-83b90498d30c___PSU_CG 2297_final_masked.jpg,11
data/shared_subset/sbert/pv/Tomato_leaf_late_blight/5b95aab7-c5be-42e3-afc8-c99f7c1c2c0c___GHLB2 Leaf 8658_final_masked.jpg,10
data/shared_subset/sbert/pv/Tomato_leaf_yellow_virus/812b614b-bad8-4d10-9191-9a614bbdaef3___UF.GRC_YLCV_Lab 01418_final_masked.jpg,12
data/shared_subset/sbert/pv/Tomato_Septoria_leaf_spot/a6e00d31-f88a-4e11-98e1-d3897a0d5684___Keller.St_CG 1822_final_masked.jpg,8
data/shared_subset/sbert/pv/Tomato_leaf_bacterial_spot/50396b93-07af-41f8-bd0c-9d5068e1699e___GCREC_Bact.Sp 5662_final_masked.jpg,9
data/shared_subset/sbert/pv/Tomato_Early_blight_leaf/bde8917a-9b0c-4a7b-8ff1-26f31609d6d7___RS_Erly.B 7750_final_masked.jpg,7
data/shared_subset/sbert/pv/Tomato_leaf_bacterial_spot/71bbf536-8d96-427e-8dd5-1f330b24aff9___GCREC_Bact.Sp 2982_final_masked.jpg,9
data/shared_subset/sbert/pv/Tomato_leaf_yellow_virus/c8731e18-4abd-42b4-8885-7ce5ad8b81f4___UF.GRC_YLCV_Lab 01547_final_masked.jpg,12
data/shared_subset/sbert/pv/Tomato_Early_blight_leaf/b0f9d534-0c29-4185-bdd1-43b83dc586f8___RS_Erly.B 6453_final_masked.jpg,7
data/shared_subset/sbert/pv/Tomato_leaf_yellow_virus/310bf2f3-bdf1-4d7b-9348-f457930067f1___YLCV_NREC 2084_final_masked.jpg,12
data/shared_subset/sbert/pv/Squash_Powdery_mildew_leaf/1ea5b4d2-6174-4c17-b2a6-437a6bb12764___MD_Powd.M 0973_final_masked.jpg,6
data/shared_subset/sbert/pv/Tomato_Septoria_leaf_spot/6cebad3a-afa4-4c38-9bcc-3977af4434d1___Matt.S_CG 2793_final_masked.jpg,8
data/shared_subset/sbert/pv/Tomato_leaf_bacterial_spot/97135339-c428-4fec-9805-718d83ef7fcf___GCREC_Bact.Sp 5722_final_masked.jpg,9
data/shared_subset/sbert/pv/Squash_Powdery_mildew_leaf/895b4f48-8143-48d3-9ae2-b4ea86a7f030___UMD_Powd.M 0353_final_masked.jpg,6
data/shared_subset/sbert/pv/Tomato_leaf_yellow_virus/a13f6997-e1f9-49ac-8f8a-61bfbc0ba77f___YLCV_NREC 0194_final_masked.jpg,12
data/shared_subset/sbert/pv/Tomato_Early_blight_leaf/394ebb8a-49b8-4122-bd81-f3c862491db9___RS_Erly.B 7513_final_masked.jpg,7
data/shared_subset/sbert/pv/Tomato_Early_blight_leaf/60b089ee-97ea-4df8-bb95-cd8c2094b24e___RS_Erly.B 9426_final_masked.jpg,7
data/shared_subset/sbert/pv/Tomato_leaf_yellow_virus/7291d3cc-6b36-4ca7-b849-eaf9286c644f___UF.GRC_YLCV_Lab 09506_final_masked.jpg,12
data/shared_subset/sbert/pv/Tomato_mold_leaf/4699bc00-7eed-4e6a-b701-15218a40bcb1___Crnl_L.Mold 8760_final_masked.jpg,13
data/shared_subset/sbert/pv/Potato_leaf_early_blight/61a602c4-02e3-49e5-9858-5b1d4d4795f7___RS_Early.B 7875_final_masked.jpg,4
data/shared_subset/sbert/pv/Tomato_leaf_late_blight/d029a830-f39c-4668-b413-45b69e2b3640___RS_Late.B 4841_final_masked.jpg,10
data/shared_subset/sbert/pv/Tomato_leaf_late_blight/531d1dc7-d864-4464-b2ad-1fc76f825021___GHLB2 Leaf 8742_final_masked.jpg,10
data/shared_subset/sbert/pv/Bell_pepper_leaf_spot/d563f31e-4aec-4c53-baaa-ab3a3faa2a89___JR_B.Spot 3356_final_masked.jpg,3
data/shared_subset/sbert/pv/Tomato_leaf_yellow_virus/b8b58a05-6206-452c-82a6-1dc7f0bf0b69___UF.GRC_YLCV_Lab 02298_final_masked.jpg,12
data/shared_subset/sbert/pv/Squash_Powdery_mildew_leaf/f2d5ca40-a8d2-4459-ba69-6aea793aacd0___MD_Powd.M 9977_final_masked.jpg,6
data/shared_subset/sbert/pv/Bell_pepper_leaf/abc2d827-8c14-4a55-90d0-101d05624c5d___JR_HL 7839_final_masked.jpg,2
data/shared_subset/sbert/pv/Tomato_leaf_yellow_virus/806afdf5-7799-4309-ad3a-9023adcc3ae8___YLCV_NREC 2094_final_masked.jpg,12
data/shared_subset/sbert/pv/Potato_leaf_early_blight/2cce6cd6-16c4-426f-84e6-2f3c192fac2c___RS_Early.B 8999_final_masked.jpg,4
data/shared_subset/sbert/pv/Tomato_leaf_yellow_virus/d513ede3-714e-4bb2-b8d3-2c36b353f14e___UF.GRC_YLCV_Lab 02270_final_masked.jpg,12
data/shared_subset/sbert/pv/Squash_Powdery_mildew_leaf/982ed119-7217-46af-a82a-7ab2766247ec___MD_Powd.M 0681_final_masked.jpg,6
data/shared_subset/sbert/pv/Tomato_Septoria_leaf_spot/eef3e7b5-aee0-474d-8094-1baa53f1a365___JR_Sept.L.S 2551_final_masked.jpg,8
data/shared_subset/sbert/pv/grape_leaf_black_rot/6a7b59ac-9e36-4c8c-bbe5-3ab4bbfe7d26___FAM_B.Rot 0565_final_masked.jpg,14
data/shared_subset/sbert/pv/Squash_Powdery_mildew_leaf/49fe2b1c-6aec-44a9-8976-2e4f40b86f9c___MD_Powd.M 9944_final_masked.jpg,6
data/shared_subset/sbert/pv/Tomato_leaf_yellow_virus/df0b44c0-1960-4518-b000-68b6d27bd163___YLCV_NREC 0099_final_masked.jpg,12
data/shared_subset/sbert/pv/grape_leaf_black_rot/fec549a8-893a-4561-8b83-0966cd018fee___FAM_B.Rot 5054_final_masked.jpg,14
data/shared_subset/sbert/pv/Tomato_leaf_late_blight/0ba7d3d8-5c4c-4365-ba0c-69f61e96a36e___RS_Late.B 5312_final_masked.jpg,10
data/shared_subset/sbert/pv/grape_leaf_black_rot/38cc6a0d-cc68-4663-921f-8ed4ba0bd587___FAM_B.Rot 3192_final_masked.jpg,14
data/shared_subset/sbert/pv/Tomato_leaf_bacterial_spot/4ef7faee-a40b-4f02-9ecb-d660ed0fd708___GCREC_Bact.Sp 6322_final_masked.jpg,9
data/shared_subset/sbert/pv/Tomato_leaf_bacterial_spot/8c3a26fe-2c28-4f55-9a5b-3d8b2be54502___GCREC_Bact.Sp 3682_final_masked.jpg,9
data/shared_subset/sbert/pv/Tomato_leaf_yellow_virus/18431298-49c2-480d-8403-cad70be8d38e___YLCV_GCREC 2440_final_masked.jpg,12
data/shared_subset/sbert/pv/Bell_pepper_leaf/c1d35110-f0c3-49b6-a570-a3f69f41e857___JR_HL 7652_final_masked.jpg,2
data/shared_subset/sbert/pv/Squash_Powdery_mildew_leaf/ad512d9c-754d-41a9-aff9-72cf9ac74e2f___MD_Powd.M 1032_final_masked.jpg,6
data/shared_subset/sbert/pv/Potato_leaf_late_blight/9c230647-02da-4948-9c52-dfc87bb1d34a___RS_LB 4593_final_masked.jpg,5
data/shared_subset/sbert/pv/Bell_pepper_leaf/0354e474-d930-4098-97f8-0acee01817ea___JR_HL 7623_final_masked.jpg,2
data/shared_subset/sbert/pv/Squash_Powdery_mildew_leaf/9378bd4e-c101-48d3-abb3-44670fd72a4e___UMD_Powd.M 0617_final_masked.jpg,6
data/shared_subset/sbert/pv/Tomato_leaf_yellow_virus/d3c0be8f-9656-4b81-83e9-42ac109339ec___UF.GRC_YLCV_Lab 03217_final_masked.jpg,12
data/shared_subset/sbert/pv/Tomato_leaf_bacterial_spot/02a0f70a-9e27-420e-93ff-6ed8105f41c1___GCREC_Bact.Sp 3570_final_masked.jpg,9
data/shared_subset/sbert/pv/Bell_pepper_leaf_spot/abc52078-90cf-426a-8ed8-602a35243d3e___NREC_B.Spot 9221_final_masked.jpg,3
data/shared_subset/sbert/pv/Squash_Powdery_mildew_leaf/63d2722b-da86-4f33-ad5d-dc072200c651___UMD_Powd.M 0541_final_masked.jpg,6
data/shared_subset/sbert/pv/Tomato_leaf_yellow_virus/65f3b055-4ac0-467c-85c4-e77d01c12763___YLCV_GCREC 2374_final_masked.jpg,12
data/shared_subset/sbert/pv/Tomato_mold_leaf/5d9bfd9d-330d-4be1-8369-d4ff27bd4473___Crnl_L.Mold 6852_final_masked.jpg,13
data/shared_subset/sbert/pv/Tomato_leaf_bacterial_spot/e48d7087-f125-4912-b9d6-65fdeedd2ddb___GCREC_Bact.Sp 6182_final_masked.jpg,9
data/shared_subset/sbert/pv/Tomato_leaf_bacterial_spot/f321fdc4-0b37-4f12-bf76-30af4c54a573___UF.GRC_BS_Lab Leaf 9227_final_masked.jpg,9
data/shared_subset/sbert/pv/Tomato_Septoria_leaf_spot/bf59d55b-5231-42ee-9880-adae9625c00d___Keller.St_CG 1976_final_masked.jpg,8
data/shared_subset/sbert/pv/Tomato_leaf_yellow_virus/2c6a74f2-1457-428e-87f0-5d7dc875a0f6___YLCV_NREC 0078_final_masked.jpg,12
data/shared_subset/sbert/pv/Bell_pepper_leaf_spot/0f2b941b-cce2-46e1-a6e3-6924604e9926___NREC_B.Spot 9073_final_masked.jpg,3
data/shared_subset/sbert/pv/Squash_Powdery_mildew_leaf/d19bfbae-aff1-4b04-8720-2884c1a6149f___UMD_Powd.M 0636_final_masked.jpg,6
data/shared_subset/sbert/pv/Potato_leaf_early_blight/17520079-9d7b-481a-bc9e-676c5404d160___RS_Early.B 6774_final_masked.jpg,4
data/shared_subset/sbert/pv/Tomato_leaf_yellow_virus/47c0472a-30e5-4a29-bb15-39ac2052a262___UF.GRC_YLCV_Lab 02859_final_masked.jpg,12
data/shared_subset/sbert/pv/Tomato_leaf_bacterial_spot/eabeca07-9aa1-431a-92eb-be617775811d___UF.GRC_BS_Lab Leaf 0460_final_masked.jpg,9
data/shared_subset/sbert/pv/Bell_pepper_leaf/023f9133-6194-41d5-b4b0-e82821bda698___JR_HL 5884_final_masked.jpg,2
data/shared_subset/sbert/pv/Tomato_leaf_late_blight/226a2cf0-d065-492d-93bf-502dae8aca94___RS_Late.B 6417_final_masked.jpg,10
data/shared_subset/sbert/pv/Tomato_leaf_yellow_virus/bb796b60-61d8-457e-963f-3b3a7ecdd717___YLCV_GCREC 2159_final_masked.jpg,12
data/shared_subset/sbert/pv/Tomato_leaf_mosaic_virus/05a31ee3-d097-4e32-a1fe-ef11f84ff374___PSU_CG 2149_final_masked.jpg,11
data/shared_subset/sbert/pv/Tomato_leaf_late_blight/413905e7-1e22-4f6a-a74f-2346c050a037___GHLB2 Leaf 8763_final_masked.jpg,10
data/shared_subset/sbert/pv/Tomato_leaf_yellow_virus/580d41da-dea3-4249-bb02-ad990ec3cdc5___YLCV_NREC 2801_final_masked.jpg,12
data/shared_subset/sbert/pv/Tomato_Early_blight_leaf/42ef04d9-9bea-4bd2-9ea4-54cb16c9be24___RS_Erly.B 9616_final_masked.jpg,7
data/shared_subset/sbert/pv/Tomato_leaf_bacterial_spot/4552e196-00f9-4de7-9a47-605de7a9ecd0___UF.GRC_BS_Lab Leaf 9296_final_masked.jpg,9
data/shared_subset/sbert/pv/Tomato_leaf_late_blight/9d933bc8-f52e-4000-9ecb-d0d465c5c3ee___RS_Late.B 6660_final_masked.jpg,10
data/shared_subset/sbert/pv/Bell_pepper_leaf/95568ba3-79c0-462c-9416-c65610d1f737___JR_HL 8482_final_masked.jpg,2
data/shared_subset/sbert/pv/Tomato_Septoria_leaf_spot/0d1d305a-e4d1-4037-b0bd-1276c5200488___Matt.S_CG 1542_final_masked.jpg,8
data/shared_subset/sbert/pv/Tomato_leaf_yellow_virus/7a248c72-1dae-4532-b083-b0bee802cb4b___UF.GRC_YLCV_Lab 01722_final_masked.jpg,12
data/shared_subset/sbert/pv/Tomato_leaf_yellow_virus/ce63dae7-22be-483b-b1e8-b5aff129bea0___UF.GRC_YLCV_Lab 02485_final_masked.jpg,12
data/shared_subset/sbert/pv/Tomato_Septoria_leaf_spot/eb26346a-ab63-4741-aad4-c84c36d17d5e___JR_Sept.L.S 8440_final_masked.jpg,8
data/shared_subset/sbert/pv/Tomato_leaf_yellow_virus/b93d6e2b-c791-4ffc-ab15-adce5fb607b8___UF.GRC_YLCV_Lab 03002_final_masked.jpg,12
data/shared_subset/sbert/pv/Tomato_leaf_bacterial_spot/ef201af2-bb22-4c9f-bbdd-d6258f215cf6___UF.GRC_BS_Lab Leaf 1112_final_masked.jpg,9
data/shared_subset/sbert/pv/Tomato_Early_blight_leaf/7bab9b53-f608-4f3f-8325-d730d846b3d9___RS_Erly.B 7695_final_masked.jpg,7
data/shared_subset/sbert/pv/Squash_Powdery_mildew_leaf/965ee157-4627-4912-935c-684c70efa94c___UMD_Powd.M 0653_final_masked.jpg,6
data/shared_subset/sbert/pv/Apple_Scab_Leaf/6a1f119d-d210-4a87-b17f-699436b82bef___FREC_Scab 3025_final_masked.jpg,0
data/shared_subset/sbert/pv/Tomato_leaf_late_blight/5688ea99-c949-41d0-bbab-9cbf0ffb8bcd___GHLB2 Leaf 8677_final_masked.jpg,10
data/shared_subset/sbert/pv/Squash_Powdery_mildew_leaf/2dca0657-3a77-4e8e-89ca-9f70650bc80f___UMD_Powd.M 9886_final_masked.jpg,6
data/shared_subset/sbert/pv/Tomato_leaf_late_blight/385e730c-e1f9-4f46-b8b0-42bfa13866d7___RS_Late.B 4965_final_masked.jpg,10
data/shared_subset/sbert/pv/Tomato_leaf_late_blight/14592b7a-517d-4c17-94d1-9c493e8c4ab5___RS_Late.B 6878_final_masked.jpg,10
data/shared_subset/sbert/pv/Bell_pepper_leaf/8a711858-3c85-4e73-a881-2fe3e503326e___JR_HL 8528_final_masked.jpg,2
data/shared_subset/sbert/pv/Bell_pepper_leaf/994996ff-e8dc-4aa4-86e6-bb348e24a9f2___JR_HL 8004_final_masked.jpg,2
data/shared_subset/sbert/pv/Tomato_leaf_bacterial_spot/f47f66f7-19c1-46d2-8dd1-24ad16f0b670___UF.GRC_BS_Lab Leaf 0225_final_masked.jpg,9
data/shared_subset/sbert/pv/Tomato_leaf_mosaic_virus/9155ae3a-ecb2-4744-b60b-60f96f4e3ba8___PSU_CG 2191_final_masked.jpg,11
data/shared_subset/sbert/pv/Tomato_leaf_late_blight/36df35a3-3099-48c0-a9c4-e16c1bcb0573___RS_Late.B 6401_final_masked.jpg,10
data/shared_subset/sbert/pv/Tomato_leaf_late_blight/aa5e6a40-afc1-47e5-80a3-e41fb9e5a40b___GHLB2 Leaf 9085_final_masked.jpg,10
data/shared_subset/sbert/pv/Bell_pepper_leaf/1c41486f-bb0d-4808-b980-9fa4739f2ad3___JR_HL 8459_final_masked.jpg,2
data/shared_subset/sbert/pv/Tomato_leaf_yellow_virus/6c6d960d-50e1-45ca-adb4-fc9b8218b698___UF.GRC_YLCV_Lab 02722_final_masked.jpg,12
data/shared_subset/sbert/pv/Tomato_leaf_yellow_virus/dc2fe7ba-75e9-41de-86bb-b8c3499340a7___UF.GRC_YLCV_Lab 01785_final_masked.jpg,12
data/shared_subset/sbert/pv/Bell_pepper_leaf/ce7d2ea8-c920-4ab0-a59c-807028c3baa6___JR_HL 8128_final_masked.jpg,2
data/shared_subset/sbert/pv/Bell_pepper_leaf_spot/a61f0df0-86c7-47dc-9d44-36918ce63d1a___NREC_B.Spot 1925_final_masked.jpg,3
data/shared_subset/sbert/pv/Tomato_leaf_yellow_virus/0e09d4f6-8101-4913-b543-1df3510793a0___YLCV_GCREC 2618_final_masked.jpg,12
data/shared_subset/sbert/pv/Squash_Powdery_mildew_leaf/f0e34845-44b7-4a1a-85cd-1a2b90438997___UMD_Powd.M 0552_final_masked.jpg,6
data/shared_subset/sbert/pv/Bell_pepper_leaf_spot/28c448aa-4d2c-4a96-baf0-e7ed99ae2495___JR_B.Spot 3385_final_masked.jpg,3
data/shared_subset/sbert/pv/Bell_pepper_leaf/61e598a1-aaef-48ef-b2d3-773619d25b21___JR_HL 7910_final_masked.jpg,2
data/shared_subset/sbert/pv/Tomato_leaf_late_blight/955e9314-b03b-4f51-afdf-9b5f44e2edce___GHLB2 Leaf 9043_final_masked.jpg,10
data/shared_subset/sbert/pv/Bell_pepper_leaf_spot/692729b9-8d2b-49a7-ac16-ce892964d91b___JR_B.Spot 3140_final_masked.jpg,3
data/shared_subset/sbert/pv/Tomato_leaf_bacterial_spot/f1cd9194-f7ea-41c0-bfba-9b9e30c52ec7___GCREC_Bact.Sp 5938_final_masked.jpg,9
data/shared_subset/sbert/pv/Tomato_leaf_bacterial_spot/641aa012-41e5-4e85-bac4-1d81bd67be58___GCREC_Bact.Sp 5665_final_masked.jpg,9
data/shared_subset/sbert/pv/Tomato_leaf_bacterial_spot/86bcf005-a793-4d1f-a767-99548b4c3aa6___GCREC_Bact.Sp 3131_final_masked.jpg,9
data/shared_subset/sbert/pv/Tomato_leaf_late_blight/93c80433-e24f-4b39-9f44-10141243b588___GHLB2 Leaf 8940_final_masked.jpg,10
data/shared_subset/sbert/pv/Tomato_leaf_bacterial_spot/04da1f61-623b-4878-86ed-3ea24723b515___GCREC_Bact.Sp 5700_final_masked.jpg,9
data/shared_subset/sbert/pv/Tomato_leaf_yellow_virus/78182937-b677-4607-b4d2-90bd5c9603bb___UF.GRC_YLCV_Lab 02132_final_masked.jpg,12
data/shared_subset/sbert/pv/Bell_pepper_leaf/d001c6f1-3c5a-470b-b4a2-7996b9c68cd6___JR_HL 7695_final_masked.jpg,2
data/shared_subset/sbert/pv/Tomato_leaf_yellow_virus/8eaba3d6-ecf5-4a13-8e50-cb664a33ab23___UF.GRC_YLCV_Lab 02881_final_masked.jpg,12
data/shared_subset/sbert/pv/Squash_Powdery_mildew_leaf/7b82e781-3853-4e32-a9a4-e456fbe673c1___UMD_Powd.M 0547_final_masked.jpg,6
data/shared_subset/sbert/pv/Apple_rust_leaf/24f68f21-8edb-49df-b0f1-d75ac66631fd___FREC_C.Rust 9937_final_masked.jpg,1
data/shared_subset/sbert/pv/Tomato_leaf_yellow_virus/7a2cb83d-4fcc-47bd-a893-ad284db06267___YLCV_NREC 2816_final_masked.jpg,12
data/shared_subset/sbert/pv/Tomato_leaf_bacterial_spot/77240aeb-e455-4062-907c-43be7bac78b9___GCREC_Bact.Sp 5964_final_masked.jpg,9
data/shared_subset/sbert/pv/Tomato_leaf_mosaic_virus/629e19d4-c6f5-457f-9e17-80a1e77140fe___PSU_CG 2129_final_masked.jpg,11
data/shared_subset/sbert/pv/Tomato_leaf_yellow_virus/e16cb7b4-22f0-4093-88ec-6df9e6767ed9___UF.GRC_YLCV_Lab 01670_final_masked.jpg,12
data/shared_subset/sbert/pv/Tomato_leaf_yellow_virus/e5d3227a-7a15-473a-b398-b98823570d69___UF.GRC_YLCV_Lab 02459_final_masked.jpg,12
data/shared_subset/sbert/pv/Tomato_Septoria_leaf_spot/e26e353d-f3fa-4e2a-912e-8caabba7f900___Matt.S_CG 0744_final_masked.jpg,8
data/shared_subset/sbert/pv/grape_leaf_black_rot/a6ef3e8d-1bd6-4426-9251-cf7985a04f26___FAM_B.Rot 0468_final_masked.jpg,14
data/shared_subset/sbert/pv/Potato_leaf_early_blight/5888d397-4e83-4fac-bcf7-0de778966d36___RS_Early.B 7418_final_masked.jpg,4
data/shared_subset/sbert/pv/Tomato_Septoria_leaf_spot/7d028ea6-331d-42ea-ad79-7a7a0d9149c6___Matt.S_CG 7720_final_masked.jpg,8
data/shared_subset/sbert/pv/Tomato_leaf_late_blight/3e01dcb7-e660-4403-861a-59a44d572565___GHLB Leaf 2 Day 7_final_masked.jpg,10
data/shared_subset/sbert/pv/Bell_pepper_leaf/89af662a-f923-49c8-b99a-9cdfa4a8ba32___JR_HL 7790_final_masked.jpg,2
data/shared_subset/sbert/pv/Tomato_mold_leaf/cc42f7f9-ecbf-4adf-b1df-1307218aac13___Crnl_L.Mold 8710_final_masked.jpg,13
data/shared_subset/sbert/pv/Tomato_leaf_mosaic_virus/d6e833a9-cf89-4d75-a524-7a52356b08de___PSU_CG 2358_final_masked.jpg,11
data/shared_subset/sbert/pv/Tomato_leaf_yellow_virus/2d3a1131-5dde-4d05-ab1a-2a051ea680ef___UF.GRC_YLCV_Lab 08542_final_masked.jpg,12
data/shared_subset/sbert/pv/Tomato_leaf_late_blight/4d6314e5-b280-4872-8eb6-cf4632934ae3___GHLB2 Leaf 81_final_masked.jpg,10
data/shared_subset/sbert/pv/Potato_leaf_early_blight/c630212c-205f-469d-bb8d-9a143f65ab03___RS_Early.B 9000_final_masked.jpg,4
data/shared_subset/sbert/pv/Tomato_leaf_yellow_virus/b2f545ec-79e2-4348-bac0-8850dae6016e___UF.GRC_YLCV_Lab 09564_final_masked.jpg,12
data/shared_subset/sbert/pv/Tomato_Early_blight_leaf/3c5b8470-8596-44bf-baa3-164a03e1c818___RS_Erly.B 9611_final_masked.jpg,7
data/shared_subset/sbert/pv/Tomato_Septoria_leaf_spot/f435fe48-700f-4595-940c-827f9fff5e92___Matt.S_CG 1409_final_masked.jpg,8
data/shared_subset/sbert/pv/Tomato_Early_blight_leaf/3d7f5e7a-3149-4bce-8fc3-f0df073d5a73___RS_Erly.B 7518_final_masked.jpg,7
data/shared_subset/sbert/pv/Tomato_leaf_late_blight/61afbf50-6b68-4c7f-a068-d55f899e7775___RS_Late.B 7162_final_masked.jpg,10
data/shared_subset/sbert/pv/Squash_Powdery_mildew_leaf/0ebcf6bf-283a-45a9-bd60-ec5bc2b5f864___UMD_Powd.M 9986_final_masked.jpg,6
data/shared_subset/sbert/pv/Tomato_mold_leaf/22d04ec1-94b9-4716-a441-ae6c40232131___Crnl_L.Mold 8744_final_masked.jpg,13
data/shared_subset/sbert/pv/Tomato_leaf_yellow_virus/57faea2c-eb21-4af3-95f9-87ccef203c42___UF.GRC_YLCV_Lab 03232_final_masked.jpg,12
data/shared_subset/sbert/pv/Tomato_leaf_late_blight/e242de40-3f89-46e9-b490-d42378965c9f___RS_Late.B 5595_final_masked.jpg,10
data/shared_subset/sbert/pv/Tomato_leaf_yellow_virus/2c2cb9ca-97fd-4897-84d2-e37c6adc2ce2___YLCV_NREC 2832_final_masked.jpg,12
data/shared_subset/sbert/pv/Tomato_Septoria_leaf_spot/b09cc616-1774-4fd0-8d00-c4967daa0e71___JR_Sept.L.S 2698_final_masked.jpg,8
data/shared_subset/sbert/pv/Squash_Powdery_mildew_leaf/de8c8a94-2575-4f87-b736-556b04667719___UMD_Powd.M 0041_final_masked.jpg,6
data/shared_subset/sbert/pv/Tomato_leaf_bacterial_spot/0b37769a-a451-4507-a236-f46348e3a9ac___GCREC_Bact.Sp 3265_final_masked.jpg,9
data/shared_subset/sbert/pv/Squash_Powdery_mildew_leaf/5e157c8b-2c88-40b6-9ea7-6862f4d6e844___UMD_Powd.M 9764_final_masked.jpg,6
data/shared_subset/sbert/pv/Tomato_leaf_yellow_virus/5260fe03-de78-449d-8c3a-82534bba19a8___YLCV_NREC 2348_final_masked.jpg,12
data/shared_subset/sbert/pv/Tomato_leaf_bacterial_spot/43f97b78-04ee-4092-a909-6fd9af60d1a6___GCREC_Bact.Sp 3330_final_masked.jpg,9
data/shared_subset/sbert/pv/Tomato_leaf_yellow_virus/735de814-ec86-4a2e-b523-e5d5542aff2b___YLCV_GCREC 2490_final_masked.jpg,12
data/shared_subset/sbert/pv/Bell_pepper_leaf/ec363e4b-79c9-460a-a6a4-cac25a71d6ba___JR_HL 8478_final_masked.jpg,2
data/shared_subset/sbert/pv/Tomato_Septoria_leaf_spot/48f82056-7e78-4716-b07e-8dc724a19d7b___Matt.S_CG 6714_final_masked.jpg,8
data/shared_subset/sbert/pv/Potato_leaf_late_blight/971ec52d-67e9-4438-80f6-a6aa32fdc946___RS_LB 3048_final_masked.jpg,5
data/shared_subset/sbert/pv/Tomato_leaf_yellow_virus/7af6dbab-86c1-4e8b-bce7-f246c9fb627d___UF.GRC_YLCV_Lab 01850_final_masked.jpg,12
data/shared_subset/sbert/pv/Potato_leaf_late_blight/ede8e8be-6d71-466e-918e-44afa1403e30___RS_LB 5455_final_masked.jpg,5
data/shared_subset/sbert/pv/Bell_pepper_leaf/eed1b6d4-c01c-4b3f-8aba-77ebc730b2f9___JR_HL 7907_final_masked.jpg,2
data/shared_subset/sbert/pv/Tomato_mold_leaf/bf120193-9127-4e56-8031-9b0cded8a75d___Crnl_L.Mold 9004_final_masked.jpg,13
data/shared_subset/sbert/pv/Potato_leaf_early_blight/92a30efc-6b2f-4e17-8688-e477e5d39bd9___RS_Early.B 7343_final_masked.jpg,4
data/shared_subset/sbert/pv/Tomato_Septoria_leaf_spot/b7d15da3-772d-4b97-bdf9-ed480e7f1c71___Matt.S_CG 6441_final_masked.jpg,8
data/shared_subset/sbert/pv/Tomato_leaf_yellow_virus/a47783e5-db99-47e4-8ee2-d2a17308642b___YLCV_GCREC 1954_final_masked.jpg,12
data/shared_subset/sbert/pv/Tomato_leaf_yellow_virus/d5cf00b6-a02b-4d2e-83f2-7663815a79c2___UF.GRC_YLCV_Lab 02343_final_masked.jpg,12
data/shared_subset/sbert/pv/Potato_leaf_early_blight/8ee79bf1-78d0-4c93-b42c-301d54e64f41___RS_Early.B 8388_final_masked.jpg,4
data/shared_subset/sbert/pv/Bell_pepper_leaf/f2833b90-ad7d-4bd8-bb88-9f97d0517c98___JR_HL 8325_final_masked.jpg,2
data/shared_subset/sbert/pv/Apple_Scab_Leaf/40a5e87c-ee32-4d67-9b28-926e94638a1d___FREC_Scab 3251_final_masked.jpg,0
data/shared_subset/sbert/pv/Bell_pepper_leaf/3c9d9b2b-23de-48f6-98cf-cedf3d86359b___JR_HL 7599_final_masked.jpg,2
data/shared_subset/sbert/pv/Bell_pepper_leaf_spot/691dd132-7f59-4494-873c-a9dc69331c60___JR_B.Spot 3390_final_masked.jpg,3
data/shared_subset/sbert/pv/Squash_Powdery_mildew_leaf/be6b94a6-412b-4f56-824c-e86739f7a02f___UMD_Powd.M 9825_final_masked.jpg,6
data/shared_subset/sbert/pv/Tomato_leaf_yellow_virus/45fcccdf-10bc-44f7-a3d0-6e0fb2e29960___UF.GRC_YLCV_Lab 03104_final_masked.jpg,12
data/shared_subset/sbert/pv/Tomato_leaf_bacterial_spot/bc54f201-4a3b-446f-af60-ea26285893c8___UF.GRC_BS_Lab Leaf 8951_final_masked.jpg,9
data/shared_subset/sbert/pv/Tomato_mold_leaf/78cfaa28-9259-4225-8641-5dfaceab2118___Crnl_L.Mold 6690_final_masked.jpg,13
data/shared_subset/sbert/pv/Tomato_leaf_late_blight/57562e67-9700-477f-9a67-a3c0459fe00a___RS_Late.B 6292_final_masked.jpg,10
data/shared_subset/sbert/pv/Tomato_leaf_mosaic_virus/271772e3-6aeb-4d46-9233-ad877d12971f___PSU_CG 2317_final_masked.jpg,11
data/shared_subset/sbert/pv/Bell_pepper_leaf/53b71f64-417e-4fef-85c9-31a60424b6f0___JR_HL 8300_final_masked.jpg,2
data/shared_subset/sbert/pv/Tomato_Septoria_leaf_spot/fcd686b5-7726-4faf-89b5-13ae16e5244f___JR_Sept.L.S 2636_final_masked.jpg,8
data/shared_subset/sbert/pv/Tomato_leaf_bacterial_spot/c92d6418-adbe-430d-9dcd-bf432490abf5___GCREC_Bact.Sp 3233_final_masked.jpg,9
data/shared_subset/sbert/pv/Tomato_leaf_yellow_virus/fd4b2704-71d9-41b5-9574-ee9d3f575769___YLCV_NREC 0096_final_masked.jpg,12
data/shared_subset/sbert/pv/Tomato_leaf_late_blight/e7a25945-e168-4539-8324-7465310c2795___GHLB2 Leaf 8958_final_masked.jpg,10
data/shared_subset/sbert/pv/Apple_Scab_Leaf/d9a98a38-faa1-47dc-9710-28a86f024a29___FREC_Scab 3490_final_masked.jpg,0
data/shared_subset/sbert/pv/Squash_Powdery_mildew_leaf/269f489a-7748-4151-ae5e-7c85626bfc35___UMD_Powd.M 0354_final_masked.jpg,6
data/shared_subset/sbert/pv/Potato_leaf_late_blight/76ee26db-ef55-43b9-9179-6b9ba15dc21a___RS_LB 4058_final_masked.jpg,5
data/shared_subset/sbert/pv/Tomato_leaf_bacterial_spot/ce71eb1e-cf9d-465b-adc2-15eb07c9e687___GCREC_Bact.Sp 3394_final_masked.jpg,9
data/shared_subset/sbert/pv/grape_leaf_black_rot/1fd3808a-4e87-4cc0-8b5a-5e12de26c538___FAM_B.Rot 3253_final_masked.jpg,14
data/shared_subset/sbert/pv/Squash_Powdery_mildew_leaf/f775562c-858d-4550-9deb-c2f9008240d3___MD_Powd.M 0949_final_masked.jpg,6
data/shared_subset/sbert/pv/Squash_Powdery_mildew_leaf/b54bd578-3624-4361-985a-2c4021006dea___MD_Powd.M 0074_final_masked.jpg,6
data/shared_subset/sbert/pv/Tomato_Septoria_leaf_spot/508b4f17-3dca-4062-abdf-e879df2eda55___JR_Sept.L.S 8505_final_masked.jpg,8
data/shared_subset/sbert/pv/Tomato_leaf_yellow_virus/7de5b383-fd9a-4e17-9b9f-36bd3bf523e4___UF.GRC_YLCV_Lab 08451_final_masked.jpg,12
data/shared_subset/sbert/pv/Potato_leaf_late_blight/36fc1631-634b-42d3-a865-cc858557a8a8___RS_LB 4427_final_masked.jpg,5
data/shared_subset/sbert/pv/Tomato_leaf_yellow_virus/78231f4b-f77d-4ef8-84d0-b1a2f2fbfdcf___UF.GRC_YLCV_Lab 09447_final_masked.jpg,12
data/shared_subset/sbert/pv/Tomato_leaf_yellow_virus/67e44e1c-6554-4a77-8565-b174f66c3ff9___UF.GRC_YLCV_Lab 01412_final_masked.jpg,12
data/shared_subset/sbert/pv/Potato_leaf_early_blight/4857420e-b28e-4bb5-aa03-5e333cf27af0___RS_Early.B 6847_final_masked.jpg,4
data/shared_subset/sbert/pv/Potato_leaf_late_blight/be6b5fab-c3de-4d33-b7fc-87bf794d8705___RS_LB 4850_final_masked.jpg,5
data/shared_subset/sbert/pv/Tomato_leaf_mosaic_virus/932959d9-826b-465f-82d7-8b419d2ad040___PSU_CG 2187_final_masked.jpg,11
data/shared_subset/sbert/pv/Tomato_leaf_late_blight/e35dbe92-b70f-40ee-bd8a-a12ae07682a2___GHLB2 Leaf 9109_final_masked.jpg,10
data/shared_subset/sbert/pv/Potato_leaf_early_blight/d9a1cd5f-e2f2-49f7-b5f1-22cf02eb5ba4___RS_Early.B 8891_final_masked.jpg,4
data/shared_subset/sbert/pv/Potato_leaf_late_blight/4f41de6a-c118-4296-a753-963d1427323c___RS_LB 4561_final_masked.jpg,5
data/shared_subset/sbert/pv/grape_leaf_black_rot/6cb9a452-597b-4e9f-8bdc-f48aa398874d___FAM_B.Rot 0678_final_masked.jpg,14
data/shared_subset/sbert/pv/Tomato_Early_blight_leaf/906f1ca6-2923-40c2-a924-5486fc3d7ba0___RS_Erly.B 9444_final_masked.jpg,7
data/shared_subset/sbert/pv/grape_leaf_black_rot/7c70c9f7-6dfe-41b1-a720-bd29c4416427___FAM_B.Rot 0544_final_masked.jpg,14
data/shared_subset/sbert/pv/Apple_Scab_Leaf/8406c2d8-abac-4992-bf23-6728a84d5437___FREC_Scab 3371_final_masked.jpg,0
data/shared_subset/sbert/pv/Tomato_leaf_late_blight/df64e1d3-7700-423e-983e-2b082ff4a36b___GHLB2 Leaf 9099_final_masked.jpg,10
data/shared_subset/sbert/pv/Tomato_leaf_late_blight/aa358a07-3140-4f44-861b-dcd99f943b09___RS_Late.B 5542_final_masked.jpg,10
data/shared_subset/sbert/pv/Tomato_Septoria_leaf_spot/22368f32-693c-4a7f-b235-76f020778d18___Matt.S_CG 6918_final_masked.jpg,8
data/shared_subset/sbert/pv/Tomato_leaf_bacterial_spot/9db76d87-45bd-4843-a9b8-8f10a85a302c___GCREC_Bact.Sp 3714_final_masked.jpg,9
data/shared_subset/sbert/pv/Bell_pepper_leaf/ea4a18b9-2f82-44eb-b5ca-955b3f2bf92d___JR_HL 5958_final_masked.jpg,2
data/shared_subset/sbert/pv/Bell_pepper_leaf_spot/eeb59903-65af-4d9f-9ab9-ec6725aa3a39___JR_B.Spot 3359_final_masked.jpg,3
data/shared_subset/sbert/pv/Tomato_mold_leaf/20e63ca2-e070-422c-9839-9cac224719e5___Crnl_L.Mold 8650_final_masked.jpg,13
data/shared_subset/sbert/pv/Tomato_leaf_yellow_virus/91ae7568-d6d4-4c04-b1f4-5335312f0a77___UF.GRC_YLCV_Lab 02969_final_masked.jpg,12
data/shared_subset/sbert/pv/Tomato_leaf_yellow_virus/c99d2bdf-ec6d-486d-840a-bd90582208b7___YLCV_GCREC 2044_final_masked.jpg,12
data/shared_subset/sbert/pv/Bell_pepper_leaf_spot/01dfb88b-cd5a-420c-b163-51f5fe07b74d___JR_B.Spot 9091_final_masked.jpg,3
data/shared_subset/sbert/pv/Tomato_leaf_yellow_virus/a084d0d8-ee33-4df4-94aa-7e651a0aa6c2___YLCV_GCREC 2771_final_masked.jpg,12
data/shared_subset/sbert/pv/Apple_Scab_Leaf/d42691a9-d8a5-43f9-b9e6-7a2cd5bc8371___FREC_Scab 3224_final_masked.jpg,0
data/shared_subset/sbert/pv/grape_leaf_black_rot/b9583e41-c022-4796-918f-7b481103dc4e___FAM_B.Rot 0532_final_masked.jpg,14
data/shared_subset/sbert/pv/Tomato_leaf_yellow_virus/434bc8d9-5745-40ea-8a77-3ae0e018ac01___UF.GRC_YLCV_Lab 09396_final_masked.jpg,12
data/shared_subset/sbert/pv/Tomato_leaf_yellow_virus/c049a303-b54a-43ff-a90c-7b563d7a1d5e___UF.GRC_YLCV_Lab 03272_final_masked.jpg,12
data/shared_subset/sbert/pv/Tomato_leaf_bacterial_spot/46b49cf8-b3e6-47f2-8bf1-f9cc6f53f958___GCREC_Bact.Sp 3473_final_masked.jpg,9
data/shared_subset/sbert/pv/Tomato_leaf_late_blight/89d2801e-6359-4079-a4c2-0df4718d7800___GHLB_PS Leaf 1 Day 8_final_masked.jpg,10
data/shared_subset/sbert/pv/Tomato_leaf_yellow_virus/1ae01cae-4384-4041-9b1b-806253b3155d___YLCV_NREC 2166_final_masked.jpg,12
data/shared_subset/sbert/pv/Tomato_leaf_bacterial_spot/7007f29f-6c4d-4b83-9bec-6e711d6fa7e0___UF.GRC_BS_Lab Leaf 0722_final_masked.jpg,9
data/shared_subset/sbert/pv/Tomato_leaf_late_blight/74bfd410-bb0e-4cf1-8dfe-466385f6d522___RS_Late.B 5355_final_masked.jpg,10
data/shared_subset/sbert/pv/Potato_leaf_early_blight/8994b76b-6e1e-42d3-b07c-99abca3fa35b___RS_Early.B 7762_final_masked.jpg,4
data/shared_subset/sbert/pv/Bell_pepper_leaf/ab4b562f-c5f1-4c24-826e-5993dbab9400___JR_HL 7780_final_masked.jpg,2
data/shared_subset/sbert/pv/Apple_Scab_Leaf/de6e3dd8-b2b8-4bce-aa4f-83cc514f2007___FREC_Scab 3511_final_masked.jpg,0
data/shared_subset/sbert/pv/grape_leaf_black_rot/40add895-b8e2-42ef-af05-5d13bd5554c6___FAM_B.Rot 3475_final_masked.jpg,14
data/shared_subset/sbert/pv/Bell_pepper_leaf/bb4b37a6-9666-4a7d-ac49-99bb785d2dc0___JR_HL 7566_final_masked.jpg,2
data/shared_subset/sbert/pv/Tomato_Septoria_leaf_spot/7f89a8ce-00bd-4305-9b4a-fe1e7b57fdab___JR_Sept.L.S 2654_final_masked.jpg,8
data/shared_subset/sbert/pv/Tomato_leaf_late_blight/7a72c715-f797-41d0-b8eb-7c02f9cd5086___GHLB Leaf 23.3 Day 12_final_masked.jpg,10
data/shared_subset/sbert/pv/Apple_Scab_Leaf/29ab8216-ec38-4efd-9c77-21068fa899a4___FREC_Scab 3241_final_masked.jpg,0
data/shared_subset/sbert/pv/Tomato_leaf_yellow_virus/68243147-87d2-4a8e-96ba-bf5388d2ea51___YLCV_GCREC 5466_final_masked.jpg,12
data/shared_subset/sbert/pv/Tomato_leaf_late_blight/ac89de10-2de8-40a4-8f6e-f0a37e97cd57___RS_Late.B 5126_final_masked.jpg,10
data/shared_subset/sbert/pv/Tomato_mold_leaf/28fc4b35-8b20-4bd0-8e41-c1ef7093ff33___Crnl_L.Mold 6755_final_masked.jpg,13
data/shared_subset/sbert/pv/Tomato_Septoria_leaf_spot/3e36cafb-f2f4-4c51-9853-85fd7f1eb817___Keller.St_CG 1795_final_masked.jpg,8
data/shared_subset/sbert/pv/Tomato_Early_blight_leaf/cd76ee4d-d516-4189-b40b-12959dc02f91___RS_Erly.B 7798_final_masked.jpg,7
data/shared_subset/sbert/pv/Tomato_leaf_yellow_virus/f74a7680-7b4e-47b2-8eef-e5274847ca9c___YLCV_GCREC 2219_final_masked.jpg,12
data/shared_subset/sbert/pv/Tomato_Septoria_leaf_spot/7acd10ed-a101-4467-856a-f3483493182a___Keller.St_CG 1862_final_masked.jpg,8
data/shared_subset/sbert/pv/Tomato_leaf_yellow_virus/06614c9d-ed87-4269-a987-03ac3cc41a2d___YLCV_NREC 2086_final_masked.jpg,12
data/shared_subset/sbert/pv/Bell_pepper_leaf_spot/376e68b6-818c-4ed5-97d2-ec9b0ac55bff___NREC_B.Spot 9102_final_masked.jpg,3
data/shared_subset/sbert/pv/Tomato_leaf_yellow_virus/c8793694-b2f6-4c33-bfae-c5282eb253fa___UF.GRC_YLCV_Lab 02738_final_masked.jpg,12
data/shared_subset/sbert/pv/Tomato_leaf_yellow_virus/ac076892-7775-413e-af1f-5d18a0c6eb66___UF.GRC_YLCV_Lab 02811_final_masked.jpg,12
data/shared_subset/sbert/pv/Tomato_leaf_bacterial_spot/94b68133-38b9-41e4-bb22-131f28bcba20___GCREC_Bact.Sp 6292_final_masked.jpg,9
data/shared_subset/sbert/pv/Tomato_Septoria_leaf_spot/e2f57a25-e910-45fd-8e1d-e6664ccab3f0___Matt.S_CG 6216_final_masked.jpg,8
data/shared_subset/sbert/pv/Tomato_leaf_yellow_virus/75c55562-e553-48a9-bdb3-a7b003390ac6___UF.GRC_YLCV_Lab 01908_final_masked.jpg,12
data/shared_subset/sbert/pv/Squash_Powdery_mildew_leaf/b2076c52-6692-47bb-9371-3b8718b34bf9___UMD_Powd.M 0327_final_masked.jpg,6
data/shared_subset/sbert/pv/Apple_rust_leaf/915ea730-231d-408d-baea-d2554d47bfa9___FREC_C.Rust 9809_final_masked.jpg,1
data/shared_subset/sbert/pv/Tomato_leaf_yellow_virus/7a43c5f0-96e9-4faa-bb02-3e5e85f26a53___UF.GRC_YLCV_Lab 03329_final_masked.jpg,12
data/shared_subset/sbert/pv/Tomato_leaf_yellow_virus/45905c3d-0614-4ae5-ae8e-7d0f3589bea6___YLCV_GCREC 2199_final_masked.jpg,12
data/shared_subset/sbert/pv/Squash_Powdery_mildew_leaf/a03bc471-438b-4f57-a1a3-1d07d88810fa___UMD_Powd.M 0151_final_masked.jpg,6
data/shared_subset/sbert/pv/Squash_Powdery_mildew_leaf/aae55ff0-a9ec-4626-a9d3-5b26e3d270c0___MD_Powd.M 0632_final_masked.jpg,6
data/shared_subset/sbert/pv/Potato_leaf_late_blight/a8f16f61-a090-4b29-9569-5e7d0e17fda5___RS_LB 4460_final_masked.jpg,5
data/shared_subset/sbert/pv/Tomato_leaf_yellow_virus/d7b8486a-ca45-46e0-9087-8d10804ac55b___UF.GRC_YLCV_Lab 09425_final_masked.jpg,12
data/shared_subset/sbert/pv/Tomato_mold_leaf/c6583f61-77e9-4417-aed3-44198e567580___Crnl_L.Mold 8947_final_masked.jpg,13
data/shared_subset/sbert/pv/grape_leaf_black_rot/83b866ce-0785-4312-8e43-1ae8aa59d3bd___FAM_B.Rot 3518_final_masked.jpg,14
data/shared_subset/sbert/pv/Potato_leaf_late_blight/f68e448a-c2f5-4638-a7cb-45e73083ae4a___RS_LB 3892_final_masked.jpg,5
data/shared_subset/sbert/pv/Tomato_leaf_yellow_virus/5b1b29b2-c660-4929-a442-b263df503d48___YLCV_NREC 2278_final_masked.jpg,12
data/shared_subset/sbert/pv/Potato_leaf_early_blight/216a1a08-c4be-4fa9-b880-c260909e1dbc___RS_Early.B 6881_final_masked.jpg,4
data/shared_subset/sbert/pv/Tomato_mold_leaf/4721ba47-ec00-4557-bca6-ba454ddcb9a9___Crnl_L.Mold 6722_final_masked.jpg,13
data/shared_subset/sbert/pv/Tomato_leaf_yellow_virus/ac5c779e-f33c-4389-8ac7-1ffb4a65a5c2___YLCV_GCREC 2479_final_masked.jpg,12
data/shared_subset/sbert/pv/Tomato_leaf_yellow_virus/23eca9f5-ce5b-4828-8caa-854fe506390b___YLCV_GCREC 2491_final_masked.jpg,12
data/shared_subset/sbert/pv/Tomato_leaf_yellow_virus/b7048895-f27a-431a-9ffd-6a4b81132cbf___YLCV_GCREC 2346_final_masked.jpg,12
data/shared_subset/sbert/pv/Tomato_leaf_yellow_virus/f41851ed-6a9b-432f-8974-8a1f1f1a9b33___UF.GRC_YLCV_Lab 03263_final_masked.jpg,12
data/shared_subset/sbert/pv/Squash_Powdery_mildew_leaf/65571232-9fa3-4003-afae-2faba13ba3b3___UMD_Powd.M 0673_final_masked.jpg,6
data/shared_subset/sbert/pv/Bell_pepper_leaf/b57eb9c4-59e7-4fc7-88e4-c9827304d118___JR_HL 8802_final_masked.jpg,2
data/shared_subset/sbert/pv/Tomato_Early_blight_leaf/e5266d06-0ba7-49c6-9bc6-c8351b56fc88___RS_Erly.B 8294_final_masked.jpg,7
data/shared_subset/sbert/pv/Tomato_leaf_mosaic_virus/f7100402-ba19-464b-8952-fcfe92a706c0___PSU_CG 2132_final_masked.jpg,11
data/shared_subset/sbert/pv/grape_leaf_black_rot/637315db-ce84-425a-b2d3-4284e8a8e3c5___FAM_B.Rot 0347_final_masked.jpg,14
data/shared_subset/sbert/pv/Tomato_Early_blight_leaf/22247648-1650-43d5-8a9b-e03f63cf2f1c___RS_Erly.B 7535_final_masked.jpg,7
data/shared_subset/sbert/pv/Tomato_leaf_late_blight/50ee2f48-e5f7-4eda-8bc9-9d501fedbe8f___RS_Late.B 4933_final_masked.jpg,10
data/shared_subset/sbert/pv/grape_leaf_black_rot/2c0b3cf6-d64c-410a-b640-f84cd88d8f28___FAM_B.Rot 3548_final_masked.jpg,14
data/shared_subset/sbert/pv/Tomato_leaf_yellow_virus/0172fce9-ee7c-4bb8-9a46-7fc0050438b5___UF.GRC_YLCV_Lab 03161_final_masked.jpg,12
data/shared_subset/sbert/pv/Tomato_leaf_mosaic_virus/2f8c596f-15d8-4524-b527-8617329c1819___PSU_CG 2146_final_masked.jpg,11
data/shared_subset/sbert/pv/grape_leaf_black_rot/1987f6fe-4090-4186-b0fd-2c86eb01a38c___FAM_B.Rot 3260_final_masked.jpg,14
data/shared_subset/sbert/pv/Tomato_leaf_yellow_virus/599329fe-867f-402a-8d37-a0c351fc2d03___YLCV_GCREC 2822_final_masked.jpg,12
data/shared_subset/sbert/pv/Tomato_Septoria_leaf_spot/d37daba6-3681-4b5f-961f-07bef457325f___Matt.S_CG 7522_final_masked.jpg,8
data/shared_subset/sbert/pv/Tomato_Septoria_leaf_spot/53f04b6f-afa0-44ca-906b-477462819a65___JR_Sept.L.S 8546_final_masked.jpg,8
data/shared_subset/sbert/pv/Tomato_leaf_late_blight/f9bae5e8-64d9-4a34-9269-b4d97d095b47___RS_Late.B 4861_final_masked.jpg,10
data/shared_subset/sbert/pv/Tomato_leaf_yellow_virus/637a2753-5ae0-421c-aa78-e864fbde29fb___UF.GRC_YLCV_Lab 02014_final_masked.jpg,12
data/shared_subset/sbert/pv/Potato_leaf_early_blight/8493b49f-1b73-4d5c-b6f9-ae9a41091643___RS_Early.B 6720_final_masked.jpg,4
data/shared_subset/sbert/pv/Tomato_Septoria_leaf_spot/ce1dd162-881b-4097-89b4-eccee085fbfa___Matt.S_CG 0732_final_masked.jpg,8
data/shared_subset/sbert/pv/Tomato_leaf_yellow_virus/fbe9e984-e1fc-4c4c-b130-a1ef45d69868___YLCV_NREC 2439_final_masked.jpg,12
data/shared_subset/sbert/pv/Squash_Powdery_mildew_leaf/c556ad9e-d84f-4d18-a4c8-681acb283999___UMD_Powd.M 0038_final_masked.jpg,6
data/shared_subset/sbert/pv/Apple_Scab_Leaf/f0b1c450-fdbd-402f-9309-e7d5d06bc0e7___FREC_Scab 3210_final_masked.jpg,0
data/shared_subset/sbert/pv/Tomato_leaf_yellow_virus/63e007cc-d129-4201-99ce-341c54271b98___YLCV_NREC 0287_final_masked.jpg,12
data/shared_subset/sbert/pv/Potato_leaf_early_blight/f9580dc3-d5d9-4990-a64d-3974a9d1c687___RS_Early.B 8755_final_masked.jpg,4
data/shared_subset/sbert/pv/Tomato_leaf_bacterial_spot/3ce6b91a-b40d-4703-95ba-175ea70ddc27___GCREC_Bact.Sp 5667_final_masked.jpg,9
data/shared_subset/sbert/pv/Potato_leaf_late_blight/c6ecc36c-1886-4d2d-89aa-0e9e9dc7ba32___RS_LB 4997_final_masked.jpg,5
data/shared_subset/sbert/pv/Squash_Powdery_mildew_leaf/9ddcc364-0681-4b76-b61b-b1f4399fd049___MD_Powd.M 0915_final_masked.jpg,6
data/shared_subset/sbert/pv/Tomato_leaf_late_blight/a87b8e0c-2279-4cf7-85a4-0fba63130902___RS_Late.B 5323_final_masked.jpg,10
data/shared_subset/sbert/pv/Tomato_leaf_bacterial_spot/a4106180-8662-4e07-b7dd-3a80c7fd08dd___GCREC_Bact.Sp 6230_final_masked.jpg,9
data/shared_subset/sbert/pv/Bell_pepper_leaf_spot/c4f483a6-1b89-4158-9782-e77c649e5a65___JR_B.Spot 3367_final_masked.jpg,3
data/shared_subset/sbert/pv/Squash_Powdery_mildew_leaf/8304d13b-a612-4267-8ec5-3603d879d99a___UMD_Powd.M 9660_final_masked.jpg,6
data/shared_subset/sbert/pv/Apple_rust_leaf/2770fd33-4612-4c09-80a7-dbac2ec8ff82___FREC_C.Rust 4049_final_masked.jpg,1
data/shared_subset/sbert/pv/Tomato_leaf_bacterial_spot/06ac210d-bdb1-4224-9053-c218cb14fa60___GCREC_Bact.Sp 3220_final_masked.jpg,9
data/shared_subset/sbert/pv/Bell_pepper_leaf_spot/09035eae-2a1c-4718-8877-5270a1fe8462___JR_B.Spot 3280_final_masked.jpg,3
data/shared_subset/sbert/pv/Bell_pepper_leaf/90c55e48-17d8-48fd-bf59-2ef16bf624a4___JR_HL 8453_final_masked.jpg,2
data/shared_subset/sbert/pv/Bell_pepper_leaf/8de81983-7026-47e2-a972-854af986bfc0___JR_HL 5879_final_masked.jpg,2
data/shared_subset/sbert/pv/Tomato_leaf_late_blight/8c7b818d-de11-4989-8991-48e4234e2ab4___GHLB2 Leaf 116.2_final_masked.jpg,10
data/shared_subset/sbert/pv/Tomato_leaf_yellow_virus/450f4e21-c1c0-48a2-aa7c-dd8109d652ba___YLCV_GCREC 2514_final_masked.jpg,12
data/shared_subset/sbert/pv/Tomato_leaf_yellow_virus/d1ec860b-4a36-48eb-b69c-fc09375c9848___YLCV_GCREC 2232_final_masked.jpg,12
data/shared_subset/sbert/pv/Tomato_leaf_bacterial_spot/8d4ca679-c45e-4d6a-934c-2dc64684c53e___GCREC_Bact.Sp 3774_final_masked.jpg,9
data/shared_subset/sbert/pv/grape_leaf_black_rot/0093ee81-2439-414c-bfb5-a5b6cd6aea72___FAM_B.Rot 3429_final_masked.jpg,14
data/shared_subset/sbert/pv/grape_leaf_black_rot/cfc3910b-fa97-46b3-9561-011ee6d1b164___FAM_B.Rot 0558_final_masked.jpg,14
data/shared_subset/sbert/pv/Apple_Scab_Leaf/be23de1a-2db8-4d7f-8b5f-cee56829d49c___FREC_Scab 2991_final_masked.jpg,0
data/shared_subset/sbert/pv/grape_leaf_black_rot/0434878b-1f52-496a-87c6-58647824ee2d___FAM_B.Rot 5035_final_masked.jpg,14
data/shared_subset/sbert/pv/Tomato_leaf_bacterial_spot/e2f66625-6241-4cd5-8302-c76cdd2e463c___GCREC_Bact.Sp 3761_final_masked.jpg,9
data/shared_subset/sbert/pv/Tomato_leaf_bacterial_spot/efd6193d-7d5b-4207-999d-2aeb08cd64e2___GCREC_Bact.Sp 5739_final_masked.jpg,9
data/shared_subset/sbert/pv/Potato_leaf_early_blight/853f6d7a-836c-4829-ba2c-2eeada2089cc___RS_Early.B 7208_final_masked.jpg,4
data/shared_subset/sbert/pv/Squash_Powdery_mildew_leaf/c5455cd1-9c8a-4051-aca1-ed1f1f784bea___UMD_Powd.M 0226_final_masked.jpg,6
data/shared_subset/sbert/pv/Tomato_leaf_late_blight/8243854c-24f1-49e5-b568-819ae3867a8c___RS_Late.B 7143_final_masked.jpg,10
data/shared_subset/sbert/pv/Tomato_Early_blight_leaf/b037f266-a24e-4f2c-9115-cf2eadd17293___RS_Erly.B 8214_final_masked.jpg,7
data/shared_subset/sbert/pv/Squash_Powdery_mildew_leaf/3670698a-c8fc-494f-b771-886f28724711___MD_Powd.M 0885_final_masked.jpg,6
data/shared_subset/sbert/pv/Tomato_leaf_bacterial_spot/face0e7f-6173-456e-9ee5-973aedb41c3b___GCREC_Bact.Sp 3493_final_masked.jpg,9
data/shared_subset/sbert/pv/Tomato_leaf_yellow_virus/e6205580-80a5-45db-85d0-a7da5ad62724___UF.GRC_YLCV_Lab 08531_final_masked.jpg,12
data/shared_subset/sbert/pv/Apple_Scab_Leaf/376aaef3-8649-43aa-89f8-166bd349a3d3___FREC_Scab 3064_final_masked.jpg,0
data/shared_subset/sbert/pv/Tomato_leaf_bacterial_spot/9e6a8241-00d3-474b-a664-1f67015d5187___UF.GRC_BS_Lab Leaf 0309_final_masked.jpg,9
data/shared_subset/sbert/pv/grape_leaf_black_rot/fae1aeea-8bd7-4d59-97cb-3a7dd324e550___FAM_B.Rot 3554_final_masked.jpg,14
data/shared_subset/sbert/pv/Bell_pepper_leaf_spot/c6fce723-0700-4184-9444-b570dd4263f5___NREC_B.Spot 1837_final_masked.jpg,3
data/shared_subset/sbert/pv/Bell_pepper_leaf_spot/1f3b1b11-4934-4c0b-b054-8f8a977b488c___JR_B.Spot 3373_final_masked.jpg,3
data/shared_subset/sbert/pv/Tomato_Septoria_leaf_spot/76b83f30-d02f-4f03-b851-1af093f49bf4___Matt.S_CG 7540_final_masked.jpg,8
data/shared_subset/sbert/pv/grape_leaf_black_rot/b9398504-6e6b-4cc3-8d7c-8b66e90192f0___FAM_B.Rot 0568_final_masked.jpg,14
data/shared_subset/sbert/pv/Tomato_leaf_yellow_virus/2f2e9799-071b-4519-bb86-19e537330cbb___UF.GRC_YLCV_Lab 03323_final_masked.jpg,12
data/shared_subset/sbert/pv/Potato_leaf_early_blight/d825093a-2bd7-458d-a9a1-036db6c08dec___RS_Early.B 9018_final_masked.jpg,4
data/shared_subset/sbert/pv/Squash_Powdery_mildew_leaf/4a8642bb-3357-4aac-a1e6-b7afd8096182___MD_Powd.M 0111_final_masked.jpg,6
data/shared_subset/sbert/pv/Bell_pepper_leaf/9b9bf01f-e632-4bc9-a903-ba708b15d876___JR_HL 7617_final_masked.jpg,2
data/shared_subset/sbert/pv/Tomato_leaf_late_blight/e22dc874-f57d-4b17-bc6d-7d35bdbadc35___GHLB2 Leaf 8663_final_masked.jpg,10
data/shared_subset/sbert/pv/Tomato_leaf_yellow_virus/2b9d4237-aa71-40c1-8bec-b3d3d20f3231___UF.GRC_YLCV_Lab 02677_final_masked.jpg,12
data/shared_subset/sbert/pv/Tomato_leaf_bacterial_spot/5b65716f-ed7d-42cc-b9b6-c7712782f366___UF.GRC_BS_Lab Leaf 9230_final_masked.jpg,9
data/shared_subset/sbert/pv/Apple_rust_leaf/3dcf5bf7-744a-439e-881b-10f73fd83616___FREC_C.Rust 3642_final_masked.jpg,1
data/shared_subset/sbert/pv/Tomato_leaf_yellow_virus/6a549642-be42-43e7-920d-138d2f6d61b8___UF.GRC_YLCV_Lab 01325_final_masked.jpg,12
data/shared_subset/sbert/pv/Apple_Scab_Leaf/85aad925-f1e2-463e-840b-266d49a56d1f___FREC_Scab 3100_final_masked.jpg,0
data/shared_subset/sbert/pv/Tomato_leaf_late_blight/ee963b20-1464-49b5-a390-790b05e8daa1___RS_Late.B 5487_final_masked.jpg,10
data/shared_subset/sbert/pv/Tomato_mold_leaf/53a46a74-0eb9-43e4-9480-1540475cf419___Crnl_L.Mold 8892_final_masked.jpg,13
data/shared_subset/sbert/pv/Bell_pepper_leaf/07eda9a1-8f8a-471b-b3c6-9093c3d6ca90___JR_HL 8177_final_masked.jpg,2
data/shared_subset/sbert/pv/Potato_leaf_early_blight/2771e005-3cb4-4e12-8868-80adca5ce02a___RS_Early.B 8640_final_masked.jpg,4
data/shared_subset/sbert/pv/Tomato_Septoria_leaf_spot/7d807e8c-9e18-40e3-bc9b-599987279985___Matt.S_CG 1510_final_masked.jpg,8
data/shared_subset/sbert/pv/Tomato_leaf_yellow_virus/0b3778d6-b81e-43eb-9512-7e9067a9ca8f___UF.GRC_YLCV_Lab 08551_final_masked.jpg,12
data/shared_subset/sbert/pv/Tomato_leaf_yellow_virus/e0d596b7-0d68-4ae4-ac67-f7f17f1081a4___UF.GRC_YLCV_Lab 02757_final_masked.jpg,12
data/shared_subset/sbert/pv/Bell_pepper_leaf_spot/d22776e6-5234-4c6b-a196-a04b281c3808___JR_B.Spot 3351_final_masked.jpg,3
data/shared_subset/sbert/pv/grape_leaf_black_rot/4d7a3011-3007-4854-8d1a-12bb807073db___FAM_B.Rot 3283_final_masked.jpg,14
data/shared_subset/sbert/pv/Potato_leaf_early_blight/1e99ce6b-b7fa-4ae1-9076-279f430b8c5f___RS_Early.B 7092_final_masked.jpg,4
data/shared_subset/sbert/pv/Tomato_leaf_yellow_virus/2ce17a45-ec48-489b-95ee-a84fe6cac8b6___YLCV_NREC 0262_final_masked.jpg,12
data/shared_subset/sbert/pv/Bell_pepper_leaf/a9a683f3-e87f-4cd9-8930-65a8c13b519b___JR_HL 7889_final_masked.jpg,2
data/shared_subset/sbert/pv/Apple_Scab_Leaf/ef359032-085f-44ba-a63d-493a1724eca4___FREC_Scab 3202_final_masked.jpg,0
data/shared_subset/sbert/pv/Tomato_leaf_yellow_virus/c6ff8919-b09c-4f08-b762-90773c971e78___UF.GRC_YLCV_Lab 02851_final_masked.jpg,12
data/shared_subset/sbert/pv/Tomato_leaf_mosaic_virus/c16ac093-9b9b-4c37-b669-aa68f3cd55cf___PSU_CG 2270_final_masked.jpg,11
data/shared_subset/sbert/pv/Tomato_leaf_late_blight/eed357a4-620c-42ef-b626-cb3b5026abca___GHLB2 Leaf 8970_final_masked.jpg,10
data/shared_subset/sbert/pv/Tomato_leaf_yellow_virus/cba33653-12e7-4aa8-b941-a247437250a8___UF.GRC_YLCV_Lab 01857_final_masked.jpg,12
data/shared_subset/sbert/pv/Bell_pepper_leaf/30017b31-dbab-47e3-9c73-78864b785972___JR_HL 5905_final_masked.jpg,2
data/shared_subset/sbert/pv/Tomato_mold_leaf/82fc0697-cf02-48f0-8a16-23018cee64db___Crnl_L.Mold 6584_final_masked.jpg,13
data/shared_subset/sbert/pv/grape_leaf_black_rot/7b2ca8d1-8192-4009-920d-06b5ec7378c0___FAM_B.Rot 3266_final_masked.jpg,14
data/shared_subset/sbert/pv/Tomato_leaf_bacterial_spot/2dd3b6ae-0ddc-4319-8c69-c10adadd038d___GCREC_Bact.Sp 5958_final_masked.jpg,9
data/shared_subset/sbert/pv/Tomato_leaf_bacterial_spot/e33fbdfb-6511-47b7-9dc2-afa294f3ba0e___UF.GRC_BS_Lab Leaf 1045_final_masked.jpg,9
data/shared_subset/sbert/pv/Potato_leaf_late_blight/93905331-a3b3-43dd-8596-d8f7e6b3e88f___RS_LB 3306_final_masked.jpg,5
data/shared_subset/sbert/pv/Bell_pepper_leaf/1b574484-60cd-4ae4-83ed-511a5ae07ea8___JR_HL 7849_final_masked.jpg,2
data/shared_subset/sbert/pv/Tomato_leaf_yellow_virus/a61190c3-8449-451a-a0ed-0b9963dfc53b___UF.GRC_YLCV_Lab 02372_final_masked.jpg,12
data/shared_subset/sbert/pv/Squash_Powdery_mildew_leaf/9205f3b3-69be-4c5d-ab86-91a1cde505f8___MD_Powd.M 9975_final_masked.jpg,6
data/shared_subset/sbert/pv/Tomato_Early_blight_leaf/0d5f65a3-b32f-4565-b63a-c6da73c1322b___RS_Erly.B 8310_final_masked.jpg,7
data/shared_subset/sbert/pv/Tomato_Septoria_leaf_spot/8ea5ab78-1e1f-4f6b-97b0-84550af26040___Keller.St_CG 2039_final_masked.jpg,8
data/shared_subset/sbert/pv/Tomato_leaf_yellow_virus/87fd49d2-d1b0-4e33-9443-1de82d2c19a1___YLCV_GCREC 2620_final_masked.jpg,12
data/shared_subset/sbert/pv/Tomato_leaf_yellow_virus/6d8ac946-606e-4ded-9056-42497e456e8e___YLCV_GCREC 2331_final_masked.jpg,12
data/shared_subset/sbert/pv/Tomato_leaf_yellow_virus/5f2cfdd5-f41d-47b4-99ea-520a20c2e9b6___UF.GRC_YLCV_Lab 01491_final_masked.jpg,12
data/shared_subset/sbert/pv/Squash_Powdery_mildew_leaf/db15e6eb-1d14-42f7-84e0-80f73bb28f61___UMD_Powd.M 9756_final_masked.jpg,6
data/shared_subset/sbert/pv/Potato_leaf_early_blight/a50c5f93-a5db-4eaf-9d82-2e420d2351e7___RS_Early.B 7060_final_masked.jpg,4
data/shared_subset/sbert/pv/Tomato_Early_blight_leaf/0f7a2408-9c26-4ff9-bee5-2bfcd91a11f7___RS_Erly.B 9440_final_masked.jpg,7
data/shared_subset/sbert/pv/Potato_leaf_late_blight/35c3e2fe-7b97-4137-adc6-aada45306425___RS_LB 4123_final_masked.jpg,5
data/shared_subset/sbert/pv/Squash_Powdery_mildew_leaf/3ca0c262-dc11-4473-bc4c-51dd69b0bd11___MD_Powd.M 1037_final_masked.jpg,6
data/shared_subset/sbert/pv/Tomato_Septoria_leaf_spot/f3a103ef-7626-4a60-9f36-c32077ccab24___Keller.St_CG 1974_final_masked.jpg,8
data/shared_subset/sbert/pv/Tomato_leaf_yellow_virus/fa16f530-1e23-4a86-acb1-1ff53dd49e37___UF.GRC_YLCV_Lab 02499_final_masked.jpg,12
data/shared_subset/sbert/pv/Tomato_leaf_late_blight/77e0bc13-fdcb-4fff-a3e9-17b5d88224a4___GHLB2 Leaf 59_final_masked.jpg,10
data/shared_subset/sbert/pv/Tomato_leaf_yellow_virus/ee98a8a9-cd0d-4b81-87e5-cc0fefc88739___YLCV_NREC 2061_final_masked.jpg,12
data/shared_subset/sbert/pv/Potato_leaf_late_blight/265e32dc-44f3-40f8-8c5d-8bc223dd0f52___RS_LB 4859_final_masked.jpg,5
data/shared_subset/sbert/pv/Tomato_leaf_bacterial_spot/5bba3a68-37a6-4378-b3d6-e10cb9ede01e___GCREC_Bact.Sp 6226_final_masked.jpg,9
data/shared_subset/sbert/pv/Bell_pepper_leaf/6b0af08c-3f98-4077-94ab-5a35527fbf08___JR_HL 7589_final_masked.jpg,2
data/shared_subset/sbert/pv/Tomato_leaf_mosaic_virus/5ecb9930-250d-4fac-9547-e3b5142eec46___PSU_CG 2164_final_masked.jpg,11
data/shared_subset/sbert/pv/Bell_pepper_leaf/2f2aa4d8-cb43-4745-8cac-7560829ba950___JR_HL 8020_final_masked.jpg,2
data/shared_subset/sbert/pv/Tomato_Early_blight_leaf/f8babb7d-af2d-495c-9d99-cf215c8c67af___RS_Erly.B 9462_final_masked.jpg,7
data/shared_subset/sbert/pv/Tomato_leaf_yellow_virus/d77c3775-6dbf-4ad7-a04d-9acc067a7914___YLCV_GCREC 2205_final_masked.jpg,12
data/shared_subset/sbert/pv/Tomato_leaf_bacterial_spot/431d6abc-9adb-4454-a3c6-e6b6a3ec79db___GCREC_Bact.Sp 6045_final_masked.jpg,9
data/shared_subset/sbert/pv/Bell_pepper_leaf/f8fa9424-843e-4639-9b06-c8da74a4d52b___JR_HL 8425_final_masked.jpg,2
data/shared_subset/sbert/pv/Tomato_leaf_late_blight/e3c902d2-2086-4025-9a8a-de26b1682cb2___RS_Late.B 5186_final_masked.jpg,10
data/shared_subset/sbert/pv/Tomato_leaf_yellow_virus/e9a5328a-1144-4aaa-aab7-152ce75ce257___UF.GRC_YLCV_Lab 08431_final_masked.jpg,12
data/shared_subset/sbert/pv/Bell_pepper_leaf/fb02614c-dcbd-4e7d-9ec6-ab3c5bf267ad___JR_HL 7626_final_masked.jpg,2
data/shared_subset/sbert/pv/Bell_pepper_leaf/d0b2d824-78a1-4ddc-985e-f8d2077955d3___JR_HL 7785_final_masked.jpg,2
data/shared_subset/sbert/pv/Tomato_leaf_yellow_virus/915bab07-9a79-4144-9e60-4e65d44c4294___YLCV_NREC 2783_final_masked.jpg,12
data/shared_subset/sbert/pv/Tomato_Septoria_leaf_spot/1b6fd6e2-8917-473f-9c8c-b14f639e13a9___JR_Sept.L.S 2709_final_masked.jpg,8
data/shared_subset/sbert/pv/Apple_rust_leaf/5d85daec-3dd3-4c35-aceb-2a9cf0eb87ad___FREC_C.Rust 3710_final_masked.jpg,1
data/shared_subset/sbert/pv/Tomato_mold_leaf/cb1f6b09-d542-4b9d-8b06-9e0f2a8965c8___Crnl_L.Mold 7079_final_masked.jpg,13
data/shared_subset/sbert/pv/Tomato_leaf_yellow_virus/06a74cfa-c8c8-4944-ac54-37cef1b97e17___YLCV_GCREC 1996_final_masked.jpg,12
data/shared_subset/sbert/pv/Tomato_Septoria_leaf_spot/13d82f96-ac84-4176-abf9-f1fbaac4aabd___Matt.S_CG 0989_final_masked.jpg,8
data/shared_subset/sbert/pv/Tomato_leaf_late_blight/6560f944-521b-4ed7-981d-39c66953e598___GHLB2 Leaf 8850_final_masked.jpg,10
data/shared_subset/sbert/pv/Squash_Powdery_mildew_leaf/993d57b7-85b0-4296-8134-da0773a36a20___MD_Powd.M 0394_final_masked.jpg,6
data/shared_subset/sbert/pv/Potato_leaf_early_blight/6b8024be-e45f-459f-9817-8d6fb0dda89a___RS_Early.B 6904_final_masked.jpg,4
data/shared_subset/sbert/pv/Bell_pepper_leaf_spot/14fa67ae-6059-40e9-9eca-2c5000c1d9cd___NREC_B.Spot 9225_final_masked.jpg,3
data/shared_subset/sbert/pv/Tomato_leaf_yellow_virus/9361bd7c-6cda-4fc6-a07e-f9d3e0ac815b___UF.GRC_YLCV_Lab 01827_final_masked.jpg,12
data/shared_subset/sbert/pv/Tomato_leaf_bacterial_spot/b9d57ea9-6651-4a64-a6ec-6551ac190d5c___GCREC_Bact.Sp 3078_final_masked.jpg,9
data/shared_subset/sbert/pv/Apple_Scab_Leaf/b10dceaa-a764-46b4-bd61-bc9fb13579ca___FREC_Scab 3141_final_masked.jpg,0
data/shared_subset/sbert/pv/Potato_leaf_early_blight/3a8429cf-f8a7-4f64-a435-ec4f1ad692c7___RS_Early.B 8990_final_masked.jpg,4
data/shared_subset/sbert/pv/Tomato_leaf_late_blight/33e05db1-0a59-49f4-b4e3-52b52ca31a14___GHLB2 Leaf 155.1_final_masked.jpg,10
data/shared_subset/sbert/pv/Tomato_leaf_yellow_virus/013864a9-fc42-4357-8bfe-0d638ce2fc7f___YLCV_GCREC 2023_final_masked.jpg,12
data/shared_subset/sbert/pv/Potato_leaf_early_blight/a1dd3cdf-0ff5-49f6-b66e-9b3632a07019___RS_Early.B 7833_final_masked.jpg,4
data/shared_subset/sbert/pv/Potato_leaf_early_blight/8c3d0f9e-3a77-4ec2-a9ad-d996caa2c562___RS_Early.B 6887_final_masked.jpg,4
data/shared_subset/sbert/pv/Potato_leaf_early_blight/1defd277-6394-4049-895d-470f1e27e189___RS_Early.B 8931_final_masked.jpg,4
data/shared_subset/sbert/pv/Tomato_leaf_late_blight/8fa3a59d-3e37-4b30-bdf7-35979c324626___RS_Late.B 4907_final_masked.jpg,10
data/shared_subset/sbert/pv/Squash_Powdery_mildew_leaf/76aac31f-f6ae-4d1b-b232-aef8f051ead4___UMD_Powd.M 9885_final_masked.jpg,6
data/shared_subset/sbert/pv/grape_leaf_black_rot/38c1021c-5941-4106-88f0-973de55bfe59___FAM_B.Rot 3367_final_masked.jpg,14
data/shared_subset/sbert/pv/Tomato_Septoria_leaf_spot/a3fa1904-fa88-407e-982c-b26e64d457db___Matt.S_CG 7420_final_masked.jpg,8
data/shared_subset/sbert/pv/Bell_pepper_leaf/8a5290cd-4306-4c63-bdd6-3249f7b4c38d___JR_HL 7834_final_masked.jpg,2
data/shared_subset/sbert/pv/Apple_Scab_Leaf/2d4c8a12-a34c-4c8b-b357-271d87532ece___FREC_Scab 3090_final_masked.jpg,0
data/shared_subset/sbert/pv/Tomato_Septoria_leaf_spot/f52594e8-944c-4c02-8bd3-47f98a1cf375___Matt.S_CG 1607_final_masked.jpg,8
data/shared_subset/sbert/pv/Tomato_leaf_yellow_virus/e42037f8-8756-42c3-b477-0416a672a5d2___UF.GRC_YLCV_Lab 02908_final_masked.jpg,12
data/shared_subset/sbert/pv/Tomato_leaf_yellow_virus/6d4ab2e3-38c1-43ae-9946-2a7a0dac15ec___UF.GRC_YLCV_Lab 02928_final_masked.jpg,12
data/shared_subset/sbert/pv/grape_leaf_black_rot/04e6bfe5-ccc3-4888-87bb-780035a243e1___FAM_B.Rot 0577_final_masked.jpg,14
data/shared_subset/sbert/pv/Bell_pepper_leaf_spot/b766708d-5d33-4034-afc8-fbf9ffece733___JR_B.Spot 9037_final_masked.jpg,3
data/shared_subset/sbert/pv/Tomato_Early_blight_leaf/987851e7-b309-4b26-94bc-628374aee931___RS_Erly.B 7530_final_masked.jpg,7
data/shared_subset/sbert/pv/Tomato_leaf_late_blight/09d2deda-7403-489f-b723-5ae5e00e2311___GHLB2 Leaf 8756_final_masked.jpg,10
data/shared_subset/sbert/pv/Squash_Powdery_mildew_leaf/f1ff82a8-d397-4ce2-b961-cbecc68ed3f8___MD_Powd.M 9916_final_masked.jpg,6
data/shared_subset/sbert/pv/grape_leaf_black_rot/1f9c1d18-b444-4f1f-befb-483955c9ff9d___FAM_B.Rot 0572_final_masked.jpg,14
data/shared_subset/sbert/pv/Potato_leaf_early_blight/cb5241ed-1a40-488a-9236-64ed07e6ebbf___RS_Early.B 6712_final_masked.jpg,4
data/shared_subset/sbert/pv/Tomato_leaf_bacterial_spot/0f80595f-b712-4028-b7db-7627322ce019___GCREC_Bact.Sp 5712_final_masked.jpg,9
data/shared_subset/sbert/pv/Potato_leaf_early_blight/f12d7916-b4f0-46f7-91bd-8dc097743149___RS_Early.B 8963_final_masked.jpg,4
data/shared_subset/sbert/pv/Potato_leaf_late_blight/7ce28b45-467c-4962-a030-f621b4bc76a8___RS_LB 2644_final_masked.jpg,5
data/shared_subset/sbert/pv/Tomato_leaf_mosaic_virus/42896f16-bf4c-4db1-b488-08d830dff66b___PSU_CG 2341_final_masked.jpg,11
data/shared_subset/sbert/pv/Tomato_leaf_mosaic_virus/6c3a09c7-04b2-4c0d-bbe0-bf55ea2e5472___PSU_CG 2195_final_masked.jpg,11
data/shared_subset/sbert/pv/Tomato_leaf_yellow_virus/1caefc52-d9d0-4493-8f35-4c366a041d93___YLCV_NREC 2803_final_masked.jpg,12
data/shared_subset/sbert/pv/Tomato_leaf_bacterial_spot/799f1c5e-d749-47d1-a8c9-d11f506ceed9___GCREC_Bact.Sp 5629_final_masked.jpg,9
data/shared_subset/sbert/pv/Bell_pepper_leaf/ef16608c-6d3f-4974-b478-b45390a1e870___JR_HL 7772_final_masked.jpg,2
data/shared_subset/sbert/pv/Tomato_leaf_yellow_virus/be21ebf7-e2e3-4d87-a7cc-38c4f4e099a5___UF.GRC_YLCV_Lab 02391_final_masked.jpg,12
data/shared_subset/sbert/pv/grape_leaf_black_rot/9ee25c88-0ba1-4bdf-9015-0428dd82032b___FAM_B.Rot 3042_final_masked.jpg,14
data/shared_subset/sbert/pv/Squash_Powdery_mildew_leaf/0f8e7885-5829-4231-953f-fa4a271386a9___UMD_Powd.M 0222_final_masked.jpg,6
data/shared_subset/sbert/pv/Bell_pepper_leaf/9d66d62b-0bb3-414c-90b6-05f99cf7c341___JR_HL 8712_final_masked.jpg,2
data/shared_subset/sbert/pv/grape_leaf_black_rot/b1dab25f-063e-4ce2-bbda-fdd6d662dce9___FAM_B.Rot 3164_final_masked.jpg,14
data/shared_subset/sbert/pv/Tomato_leaf_yellow_virus/fddae342-8eb6-46aa-8f0a-e5d8c6da096f___UF.GRC_YLCV_Lab 02023_final_masked.jpg,12
data/shared_subset/sbert/pv/Tomato_leaf_yellow_virus/4981cc67-2f5c-470a-b01d-8696404574be___YLCV_GCREC 5513_final_masked.jpg,12
data/shared_subset/sbert/pv/Tomato_leaf_yellow_virus/8b2d1dc6-858b-452e-99a2-6ffbbc211051___UF.GRC_YLCV_Lab 09391_final_masked.jpg,12
data/shared_subset/sbert/pv/Tomato_leaf_yellow_virus/54c46cf1-80fb-4d9a-813f-f068dfaefd04___YLCV_NREC 2383_final_masked.jpg,12
data/shared_subset/sbert/pv/Tomato_leaf_yellow_virus/776610c8-77d3-4dbb-91e5-232aa475508a___UF.GRC_YLCV_Lab 01476_final_masked.jpg,12
data/shared_subset/sbert/pv/Squash_Powdery_mildew_leaf/81b87b4c-7c62-4d35-8dab-6b3de8fd59d3___MD_Powd.M 0558_final_masked.jpg,6
data/shared_subset/sbert/pv/Tomato_mold_leaf/d0049080-d379-4a5c-9407-1073f4d3ce3f___Crnl_L.Mold 8642_final_masked.jpg,13
data/shared_subset/sbert/pv/Squash_Powdery_mildew_leaf/a1613340-17c9-4f06-aaad-a3fc81357ab5___UMD_Powd.M 0594_final_masked.jpg,6
data/shared_subset/sbert/pv/Tomato_Septoria_leaf_spot/690452d3-64f5-474c-ba18-1f4e5f330da6___Matt.S_CG 7738_final_masked.jpg,8
data/shared_subset/sbert/pv/Potato_leaf_early_blight/db4dbc48-209d-4615-95cd-1d7ee7f1d7e0___RS_Early.B 7545_final_masked.jpg,4
data/shared_subset/sbert/pv/grape_leaf_black_rot/a4f74c65-e347-4793-9daa-60f87e9f0aad___FAM_B.Rot 5029_final_masked.jpg,14
data/shared_subset/sbert/pv/grape_leaf_black_rot/1e828732-ed86-4741-b9e5-2e7c3785c1ff___FAM_B.Rot 3015_final_masked.jpg,14
data/shared_subset/sbert/pv/Squash_Powdery_mildew_leaf/feb40981-bbc6-491e-8f5c-7d4ea6f3325e___MD_Powd.M 0831_final_masked.jpg,6
data/shared_subset/sbert/pv/Tomato_leaf_yellow_virus/9db437d3-5178-41dc-9096-c97f7529d4d9___UF.GRC_YLCV_Lab 02433_final_masked.jpg,12
data/shared_subset/sbert/pv/Tomato_leaf_yellow_virus/6eea288a-b8e5-4841-a305-f9f234ba48ba___UF.GRC_YLCV_Lab 08484_final_masked.jpg,12
data/shared_subset/sbert/pv/Tomato_leaf_late_blight/a72398fc-23d1-4cb5-9331-d06fb7a13c7f___GHLB2 Leaf 8978_final_masked.jpg,10
data/shared_subset/sbert/pv/Tomato_Early_blight_leaf/011aa278-a39e-40b0-b6e4-2e2f835889f0___RS_Erly.B 8251_final_masked.jpg,7
data/shared_subset/sbert/pv/Apple_Scab_Leaf/7966ec90-1939-40ea-a4f7-99aca4fe8af5___FREC_Scab 3402_final_masked.jpg,0
data/shared_subset/sbert/pv/Tomato_Early_blight_leaf/65e02ee3-6760-4416-b1a5-9556bea43d0b___RS_Erly.B 7772_final_masked.jpg,7
data/shared_subset/sbert/pv/Squash_Powdery_mildew_leaf/97942fc3-d38a-4183-a756-752f2b604035___UMD_Powd.M 0211_final_masked.jpg,6
data/shared_subset/sbert/pv/Potato_leaf_late_blight/319335dc-6a48-4fe4-932b-326f1455f3cd___RS_LB 4703_final_masked.jpg,5
data/shared_subset/sbert/pv/Potato_leaf_early_blight/e4b0f6ac-2b1e-4e10-8733-de421a01c390___RS_Early.B 8254_final_masked.jpg,4
data/shared_subset/sbert/pv/Tomato_mold_leaf/cabcabd6-628c-444d-a7cd-49f44ddbb3e9___Crnl_L.Mold 6579_final_masked.jpg,13
data/shared_subset/sbert/pv/Squash_Powdery_mildew_leaf/6da49a71-acfd-43e5-9298-c1f91e61c273___MD_Powd.M 0173_final_masked.jpg,6
data/shared_subset/sbert/pv/Tomato_leaf_bacterial_spot/56625acf-1d7d-4505-be30-49076b8bc2cf___GCREC_Bact.Sp 3673_final_masked.jpg,9
data/shared_subset/sbert/pv/Squash_Powdery_mildew_leaf/846edb15-441c-47e3-8ab6-6db02f28e040___UMD_Powd.M 9647_final_masked.jpg,6
data/shared_subset/sbert/pv/Tomato_mold_leaf/fb134b57-4763-4598-a0ee-ec7aa7e95d35___Crnl_L.Mold 6695_final_masked.jpg,13
data/shared_subset/sbert/pv/Tomato_leaf_yellow_virus/60834ba9-1f68-480f-95ae-5cc104065948___UF.GRC_YLCV_Lab 08568_final_masked.jpg,12
data/shared_subset/sbert/pv/Bell_pepper_leaf_spot/bd493982-5fe3-4851-b4d3-1e9e962f1d70___NREC_B.Spot 1876_final_masked.jpg,3
data/shared_subset/sbert/pv/Tomato_mold_leaf/416808ef-060a-4c7c-9e0c-1dc72996ab48___Crnl_L.Mold 8978_final_masked.jpg,13
data/shared_subset/sbert/pv/Tomato_Early_blight_leaf/2a5367b1-6732-4213-b095-5953251324ee___RS_Erly.B 7585_final_masked.jpg,7
data/shared_subset/sbert/pv/Potato_leaf_early_blight/403aa255-393c-43b4-8f68-f68efbf4f5df___RS_Early.B 8544_final_masked.jpg,4
data/shared_subset/sbert/pv/Tomato_Septoria_leaf_spot/e2863dd0-5964-4cad-9119-ae4b73aba144___Matt.S_CG 7712_final_masked.jpg,8
data/shared_subset/sbert/pv/Tomato_leaf_bacterial_spot/0f81cc91-5b9b-4061-a127-74105ebbcccf___GCREC_Bact.Sp 6305_final_masked.jpg,9
data/shared_subset/sbert/pv/Tomato_leaf_yellow_virus/ec87b28d-1581-435f-a0fa-29a45f7451de___YLCV_GCREC 2448_final_masked.jpg,12
data/shared_subset/sbert/pv/Tomato_leaf_late_blight/2159d0f7-09ef-46ad-ad49-749e8ce1becc___GHLB2 Leaf 8836_final_masked.jpg,10
data/shared_subset/sbert/pv/Squash_Powdery_mildew_leaf/dc48a560-a190-4106-bf93-0028659c7150___UMD_Powd.M 0736_final_masked.jpg,6
data/shared_subset/sbert/pv/Squash_Powdery_mildew_leaf/df266ee0-67e4-439f-b3d0-d00d8257aa55___MD_Powd.M 0865_final_masked.jpg,6
data/shared_subset/sbert/pv/Tomato_leaf_yellow_virus/d172c762-1d64-4974-a866-34b3570f8ccb___YLCV_NREC 0288_final_masked.jpg,12
data/shared_subset/sbert/pv/Tomato_leaf_yellow_virus/790b740c-ab3f-48ee-8771-5bac4cdf78e8___UF.GRC_YLCV_Lab 02906_final_masked.jpg,12
data/shared_subset/sbert/pv/Tomato_leaf_bacterial_spot/5890bd0c-b364-4ed1-8839-edf671d569ec___GCREC_Bact.Sp 5727_final_masked.jpg,9
data/shared_subset/sbert/pv/Tomato_leaf_yellow_virus/1b94c436-a664-4e2a-af62-8e4d3761754a___YLCV_GCREC 2343_final_masked.jpg,12
data/shared_subset/sbert/pv/Tomato_leaf_yellow_virus/02cb40d6-550a-42fb-99ce-247e4406a322___UF.GRC_YLCV_Lab 02991_final_masked.jpg,12
data/shared_subset/sbert/pv/Tomato_leaf_yellow_virus/896c8923-bea5-464a-ab03-db1b9427cac4___UF.GRC_YLCV_Lab 02075_final_masked.jpg,12
data/shared_subset/sbert/pv/Tomato_leaf_yellow_virus/b3ffad3c-49c9-4255-950a-d0d95f6b5554___YLCV_GCREC 5325_final_masked.jpg,12
data/shared_subset/sbert/pv/Tomato_mold_leaf/60f7b149-4286-4101-a156-9bf5551261d7___Crnl_L.Mold 7137_final_masked.jpg,13
data/shared_subset/sbert/pv/Bell_pepper_leaf_spot/f76704b2-2ff0-4ef9-9f82-78ee5a5ad12c___NREC_B.Spot 1897_final_masked.jpg,3
data/shared_subset/sbert/pv/Bell_pepper_leaf/496bcc16-a0f1-47cb-bf86-db0c959fc0d0___JR_HL 7614_final_masked.jpg,2
data/shared_subset/sbert/pv/grape_leaf_black_rot/4e9dc57c-9d1e-4e31-bb7e-a744a67d98ed___FAM_B.Rot 3263_final_masked.jpg,14
data/shared_subset/sbert/pv/Tomato_leaf_mosaic_virus/79894594-feb4-46ca-830c-5f1cf5b11063___PSU_CG 2063_final_masked.jpg,11
data/shared_subset/sbert/pv/Tomato_leaf_yellow_virus/2a67b51d-1ad6-4ab9-8a1d-db599f8593f3___YLCV_NREC 0081_final_masked.jpg,12
data/shared_subset/sbert/pv/Tomato_leaf_yellow_virus/5776105b-17d7-4dce-849f-b9534be95abc___UF.GRC_YLCV_Lab 08435_final_masked.jpg,12
data/shared_subset/sbert/pv/Bell_pepper_leaf_spot/2414f9df-91fd-4aed-b772-bd6b5311eb0b___JR_B.Spot 3141_final_masked.jpg,3
data/shared_subset/sbert/pv/Bell_pepper_leaf/fcdaf487-38c1-43b8-906e-127185976fe7___JR_HL 8784_final_masked.jpg,2
data/shared_subset/sbert/pv/Tomato_leaf_yellow_virus/635bf723-5f34-42ab-a9ad-d523b31f9812___YLCV_GCREC 2826_final_masked.jpg,12
data/shared_subset/sbert/pv/Squash_Powdery_mildew_leaf/e409a2fb-194f-4413-a29a-a60c6bdb52fb___UMD_Powd.M 0703_final_masked.jpg,6
data/shared_subset/sbert/pv/Tomato_leaf_bacterial_spot/5a87c2e4-220b-4985-8dd7-8726c727467b___GCREC_Bact.Sp 3564_final_masked.jpg,9
data/shared_subset/sbert/pv/grape_leaf_black_rot/91bc5e98-a8c6-4307-9c1b-28f02d9514b8___FAM_B.Rot 0596_final_masked.jpg,14
data/shared_subset/sbert/pv/Tomato_leaf_yellow_virus/fe5d41dd-5460-411c-abe6-a6a7509b89c0___YLCV_NREC 2101_final_masked.jpg,12
data/shared_subset/sbert/pv/Potato_leaf_early_blight/392c5f68-3ee5-4b61-90e9-afa16375beb8___RS_Early.B 8047_final_masked.jpg,4
data/shared_subset/sbert/pv/grape_leaf_black_rot/1596dd33-4e8c-4e1f-8b9e-1894f2dbb1d6___FAM_B.Rot 0353_final_masked.jpg,14
data/shared_subset/sbert/pv/Bell_pepper_leaf_spot/65a84ec0-79dc-4ae3-bfce-81c3f4b50a08___JR_B.Spot 8858_final_masked.jpg,3
data/shared_subset/sbert/pv/grape_leaf_black_rot/d87304a3-073d-4f06-838d-7ea029bbcffd___FAM_B.Rot 3589_final_masked.jpg,14
data/shared_subset/sbert/pv/grape_leaf_black_rot/4dd5393a-fbcd-41da-b67c-5f74c3a5851d___FAM_B.Rot 3336_final_masked.jpg,14
data/shared_subset/sbert/pv/Tomato_leaf_late_blight/f34d61c3-c2de-4ed5-858b-03c7b21ebcb6___RS_Late.B 5018_final_masked.jpg,10
data/shared_subset/sbert/pv/Squash_Powdery_mildew_leaf/7b9e788c-ebf7-4218-84cb-d3516820323e___UMD_Powd.M 0342_final_masked.jpg,6
data/shared_subset/sbert/pv/Squash_Powdery_mildew_leaf/6dd1ab5f-c167-4215-bd2e-246a05c36632___UMD_Powd.M 9926_final_masked.jpg,6
data/shared_subset/sbert/pv/Tomato_leaf_yellow_virus/8c919add-80cd-4c60-950e-1a34bf08928a___YLCV_NREC 2632_final_masked.jpg,12
data/shared_subset/sbert/pv/Tomato_leaf_yellow_virus/74c0e52c-610a-4b15-8f07-9c86fce34986___YLCV_GCREC 2937_final_masked.jpg,12
data/shared_subset/sbert/pv/Tomato_leaf_yellow_virus/d0a48fe1-d49b-4931-8d3f-ae2a6b28733f___UF.GRC_YLCV_Lab 02807_final_masked.jpg,12
data/shared_subset/sbert/pv/Tomato_leaf_yellow_virus/41aad915-6a72-497f-bb47-3d73d5c2c4cf___UF.GRC_YLCV_Lab 01934_final_masked.jpg,12
data/shared_subset/sbert/pv/Tomato_Septoria_leaf_spot/c54cd0ca-8eaa-4b3d-88bd-5f4554c82b6e___Matt.S_CG 6360_final_masked.jpg,8
data/shared_subset/sbert/pv/Apple_Scab_Leaf/5eb564a6-cd74-4c90-95d9-611a6301369d___FREC_Scab 3099_final_masked.jpg,0
data/shared_subset/sbert/pv/Apple_rust_leaf/68a4878f-c220-49ff-a858-5b026e56e7b0___FREC_C.Rust 9844_final_masked.jpg,1
data/shared_subset/sbert/pv/grape_leaf_black_rot/e95869c1-adf0-40ca-aa7c-14f930d63420___FAM_B.Rot 3537_final_masked.jpg,14
data/shared_subset/sbert/pv/Tomato_Early_blight_leaf/efe14014-c5b8-433b-a469-e10ca8d7c551___RS_Erly.B 7499_final_masked.jpg,7
data/shared_subset/sbert/pv/Bell_pepper_leaf/30f972e1-6b7e-4ec1-bf77-10ceedf095bf___JR_HL 8378_final_masked.jpg,2
data/shared_subset/sbert/pv/Tomato_Septoria_leaf_spot/32cd6444-8f41-47c5-9351-54eb8524abaf___Matt.S_CG 7524_final_masked.jpg,8
data/shared_subset/sbert/pv/Tomato_mold_leaf/73c3f88e-6802-4afd-9065-431bbe6a312d___Crnl_L.Mold 6970_final_masked.jpg,13
data/shared_subset/sbert/pv/Tomato_leaf_late_blight/e3c4a4e5-4ec3-404f-8dbd-7de9dd3f184a___RS_Late.B 5073_final_masked.jpg,10
data/shared_subset/sbert/pv/Squash_Powdery_mildew_leaf/090864ad-c401-49a3-9529-5abbe4a0ff2e___UMD_Powd.M 0667_final_masked.jpg,6
data/shared_subset/sbert/pv/Tomato_leaf_yellow_virus/e2fc3ff8-2a44-468c-bf27-a15864dceb5b___UF.GRC_YLCV_Lab 01985_final_masked.jpg,12
data/shared_subset/sbert/pv/Tomato_leaf_yellow_virus/0823b64f-0025-4995-a7ae-a15297c221bd___UF.GRC_YLCV_Lab 03332_final_masked.jpg,12
data/shared_subset/sbert/pv/Tomato_leaf_yellow_virus/6eb13474-f3b6-4a3b-ab7e-917dc9b896b5___YLCV_GCREC 2624_final_masked.jpg,12
data/shared_subset/sbert/pv/Squash_Powdery_mildew_leaf/6ba600b8-626a-4cd4-870e-ad9a47aa464c___MD_Powd.M 9903_final_masked.jpg,6
data/shared_subset/sbert/pv/grape_leaf_black_rot/d2729b47-5bd4-4e3a-b015-850cde5b44ca___FAM_B.Rot 0477_final_masked.jpg,14
data/shared_subset/sbert/pv/Tomato_mold_leaf/6545ca24-20cc-4544-9f5e-ec0624c2466e___Crnl_L.Mold 8790_final_masked.jpg,13
data/shared_subset/sbert/pv/Potato_leaf_early_blight/fb8d862d-29c3-41ab-888d-cef47286ee9a___RS_Early.B 8975_final_masked.jpg,4
data/shared_subset/sbert/pv/Tomato_Septoria_leaf_spot/6e585c69-cde5-4a6c-ac40-24951f72e16a___Keller.St_CG 1964_final_masked.jpg,8
data/shared_subset/sbert/pv/Tomato_leaf_yellow_virus/89ccb8de-2351-4894-805e-03d088eb7629___UF.GRC_YLCV_Lab 02189_final_masked.jpg,12
data/shared_subset/sbert/pv/Tomato_leaf_yellow_virus/ec12e6e6-f334-4532-8e5a-63a77c0533c0___YLCV_NREC 0077_final_masked.jpg,12
data/shared_subset/sbert/pv/Tomato_leaf_yellow_virus/eb23af5e-64f8-4402-b91d-8cac0ae8d064___UF.GRC_YLCV_Lab 01275_final_masked.jpg,12
data/shared_subset/sbert/pv/Squash_Powdery_mildew_leaf/6aeb6e87-5975-47c0-ab32-484d91a55f49___MD_Powd.M 0054_final_masked.jpg,6
data/shared_subset/sbert/pv/grape_leaf_black_rot/05ca939c-220f-4ad0-a4be-a1de75a99034___FAM_B.Rot 0613_final_masked.jpg,14
data/shared_subset/sbert/pv/Tomato_mold_leaf/50f3f827-c254-4de3-a7d3-0a5d755367fc___Crnl_L.Mold 8733_final_masked.jpg,13
data/shared_subset/sbert/pv/Tomato_leaf_bacterial_spot/00b7e89a-e129-4576-b51f-48923888bff9___GCREC_Bact.Sp 6202_final_masked.jpg,9
data/shared_subset/sbert/pv/Apple_Scab_Leaf/36d99a07-4a43-4416-b204-6886f71d5039___FREC_Scab 3294_final_masked.jpg,0
data/shared_subset/sbert/pv/Squash_Powdery_mildew_leaf/8520e743-5c2e-425f-8df2-7a22554e6116___UMD_Powd.M 9972_final_masked.jpg,6
data/shared_subset/sbert/pv/Bell_pepper_leaf_spot/6c475c34-fcf6-4386-97f3-a08424dc0401___NREC_B.Spot 1801_final_masked.jpg,3
data/shared_subset/sbert/pv/Tomato_leaf_yellow_virus/253ae572-3c75-4781-b05b-e5ca1cf3df14___YLCV_GCREC 2874_final_masked.jpg,12
data/shared_subset/sbert/pv/Tomato_leaf_yellow_virus/55b03841-92eb-4a44-91af-88762db80ba3___UF.GRC_YLCV_Lab 09543_final_masked.jpg,12
data/shared_subset/sbert/pv/Tomato_leaf_bacterial_spot/147fdb22-0a8b-46d7-8573-784d29b9d9cc___GCREC_Bact.Sp 6386_final_masked.jpg,9
data/shared_subset/sbert/pv/Apple_Scab_Leaf/ba94f188-df0b-41fd-94e3-f0ed4924e23e___FREC_Scab 3102_final_masked.jpg,0
data/shared_subset/sbert/pv/Potato_leaf_early_blight/16a6f216-6d2a-48fe-b8bc-ff385c96d0d3___RS_Early.B 7220_final_masked.jpg,4
data/shared_subset/sbert/pv/Tomato_leaf_yellow_virus/0dc37de6-047f-43d5-8b83-cd50628b1606___YLCV_NREC 2611_final_masked.jpg,12
data/shared_subset/sbert/pv/Potato_leaf_early_blight/4d5d6c62-61d8-45a3-aada-3ee8bc44e1d5___RS_Early.B 6685_final_masked.jpg,4
data/shared_subset/sbert/pv/Bell_pepper_leaf_spot/6a457821-e634-425c-90f0-a4bbd76b5722___JR_B.Spot 3159_final_masked.jpg,3
data/shared_subset/sbert/pv/Bell_pepper_leaf/c2ea8ee9-836a-4c76-8101-7708a35f2717___JR_HL 7733_final_masked.jpg,2
data/shared_subset/sbert/pv/Tomato_leaf_late_blight/5eefbe91-fb95-4d86-8954-bea6b3637a9d___RS_Late.B 6444_final_masked.jpg,10
data/shared_subset/sbert/pv/Bell_pepper_leaf/ae63319c-d90a-4fbe-b11a-cbc8b2a1db23___JR_HL 8669_final_masked.jpg,2
data/shared_subset/sbert/pv/Bell_pepper_leaf/ded136b7-be9e-4aad-9150-5318d6002a59___JR_HL 5856_final_masked.jpg,2
data/shared_subset/sbert/pv/Tomato_Septoria_leaf_spot/fc963fa5-7179-402b-95e7-018c2837d2c1___JR_Sept.L.S 2706_final_masked.jpg,8
data/shared_subset/sbert/pv/grape_leaf_black_rot/c5df7947-a457-42e9-990c-01372fbce8fc___FAM_B.Rot 0726_final_masked.jpg,14
data/shared_subset/sbert/pv/Tomato_Early_blight_leaf/ac804481-f1b0-498c-a6af-a66da467f84e___RS_Erly.B 7760_final_masked.jpg,7
data/shared_subset/sbert/pv/Tomato_leaf_yellow_virus/31db3c10-db84-4e28-bc62-e929743a331f___UF.GRC_YLCV_Lab 09357_final_masked.jpg,12
data/shared_subset/sbert/pv/Potato_leaf_late_blight/891ddb02-a289-4d8e-8380-7568686b7a08___RS_LB 3193_final_masked.jpg,5
data/shared_subset/sbert/pv/Tomato_leaf_yellow_virus/2e590d43-8682-4be3-ba68-f360d9b22825___UF.GRC_YLCV_Lab 01833_final_masked.jpg,12
data/shared_subset/sbert/pv/Apple_Scab_Leaf/6d6f5a72-4c92-4163-b3dc-9a8f74f9edb7___FREC_Scab 3480_final_masked.jpg,0
data/shared_subset/sbert/pv/Squash_Powdery_mildew_leaf/a2deac7a-324b-449a-a8d6-3fea9134a7a2___MD_Powd.M 0787_final_masked.jpg,6
data/shared_subset/sbert/pv/Tomato_leaf_late_blight/389ecffc-2ab0-4c7e-9f03-d6d4695d4f6a___RS_Late.B 5117_final_masked.jpg,10
data/shared_subset/sbert/pv/Tomato_leaf_mosaic_virus/9a3a36e0-b0eb-4844-84f5-db08e2d9adef___PSU_CG 2300_final_masked.jpg,11
data/shared_subset/sbert/pv/Tomato_leaf_yellow_virus/6a9d1586-3b25-47d6-970c-b116e337d29d___YLCV_GCREC 2635_final_masked.jpg,12
data/shared_subset/sbert/pv/Tomato_leaf_yellow_virus/692a987a-72a0-4979-a091-b52eff9f7cb0___UF.GRC_YLCV_Lab 03141_final_masked.jpg,12
data/shared_subset/sbert/pv/Tomato_leaf_bacterial_spot/482ef065-ba2f-4492-b215-9a60138a0047___GCREC_Bact.Sp 3090_final_masked.jpg,9
data/shared_subset/sbert/pv/Tomato_Septoria_leaf_spot/c902f89f-a54d-44fa-8fd4-81fb9f536313___Keller.St_CG 1834_final_masked.jpg,8
data/shared_subset/sbert/pv/Squash_Powdery_mildew_leaf/1e9ea44c-f637-4c26-8501-fce34e2d04c9___MD_Powd.M 0863_final_masked.jpg,6
data/shared_subset/sbert/pv/Tomato_leaf_yellow_virus/57dd8748-5491-4606-8d05-77f701075df4___UF.GRC_YLCV_Lab 09446_final_masked.jpg,12
data/shared_subset/sbert/pv/Tomato_leaf_bacterial_spot/7fa9aeec-445b-4211-9a30-862070925330___GCREC_Bact.Sp 6396_final_masked.jpg,9
data/shared_subset/sbert/pv/Tomato_leaf_late_blight/86a7b7d2-8783-4622-84d7-a4a420ee10ba___RS_Late.B 6546_final_masked.jpg,10
data/shared_subset/sbert/pv/Tomato_Early_blight_leaf/dc4e5770-ed70-4ff3-b61d-a6296faae7e1___RS_Erly.B 7568_final_masked.jpg,7
data/shared_subset/sbert/pv/Potato_leaf_late_blight/716325d9-fca6-46b4-8f5a-f6729c211200___RS_LB 3958_final_masked.jpg,5
data/shared_subset/sbert/pv/Tomato_leaf_yellow_virus/de984d53-8f26-4801-806b-ce31b01b5a1a___YLCV_GCREC 2247_final_masked.jpg,12
data/shared_subset/sbert/pv/Tomato_leaf_late_blight/efc16184-1012-4240-934b-85b2396b0d1d___RS_Late.B 5124_final_masked.jpg,10
data/shared_subset/sbert/pv/Tomato_leaf_late_blight/c7871a80-0d29-40ab-b117-344808cb3485___GHLB_PS Leaf 33 Day 13_final_masked.jpg,10
data/shared_subset/sbert/pv/Potato_leaf_late_blight/3456a2d1-59d1-4111-9cc8-16a6b12e973e___RS_LB 5249_final_masked.jpg,5
data/shared_subset/sbert/pv/grape_leaf_black_rot/da9513b8-5974-4ccc-8a64-3c6c9047010a___FAM_B.Rot 3541_final_masked.jpg,14
data/shared_subset/sbert/pv/Tomato_leaf_late_blight/88d1ecf3-e03e-4ddf-9aa4-d9558f1ec2e2___RS_Late.B 7140_final_masked.jpg,10
data/shared_subset/sbert/pv/Bell_pepper_leaf_spot/e616baf2-95a6-41e6-8357-5d35c9aac031___JR_B.Spot 3245_final_masked.jpg,3
data/shared_subset/sbert/pv/Potato_leaf_early_blight/d2dcbc63-47c6-4a67-914b-cb1e117b58b0___RS_Early.B 7159_final_masked.jpg,4
data/shared_subset/sbert/pv/Bell_pepper_leaf/728ff40b-fbff-4910-b345-4c9a47d7a712___JR_HL 8759_final_masked.jpg,2
data/shared_subset/sbert/pv/Tomato_Septoria_leaf_spot/388bbf02-8689-4a87-8fac-ec29b6e9268e___Matt.S_CG 6504_final_masked.jpg,8
data/shared_subset/sbert/pv/Tomato_leaf_yellow_virus/d621bc08-7de4-48ee-bfae-80e579a1effa___YLCV_GCREC 2721_final_masked.jpg,12
data/shared_subset/sbert/pv/Potato_leaf_early_blight/0bbb8bce-2020-416b-8bd6-c160c2db9921___RS_Early.B 8386_final_masked.jpg,4
data/shared_subset/sbert/pv/Potato_leaf_late_blight/8f80caee-38ed-4b49-9596-6f66c3cb9c1b___RS_LB 2535_final_masked.jpg,5
data/shared_subset/sbert/pv/Bell_pepper_leaf_spot/1ade72cf-f7e0-4282-92d9-614bf05289a0___NREC_B.Spot 1975_final_masked.jpg,3
data/shared_subset/sbert/pv/Tomato_leaf_yellow_virus/928083f9-28e8-4e9d-9437-bd6d72b851e1___UF.GRC_YLCV_Lab 02787_final_masked.jpg,12
data/shared_subset/sbert/pv/Potato_leaf_late_blight/c0aeb29d-b504-47b5-aa5f-940a4f3b4e89___RS_LB 2972_final_masked.jpg,5
data/shared_subset/sbert/pv/Tomato_mold_leaf/d131dbb4-2255-496a-8e01-fb68f2e6db44___Crnl_L.Mold 6553_final_masked.jpg,13
data/shared_subset/sbert/pv/Tomato_leaf_yellow_virus/48af1ad3-6fed-407a-adcf-32d7cb49132a___YLCV_GCREC 2396_final_masked.jpg,12
data/shared_subset/sbert/pv/Potato_leaf_early_blight/900514b4-8768-4370-bc53-998e390644db___RS_Early.B 7788_final_masked.jpg,4
data/shared_subset/sbert/pv/Tomato_leaf_late_blight/511ea2f2-d960-4cb2-9a0d-e049646a022e___RS_Late.B 5083_final_masked.jpg,10
data/shared_subset/sbert/pv/Bell_pepper_leaf_spot/ac6e6cad-2932-4af0-ad68-fdf044eecc8c___NREC_B.Spot 1796_final_masked.jpg,3
data/shared_subset/sbert/pv/Tomato_mold_leaf/c6c8b630-7166-4bfe-a520-f34cf25d7aae___Crnl_L.Mold 6506_final_masked.jpg,13
data/shared_subset/sbert/pv/Bell_pepper_leaf_spot/21f7119e-d926-4be3-9ace-d6b26b280e64___JR_B.Spot 8837_final_masked.jpg,3
data/shared_subset/sbert/pv/Apple_Scab_Leaf/89888e39-a951-4507-a9c4-193aead90f64___FREC_Scab 3160_final_masked.jpg,0
data/shared_subset/sbert/pv/Bell_pepper_leaf/2d93ee5a-6562-49c4-82fd-f5fbc950f4df___JR_HL 5943_final_masked.jpg,2
data/shared_subset/sbert/pv/Tomato_leaf_yellow_virus/c7248000-66d1-4be5-8db9-f29d3959e3c5___UF.GRC_YLCV_Lab 03279_final_masked.jpg,12
data/shared_subset/sbert/pv/Tomato_leaf_bacterial_spot/45e47cab-d129-497f-ba97-ab2a2ed62f5c___GCREC_Bact.Sp 2948_final_masked.jpg,9
data/shared_subset/sbert/pv/Tomato_leaf_yellow_virus/18d740ae-e2cc-40cf-8c03-530a8f2dc4cb___YLCV_GCREC 2905_final_masked.jpg,12
data/shared_subset/sbert/pv/Tomato_leaf_yellow_virus/01fa2c83-fffb-4aad-a456-e991aeb93f3e___UF.GRC_YLCV_Lab 02154_final_masked.jpg,12
data/shared_subset/sbert/pv/Tomato_leaf_yellow_virus/54f339a1-4664-4206-ab3b-56de9026d4ad___YLCV_GCREC 5235_final_masked.jpg,12
data/shared_subset/sbert/pv/Tomato_leaf_yellow_virus/e450a8c0-ed73-414e-8c3b-2e4aacfcf6ca___YLCV_GCREC 2849_final_masked.jpg,12
data/shared_subset/sbert/pv/Tomato_leaf_yellow_virus/79c6333b-c171-4849-88e9-8a5f793d533a___UF.GRC_YLCV_Lab 03356_final_masked.jpg,12
data/shared_subset/sbert/pv/Tomato_Early_blight_leaf/9e8f1cbd-f128-47f3-b90d-9c8dc1efcb78___RS_Erly.B 7425_final_masked.jpg,7
data/shared_subset/sbert/pv/Apple_Scab_Leaf/154842bb-6ee3-4176-9007-cf7a43cfe140___FREC_Scab 3434_final_masked.jpg,0
data/shared_subset/sbert/pv/grape_leaf_black_rot/1b5c9aed-b19c-4ce8-953f-c8b4e6474ed5___FAM_B.Rot 5110_final_masked.jpg,14
data/shared_subset/sbert/pv/Tomato_leaf_bacterial_spot/d43111af-cbb9-47ee-be8e-9ce663146371___GCREC_Bact.Sp 6264_final_masked.jpg,9
data/shared_subset/sbert/pv/Tomato_leaf_bacterial_spot/ce5152ad-92fb-4187-80f6-eef2524bf131___GCREC_Bact.Sp 3432_final_masked.jpg,9
data/shared_subset/sbert/pv/Tomato_leaf_bacterial_spot/8e7bdca5-a018-4553-9571-2f631eb5de6c___UF.GRC_BS_Lab Leaf 0417_final_masked.jpg,9
data/shared_subset/sbert/pv/Tomato_leaf_yellow_virus/bb24cdaf-a001-43b3-b8b9-cba6dd44faf3___YLCV_GCREC 2180_final_masked.jpg,12
data/shared_subset/sbert/pv/Tomato_leaf_yellow_virus/fbb91059-954a-4d7d-99ee-b944df2add60___YLCV_GCREC 5176_final_masked.jpg,12
data/shared_subset/sbert/pv/Tomato_leaf_bacterial_spot/8ca44da6-e5e7-42d5-a84b-81fa7420de3a___GCREC_Bact.Sp 6270_final_masked.jpg,9
data/shared_subset/sbert/pv/Tomato_Septoria_leaf_spot/f43ce703-8d4d-4e97-8e23-788f56338c09___Matt.S_CG 6660_final_masked.jpg,8
data/shared_subset/sbert/pv/Bell_pepper_leaf/4498790b-0f2a-42bd-be32-509229d8593c___JR_HL 8667_final_masked.jpg,2
data/shared_subset/sbert/pv/Tomato_leaf_mosaic_virus/bd533964-8188-49ba-92e8-334cdc4ecb70___PSU_CG 2369_final_masked.jpg,11
data/shared_subset/sbert/pv/Potato_leaf_late_blight/80a20af8-9759-4c07-8d0c-d48edc9925c6___RS_LB 5289_final_masked.jpg,5
data/shared_subset/sbert/pv/Apple_Scab_Leaf/a31b7944-c213-4b83-a586-004d0522e355___FREC_Scab 3341_final_masked.jpg,0
data/shared_subset/sbert/pv/Squash_Powdery_mildew_leaf/54513b3d-5dbd-4ae5-a899-b890bbce6349___MD_Powd.M 9927_final_masked.jpg,6
data/shared_subset/sbert/pv/Tomato_leaf_yellow_virus/f6280660-1f0b-41a8-858e-9103c4f1d342___YLCV_NREC 2392_final_masked.jpg,12
data/shared_subset/sbert/pv/Tomato_Septoria_leaf_spot/75256fc4-c3de-44a1-986d-176daec56c4d___Keller.St_CG 1940_final_masked.jpg,8
data/shared_subset/sbert/pv/Tomato_leaf_late_blight/772e3007-0263-45ec-b7f2-fd283d3fcd90___RS_Late.B 5578_final_masked.jpg,10
data/shared_subset/sbert/pv/Tomato_leaf_bacterial_spot/22a42ef8-b719-40d1-9307-8f035913daff___GCREC_Bact.Sp 3861_final_masked.jpg,9
data/shared_subset/sbert/pv/Tomato_Septoria_leaf_spot/728282b2-23d3-4afc-8c95-94bd2fd296e1___JR_Sept.L.S 2583_final_masked.jpg,8
data/shared_subset/sbert/pv/Bell_pepper_leaf/c0970a6a-0a3c-4582-99c1-1c2bf433b253___JR_HL 8757_final_masked.jpg,2
data/shared_subset/sbert/pv/Tomato_leaf_yellow_virus/46e093ee-26f6-4069-a128-b4efff8355de___YLCV_GCREC 2902_final_masked.jpg,12
data/shared_subset/sbert/pv/Tomato_mold_leaf/6f733647-eb00-45d7-91a9-0845c1613d80___Crnl_L.Mold 7049_final_masked.jpg,13
data/shared_subset/sbert/pv/Tomato_leaf_yellow_virus/a1310b30-d88f-4902-9d9a-71148318a68d___YLCV_GCREC 2059_final_masked.jpg,12
data/shared_subset/sbert/pv/Potato_leaf_late_blight/7c0ff85c-0a94-4ba3-9abf-010ba81a4780___RS_LB 4003_final_masked.jpg,5
data/shared_subset/sbert/pv/Tomato_leaf_yellow_virus/7d6612bb-4270-4c53-87ab-63f21213058d___UF.GRC_YLCV_Lab 02175_final_masked.jpg,12
data/shared_subset/sbert/pv/Tomato_Septoria_leaf_spot/fd774721-5f04-4293-b462-8301952d140a___Matt.S_CG 6372_final_masked.jpg,8
data/shared_subset/sbert/pv/Potato_leaf_early_blight/fdc691b0-2b15-4cb6-8f5d-c4e5654389e0___RS_Early.B 7935_final_masked.jpg,4
data/shared_subset/sbert/pv/Tomato_leaf_yellow_virus/5bfca510-62b9-4e1b-99a4-47c98eeda0a5___UF.GRC_YLCV_Lab 02328_final_masked.jpg,12
data/shared_subset/sbert/pv/Tomato_leaf_bacterial_spot/631fcec5-39db-474a-a929-097718ad2162___GCREC_Bact.Sp 3327_final_masked.jpg,9
data/shared_subset/sbert/pv/Tomato_leaf_bacterial_spot/fa416dda-9685-490c-ad69-e857e205b1fb___GCREC_Bact.Sp 6181_final_masked.jpg,9
data/shared_subset/sbert/pv/Apple_Scab_Leaf/fcd4d0fd-30c9-4b05-b0ea-ca74fd3cad72___FREC_Scab 3510_final_masked.jpg,0
data/shared_subset/sbert/pv/Tomato_Early_blight_leaf/074bc781-f586-46b0-bef5-0237e3bf5043___RS_Erly.B 8375_final_masked.jpg,7
data/shared_subset/sbert/pv/Bell_pepper_leaf_spot/e230f529-47b2-4841-9b10-2447be1b31da___NREC_B.Spot 9118_final_masked.jpg,3
data/shared_subset/sbert/pv/Bell_pepper_leaf/46b55f82-ee0c-4db8-98da-710f0423c1b9___JR_HL 8389_final_masked.jpg,2
data/shared_subset/sbert/pv/Bell_pepper_leaf_spot/3cc682be-f9eb-4464-a385-7265d8871b03___NREC_B.Spot 1865_final_masked.jpg,3
data/shared_subset/sbert/pv/Tomato_leaf_late_blight/760a8072-2979-49aa-a6bf-e075151758d8___RS_Late.B 5089_final_masked.jpg,10
data/shared_subset/sbert/pv/Tomato_leaf_yellow_virus/aa0d3659-ac13-42bf-98f6-7677645b4464___UF.GRC_YLCV_Lab 09623_final_masked.jpg,12
data/shared_subset/sbert/pv/Tomato_leaf_late_blight/a6c7381f-fcfb-484b-a2f5-a435b66f5ea2___GHLB2 Leaf 112_final_masked.jpg,10
data/shared_subset/sbert/pv/Tomato_Early_blight_leaf/b4d37218-1f10-4232-8eeb-dd4106f0f1af___RS_Erly.B 7702_final_masked.jpg,7
data/shared_subset/sbert/pv/Tomato_leaf_yellow_virus/8c50b980-50f8-48db-9e96-f15a229f259c___YLCV_NREC 2655_final_masked.jpg,12
data/shared_subset/sbert/pv/Tomato_Septoria_leaf_spot/b0539521-3239-49a2-8099-2a22eabec37d___Matt.S_CG 1661_final_masked.jpg,8
data/shared_subset/sbert/pv/Tomato_leaf_yellow_virus/81a8b25a-cc21-49c5-bd55-e92cb968d29b___UF.GRC_YLCV_Lab 02806_final_masked.jpg,12
data/shared_subset/sbert/pv/Tomato_Early_blight_leaf/3596fc7f-e79e-44f5-862a-f177db2960f6___RS_Erly.B 6386_final_masked.jpg,7
data/shared_subset/sbert/pv/Apple_Scab_Leaf/1cdf2779-8cb1-4ae4-be70-b0eeb1abb0f8___FREC_Scab 3370_final_masked.jpg,0
data/shared_subset/sbert/pv/Squash_Powdery_mildew_leaf/aeccd3d1-12a7-4af4-8339-6f70b058d0dd___MD_Powd.M 0280_final_masked.jpg,6
data/shared_subset/sbert/pv/Tomato_leaf_yellow_virus/8eebd2c4-96f3-422f-aa65-e14f6a354ea5___UF.GRC_YLCV_Lab 01884_final_masked.jpg,12
data/shared_subset/sbert/pv/Tomato_Early_blight_leaf/5d5d73a4-b480-4479-a5a5-8d6ba6909eac___RS_Erly.B 9409_final_masked.jpg,7
data/shared_subset/sbert/pv/Tomato_leaf_bacterial_spot/2fd17140-f483-4f98-9d08-fc9e57b355e1___GCREC_Bact.Sp 6269_final_masked.jpg,9
data/shared_subset/sbert/pv/Tomato_leaf_yellow_virus/034a033b-6c59-4a45-a159-291561c711be___UF.GRC_YLCV_Lab 01627_final_masked.jpg,12
data/shared_subset/sbert/pv/Tomato_leaf_bacterial_spot/12440deb-4c37-42ed-a6ea-dcb018b52620___GCREC_Bact.Sp 3436_final_masked.jpg,9
data/shared_subset/sbert/pv/Bell_pepper_leaf/927fa6d6-6d56-4035-af12-a915a50d86a2___JR_HL 8445_final_masked.jpg,2
data/shared_subset/sbert/pv/Tomato_leaf_bacterial_spot/bfd9caac-aa4c-4be2-91be-23f2ee32da9f___GCREC_Bact.Sp 5776_final_masked.jpg,9
data/shared_subset/sbert/pv/Potato_leaf_early_blight/33019904-ac3b-4083-a192-ce4092758ddd___RS_Early.B 8344_final_masked.jpg,4
data/shared_subset/sbert/pv/Apple_rust_leaf/b2723e0b-7e61-48ae-b50e-0cee5d437cb3___FREC_C.Rust 3823_final_masked.jpg,1
data/shared_subset/sbert/pv/Squash_Powdery_mildew_leaf/03ef962a-db63-4e3c-8f50-8bc174946f44___UMD_Powd.M 0613_final_masked.jpg,6
data/shared_subset/sbert/pv/Bell_pepper_leaf_spot/9f3a7e14-bd0e-48ea-89c3-9c3bd743fb19___NREC_B.Spot 1956_final_masked.jpg,3
data/shared_subset/sbert/pv/Tomato_leaf_late_blight/b96efa85-1d48-4a5e-9c80-4b1848182c93___RS_Late.B 6961_final_masked.jpg,10
data/shared_subset/sbert/pv/Squash_Powdery_mildew_leaf/d9960079-6cea-4532-b241-b8c5f6fd6075___MD_Powd.M 1058_final_masked.jpg,6
data/shared_subset/sbert/pv/Tomato_leaf_yellow_virus/0a1d1def-462c-46d3-90e6-2a11fcb45a21___UF.GRC_YLCV_Lab 01675_final_masked.jpg,12
data/shared_subset/sbert/pv/Tomato_leaf_yellow_virus/bf09ead6-7015-4942-bbf7-e509193885ab___YLCV_NREC 2830_final_masked.jpg,12
data/shared_subset/sbert/pv/Tomato_leaf_yellow_virus/83bb32e9-e353-413c-962d-0f20eba56dff___YLCV_NREC 2443_final_masked.jpg,12
data/shared_subset/sbert/pv/Potato_leaf_early_blight/d1b4cb77-db0e-42db-b1c0-25d222844241___RS_Early.B 7130_final_masked.jpg,4
data/shared_subset/sbert/pv/Tomato_leaf_yellow_virus/0ffb7a14-85d7-4b84-afde-59ed5d86b0e1___YLCV_NREC 2945_final_masked.jpg,12
data/shared_subset/sbert/pv/Tomato_leaf_late_blight/ccbeb4a7-7a15-4246-9ffa-1807e58b3afc___RS_Late.B 4849_final_masked.jpg,10
data/shared_subset/sbert/pv/Tomato_leaf_late_blight/e1501757-3235-4051-b460-52c0f6e45add___RS_Late.B 4910_final_masked.jpg,10
data/shared_subset/sbert/pv/grape_leaf_black_rot/4d1cb709-f730-41e0-9beb-f793d4c24d47___FAM_B.Rot 0524_final_masked.jpg,14
data/shared_subset/sbert/pv/Potato_leaf_late_blight/d2d8eb78-d267-4c37-a18c-b39a0bb11d82___RS_LB 3147_final_masked.jpg,5
data/shared_subset/sbert/pv/Tomato_leaf_yellow_virus/b6bb3633-4ca0-463b-bd25-79a0ffd99e71___UF.GRC_YLCV_Lab 03197_final_masked.jpg,12
data/shared_subset/sbert/pv/Apple_Scab_Leaf/c777c2ac-ea64-4aad-a97a-90b35e2db603___FREC_Scab 3156_final_masked.jpg,0
data/shared_subset/sbert/pv/Tomato_leaf_yellow_virus/96482ffd-50f6-4f9e-94e7-7646198678fa___YLCV_GCREC 1944_final_masked.jpg,12
data/shared_subset/sbert/pv/Tomato_leaf_yellow_virus/646458c8-2d29-41b8-b3c8-1c5312bf22e3___YLCV_GCREC 2153_final_masked.jpg,12
data/shared_subset/sbert/pv/grape_leaf_black_rot/1c2b4d6c-dc3d-4913-b98f-2da54c4f6614___FAM_B.Rot 3602_final_masked.jpg,14
data/shared_subset/sbert/pv/Tomato_mold_leaf/35343df4-2017-47f9-a5ef-d08bd52dfd7c___Crnl_L.Mold 8827_final_masked.jpg,13
data/shared_subset/sbert/pv/Tomato_leaf_yellow_virus/ed864a58-8a10-451c-9a65-c12a71b6c10a___UF.GRC_YLCV_Lab 01425_final_masked.jpg,12
data/shared_subset/sbert/pv/Tomato_mold_leaf/e7e687ae-c2f1-4ab4-9726-fe9ee5c1c889___Crnl_L.Mold 8765_final_masked.jpg,13
data/shared_subset/sbert/pv/Tomato_leaf_late_blight/1e2fe7d3-3d69-4cf6-aef7-e9975940bd40___GHLB2 Leaf 77_final_masked.jpg,10
data/shared_subset/sbert/pv/Tomato_leaf_yellow_virus/b7de3219-7adb-4110-80c0-144926c491cd___YLCV_GCREC 2655_final_masked.jpg,12
data/shared_subset/sbert/pv/Squash_Powdery_mildew_leaf/9f12f916-f7a2-4eca-b207-469b56585426___MD_Powd.M 0431_final_masked.jpg,6
data/shared_subset/sbert/pv/Apple_Scab_Leaf/ed33dbe0-edc4-4ad8-85c2-0495f384e3fe___FREC_Scab 3467_final_masked.jpg,0
data/shared_subset/sbert/pv/Tomato_leaf_yellow_virus/0632b42f-8d80-4cbb-b9f0-11997b3b7477___UF.GRC_YLCV_Lab 03117_final_masked.jpg,12
data/shared_subset/sbert/pv/Bell_pepper_leaf/e7d0f9a3-f28d-4c66-aba7-ce7c831590f5___JR_HL 8249_final_masked.jpg,2
data/shared_subset/sbert/pv/Squash_Powdery_mildew_leaf/ae7d15e8-42cd-4767-86ed-94dfc2d622ee___MD_Powd.M 1022_final_masked.jpg,6
data/shared_subset/sbert/pv/Tomato_leaf_yellow_virus/b8ac2812-223e-4d85-8ecf-09757af74bf7___YLCV_GCREC 1928_final_masked.jpg,12
data/shared_subset/sbert/pv/Tomato_leaf_late_blight/5828f9c7-5083-45c3-b3bb-bb202ed1cd53___GHLB2 Leaf 128.1_final_masked.jpg,10
data/shared_subset/sbert/pv/Squash_Powdery_mildew_leaf/82b1c3ee-0896-42a0-a3ff-4ca91f77324f___UMD_Powd.M 9890_final_masked.jpg,6
data/shared_subset/sbert/pv/grape_leaf_black_rot/f014c5bf-d06a-42c7-8a51-bdfb38c6a815___FAM_B.Rot 0495_final_masked.jpg,14
data/shared_subset/sbert/pv/Bell_pepper_leaf_spot/9435d4a5-e198-4c46-8a90-a888cb2e7267___JR_B.Spot 3316_final_masked.jpg,3
data/shared_subset/sbert/pv/Tomato_leaf_yellow_virus/8d7e4629-b0df-460c-8fba-a100479c06df___YLCV_GCREC 1952_final_masked.jpg,12
data/shared_subset/sbert/pv/Potato_leaf_early_blight/1a38f06b-da2a-4c57-bef1-a73254896403___RS_Early.B 9178_final_masked.jpg,4
data/shared_subset/sbert/pv/Bell_pepper_leaf/90e840e0-3b8c-4100-8340-ef0ed67e5972___JR_HL 8367_final_masked.jpg,2
data/shared_subset/sbert/pv/Tomato_leaf_yellow_virus/51c3e8ee-a665-4b7d-b4b5-b694ef56bd5f___UF.GRC_YLCV_Lab 01911_final_masked.jpg,12
data/shared_subset/sbert/pv/Bell_pepper_leaf_spot/921dfe0f-cf58-4d48-a9c0-33eff76b7191___NREC_B.Spot 9100_final_masked.jpg,3
data/shared_subset/sbert/pv/Tomato_mold_leaf/705e1448-cb1b-4047-802a-a0deb547bc2e___Crnl_L.Mold 8670_final_masked.jpg,13
data/shared_subset/sbert/pv/Bell_pepper_leaf_spot/0d524d59-fb02-481b-9034-64f1de0da914___NREC_B.Spot 9060_final_masked.jpg,3
data/shared_subset/sbert/pv/Potato_leaf_early_blight/a38df468-bb4a-4bb3-9ee9-a2dffae718e9___RS_Early.B 8690_final_masked.jpg,4
data/shared_subset/sbert/pv/Tomato_Early_blight_leaf/fcf97241-bd84-4829-b326-72590a3f4f59___RS_Erly.B 7555_final_masked.jpg,7
data/shared_subset/sbert/pv/Tomato_leaf_late_blight/a5ef7726-d20f-4109-985f-7fc8989e4aa5___GHLB_PS Leaf 2.2 Day 8_final_masked.jpg,10
data/shared_subset/sbert/pv/Bell_pepper_leaf_spot/ea460c0a-532e-492b-93fa-5b9b936c7506___NREC_B.Spot 1810_final_masked.jpg,3
data/shared_subset/sbert/pv/Tomato_Septoria_leaf_spot/cb6929ff-8e9b-42f2-97d4-ec388a5a6b06___JR_Sept.L.S 8461_final_masked.jpg,8
data/shared_subset/sbert/pv/Squash_Powdery_mildew_leaf/70214639-d14d-497b-abbd-e873d4050774___UMD_Powd.M 0684_final_masked.jpg,6
data/shared_subset/sbert/pv/Bell_pepper_leaf_spot/ee7addf1-7941-463f-899e-3c38cafea9df___JR_B.Spot 9002_final_masked.jpg,3
data/shared_subset/sbert/pv/Tomato_mold_leaf/5461b103-1d68-4a3c-a083-cd31a3718d2e___Crnl_L.Mold 6890_final_masked.jpg,13
data/shared_subset/sbert/pv/Tomato_leaf_yellow_virus/c0017c23-2967-4d0a-8aea-92a899763538___UF.GRC_YLCV_Lab 02595_final_masked.jpg,12
data/shared_subset/sbert/pv/Tomato_leaf_yellow_virus/8fed2a4a-129a-441a-88a6-8c4cf3666959___YLCV_GCREC 1960_final_masked.jpg,12
data/shared_subset/sbert/pv/Tomato_leaf_yellow_virus/d2eed669-d94e-415d-b3e4-ec852b4e2189___UF.GRC_YLCV_Lab 02240_final_masked.jpg,12
data/shared_subset/sbert/pv/Squash_Powdery_mildew_leaf/7a5a094b-bf80-45bc-8b79-89a5c6fd78cf___MD_Powd.M 9976_final_masked.jpg,6
data/shared_subset/sbert/pv/Bell_pepper_leaf/9d3315cd-67a3-42be-8002-a3fa5950bbd8___JR_HL 7932_final_masked.jpg,2
data/shared_subset/sbert/pv/Tomato_leaf_yellow_virus/484a5e79-3405-45fd-b673-ec4678204ac8___YLCV_NREC 2664_final_masked.jpg,12
data/shared_subset/sbert/pv/Tomato_leaf_mosaic_virus/15f1e22a-9c70-4060-a275-fac10c196341___PSU_CG 2118_final_masked.jpg,11
data/shared_subset/sbert/pv/Tomato_leaf_bacterial_spot/f3973c52-56d8-49e7-aded-746189374eb8___GCREC_Bact.Sp 3242_final_masked.jpg,9
data/shared_subset/sbert/pv/Tomato_leaf_bacterial_spot/fe217957-9c9c-4913-a78a-9d7928aa31f2___GCREC_Bact.Sp 3787_final_masked.jpg,9
data/shared_subset/sbert/pv/Tomato_leaf_late_blight/91b7a899-ee48-4bc2-98a9-f6a5fbf01a1d___RS_Late.B 5084_final_masked.jpg,10
data/shared_subset/sbert/pv/Bell_pepper_leaf_spot/286c3d56-edde-4185-89f2-048ee0e7d6aa___JR_B.Spot 3287_final_masked.jpg,3
data/shared_subset/sbert/pv/Apple_Scab_Leaf/2c648fcd-d637-4559-beaa-9dd6079646fb___FREC_Scab 3213_final_masked.jpg,0
data/shared_subset/sbert/pv/Tomato_Septoria_leaf_spot/f15d2ee7-3710-4f31-bdc7-3215a27a7ae9___Matt.S_CG 1282_final_masked.jpg,8
data/shared_subset/sbert/pv/Tomato_mold_leaf/2ecf7371-b3e3-4206-be7c-5a8f3656be8a___Crnl_L.Mold 8921_final_masked.jpg,13
data/shared_subset/sbert/pv/Tomato_leaf_yellow_virus/5f631e3e-a073-4a3d-a2e0-0854892f10b2___UF.GRC_YLCV_Lab 01451_final_masked.jpg,12
data/shared_subset/sbert/pv/Potato_leaf_early_blight/68662e76-300e-49f6-8467-27dd63aa18ed___RS_Early.B 7163_final_masked.jpg,4
data/shared_subset/sbert/pv/Tomato_leaf_yellow_virus/5203ecbd-f0d7-46fd-94b7-a84eb963290d___YLCV_NREC 1994_final_masked.jpg,12
data/shared_subset/sbert/pv/Tomato_leaf_bacterial_spot/17ee90d7-f733-4026-a83e-c5c87ad88e67___GCREC_Bact.Sp 5623_final_masked.jpg,9
data/shared_subset/sbert/pv/Potato_leaf_early_blight/f3b29f09-c337-4233-8968-0fcc66c9fa2a___RS_Early.B 8115_final_masked.jpg,4
data/shared_subset/sbert/pv/Potato_leaf_late_blight/889b0741-2110-47a9-a2d2-90194e5d7676___RS_LB 4787_final_masked.jpg,5
data/shared_subset/sbert/pv/Apple_Scab_Leaf/a15c8e33-6b90-489e-800d-99b3056235c2___FREC_Scab 3466_final_masked.jpg,0
data/shared_subset/sbert/pv/Bell_pepper_leaf_spot/e67a8a4a-e383-4eee-95e8-22443071ed6d___JR_B.Spot 9057_final_masked.jpg,3
data/shared_subset/sbert/pv/grape_leaf_black_rot/df755deb-0a16-4b1c-9717-5b7d34a4a05b___FAM_B.Rot 5057_final_masked.jpg,14
data/shared_subset/sbert/pv/grape_leaf_black_rot/04801745-9457-41fa-97c6-7c9aa769564d___FAM_B.Rot 0367_final_masked.jpg,14
data/shared_subset/sbert/pv/Tomato_leaf_bacterial_spot/45b562f0-a975-4c93-a705-699d7cc977bc___GCREC_Bact.Sp 5733_final_masked.jpg,9
data/shared_subset/sbert/pv/grape_leaf_black_rot/92a65dc4-5eb4-4c43-b6fa-ef20d29b8791___FAM_B.Rot 3369_final_masked.jpg,14
data/shared_subset/sbert/pv/Bell_pepper_leaf/a34d9ad8-1024-4628-bead-dcd593d37400___JR_HL 8333_final_masked.jpg,2
data/shared_subset/sbert/pv/Tomato_leaf_late_blight/7a48f790-80f5-4d75-bd49-3c42e8c92fb6___RS_Late.B 4844_final_masked.jpg,10
data/shared_subset/sbert/pv/Tomato_leaf_mosaic_virus/57b10f20-7819-40b1-924c-b484c42c515f___PSU_CG 2356_final_masked.jpg,11
data/shared_subset/sbert/pv/Tomato_leaf_yellow_virus/f2cb4560-81ab-41ba-bb67-2f26b438f31e___YLCV_NREC 2329_final_masked.jpg,12
data/shared_subset/sbert/pv/Tomato_leaf_yellow_virus/87e723cd-742b-4569-8493-b6e0c4b693b0___YLCV_GCREC 2275_final_masked.jpg,12
data/shared_subset/sbert/pv/Tomato_Septoria_leaf_spot/478166d9-2113-429f-86a0-f60b877a133a___Matt.S_CG 1394_final_masked.jpg,8
data/shared_subset/sbert/pv/Bell_pepper_leaf_spot/6ceb56c6-36aa-4196-b60f-6fb8306b3cb4___NREC_B.Spot 9162_final_masked.jpg,3
data/shared_subset/sbert/pv/Tomato_leaf_bacterial_spot/762e1022-3ed8-4d96-9f05-e22c0757c8ba___UF.GRC_BS_Lab Leaf 0774_final_masked.jpg,9
data/shared_subset/sbert/pv/Tomato_mold_leaf/30f6aead-5cd9-453d-85e6-56e93c1987d8___Crnl_L.Mold 6886_final_masked.jpg,13
data/shared_subset/sbert/pv/Tomato_Septoria_leaf_spot/07a4190c-b0c0-4e03-9ad5-474938c837d2___Matt.S_CG 1242_final_masked.jpg,8
data/shared_subset/sbert/pv/Bell_pepper_leaf/c5c88b11-0ecd-49ef-a96f-ba1aab4a12c4___JR_HL 5985_final_masked.jpg,2
data/shared_subset/sbert/pv/Bell_pepper_leaf_spot/6d21b1fe-9e5d-4586-9726-14844ad5116f___JR_B.Spot 3120_final_masked.jpg,3
data/shared_subset/sbert/pv/Tomato_leaf_bacterial_spot/a3666572-94a1-4cc7-8caa-f7e43a1d64a4___GCREC_Bact.Sp 5909_final_masked.jpg,9
data/shared_subset/sbert/pv/Potato_leaf_late_blight/9009c86e-1205-4694-b0bb-ef7cf78dd104___RS_LB 3995_final_masked.jpg,5
data/shared_subset/sbert/pv/Potato_leaf_late_blight/856b9ab9-c5af-43f1-a320-097b7380d314___RS_LB 2789_final_masked.jpg,5
data/shared_subset/sbert/pv/Squash_Powdery_mildew_leaf/63bbda4c-3ab7-42fe-bf9e-6764d3244c7f___MD_Powd.M 9918_final_masked.jpg,6
data/shared_subset/sbert/pv/Tomato_Septoria_leaf_spot/110ae57c-f1e0-4a19-be00-4254fa7df22b___Matt.S_CG 1462_final_masked.jpg,8
data/shared_subset/sbert/pv/Potato_leaf_late_blight/e2ce6696-9f6e-445c-a6c6-c765d659447a___RS_LB 4960_final_masked.jpg,5
data/shared_subset/sbert/pv/Tomato_leaf_yellow_virus/a38667a1-d951-448c-b842-562b73de664c___UF.GRC_YLCV_Lab 01664_final_masked.jpg,12
data/shared_subset/sbert/pv/Tomato_Early_blight_leaf/b8421c32-9111-49c0-8e78-f86a9912ece4___RS_Erly.B 7706_final_masked.jpg,7
data/shared_subset/sbert/pv/Squash_Powdery_mildew_leaf/9ab88d8b-d8aa-4e79-9854-4666b4b5076e___UMD_Powd.M 0699_final_masked.jpg,6
data/shared_subset/sbert/pv/Tomato_Early_blight_leaf/b8b9300b-f085-49ce-a052-5c003e493f7e___RS_Erly.B 7507_final_masked.jpg,7
data/shared_subset/sbert/pv/Tomato_leaf_yellow_virus/d5564375-ac12-4c7e-a7a9-e15f3ae671c3___UF.GRC_YLCV_Lab 03294_final_masked.jpg,12
data/shared_subset/sbert/pv/Tomato_Early_blight_leaf/250df77c-cb57-4e85-9cf2-531033930030___RS_Erly.B 6477_final_masked.jpg,7
data/shared_subset/sbert/pv/Tomato_Early_blight_leaf/533debcd-c993-4c11-8515-9ec280cdc023___RS_Erly.B 7389_final_masked.jpg,7
data/shared_subset/sbert/pv/Tomato_leaf_yellow_virus/cc007d31-b838-4ce8-b5ac-572bbe788084___UF.GRC_YLCV_Lab 02324_final_masked.jpg,12
data/shared_subset/sbert/pv/Squash_Powdery_mildew_leaf/3a1b0974-c706-47f1-9150-0a3ddfe0c50f___MD_Powd.M 0630_final_masked.jpg,6
data/shared_subset/sbert/pv/Tomato_Early_blight_leaf/e084577f-bb13-4baf-8384-2b37eb430236___RS_Erly.B 7673_final_masked.jpg,7
data/shared_subset/sbert/pv/Tomato_leaf_late_blight/6e93da35-363f-42f4-af65-e6eeb1217058___GHLB2 Leaf 8780_final_masked.jpg,10
data/shared_subset/sbert/pv/Tomato_leaf_yellow_virus/78690647-14e6-49d6-bca6-7bcf80b95fba___YLCV_GCREC 2267_final_masked.jpg,12
data/shared_subset/sbert/pv/Tomato_leaf_late_blight/2e6c4476-c99f-4f05-a1bd-70701326a15d___GHLB2 Leaf 8925_final_masked.jpg,10
data/shared_subset/sbert/pv/Tomato_Septoria_leaf_spot/0ca7ed02-4540-47df-b01d-194b23226a2d___Matt.S_CG 1733_final_masked.jpg,8
data/shared_subset/sbert/pv/grape_leaf_black_rot/0abb363c-2365-4816-a6c4-ce4bac6ffc38___FAM_B.Rot 3122_final_masked.jpg,14
data/shared_subset/sbert/pv/Potato_leaf_early_blight/93c6b48d-cde9-4e8b-bbfb-1a9c06234419___RS_Early.B 7000_final_masked.jpg,4
data/shared_subset/sbert/pv/Tomato_leaf_yellow_virus/5eda1da1-e02d-4d28-ae3f-ab4073f81b78___YLCV_GCREC 2517_final_masked.jpg,12
data/shared_subset/sbert/pv/Potato_leaf_early_blight/201fed44-8dde-4ece-9e76-3706b8afdf46___RS_Early.B 8259_final_masked.jpg,4
data/shared_subset/sbert/pv/Tomato_Septoria_leaf_spot/2b41bbcb-2c9b-462f-8f87-474547ef618c___Matt.S_CG 0789_final_masked.jpg,8
data/shared_subset/sbert/pv/Tomato_Early_blight_leaf/4f4ef45f-80b4-4fde-b052-f932d2b5a9f3___RS_Erly.B 9410_final_masked.jpg,7
data/shared_subset/sbert/pv/Tomato_Early_blight_leaf/69e0581c-14a5-42d8-ad48-4f689d05632f___RS_Erly.B 6432_final_masked.jpg,7
data/shared_subset/sbert/pv/Tomato_Septoria_leaf_spot/7cb27fc3-c967-4734-8c81-cabbcd7d322f___Keller.St_CG 2003_final_masked.jpg,8
data/shared_subset/sbert/pv/Squash_Powdery_mildew_leaf/50037fda-29c7-4c3d-810f-5b3168ea5dca___MD_Powd.M 0809_final_masked.jpg,6
data/shared_subset/sbert/pv/Tomato_leaf_yellow_virus/7e6b55eb-7f0a-40c1-a49d-f304636387b1___YLCV_NREC 2293_final_masked.jpg,12
data/shared_subset/sbert/pv/Tomato_Septoria_leaf_spot/cd3b1a93-f5b4-406f-aa8a-640280edf543___Keller.St_CG 1860_final_masked.jpg,8
data/shared_subset/sbert/pv/Tomato_leaf_bacterial_spot/022e8a4a-9297-4de3-88a5-ee7aa46dd526___UF.GRC_BS_Lab Leaf 8682_final_masked.jpg,9
data/shared_subset/sbert/pv/Tomato_leaf_yellow_virus/277c0191-b251-41be-9f5f-7954e3744a08___UF.GRC_YLCV_Lab 03381_final_masked.jpg,12
data/shared_subset/sbert/pv/Potato_leaf_late_blight/ba15e1af-3f3a-4eef-8be1-4f0a221444fd___RS_LB 2866_final_masked.jpg,5
data/shared_subset/sbert/pv/grape_leaf_black_rot/1071281e-821c-4570-adcf-42ae805ec8c9___FAM_B.Rot 3392_final_masked.jpg,14
data/shared_subset/sbert/pv/Tomato_Early_blight_leaf/acc5fb41-7b03-44c2-8167-47346b97791a___RS_Erly.B 8320_final_masked.jpg,7
data/shared_subset/sbert/pv/Tomato_Septoria_leaf_spot/e5459c36-6659-447a-a0e8-683dba49c0e1___Keller.St_CG 1979_final_masked.jpg,8
data/shared_subset/sbert/pv/Tomato_Septoria_leaf_spot/e4a8819b-a2c9-48ab-9873-4d198b51bbd9___JR_Sept.L.S 2626_final_masked.jpg,8
data/shared_subset/sbert/pv/Squash_Powdery_mildew_leaf/f3917734-c197-4a21-8196-a37d3a1b7d79___MD_Powd.M 9971_final_masked.jpg,6
data/shared_subset/sbert/pv/Potato_leaf_early_blight/4f71ba26-6612-427b-8dc0-4d8cc909f1fa___RS_Early.B 7122_final_masked.jpg,4
data/shared_subset/sbert/pv/Tomato_leaf_yellow_virus/73a8ceb8-bdf6-4c7e-b473-8afc1893bf96___YLCV_GCREC 1949_final_masked.jpg,12
data/shared_subset/sbert/pv/grape_leaf_black_rot/07e911cc-751d-4e1e-ada5-2c363938b213___FAM_B.Rot 3619_final_masked.jpg,14
data/shared_subset/sbert/pv/Tomato_leaf_yellow_virus/793f6f20-096b-4a9e-bd2d-7d9c7cb0f5c2___UF.GRC_YLCV_Lab 01666_final_masked.jpg,12
data/shared_subset/sbert/pv/Bell_pepper_leaf/f4052038-8f4b-48f2-9427-f69ade61ac7c___JR_HL 8456_final_masked.jpg,2
data/shared_subset/sbert/pv/Tomato_leaf_bacterial_spot/221699b8-60cf-49fb-a5a6-b02e3770008d___GCREC_Bact.Sp 6135_final_masked.jpg,9
data/shared_subset/sbert/pv/Potato_leaf_late_blight/76be1a95-8bf1-468e-bc6c-f7d8fa5b7e5b___RS_LB 4758_final_masked.jpg,5
data/shared_subset/sbert/pv/Tomato_leaf_yellow_virus/74a30a70-3a7b-4ac7-b7fc-26abcd3c8ccd___YLCV_NREC 2844_final_masked.jpg,12
data/shared_subset/sbert/pv/Tomato_leaf_late_blight/2d583f2c-3e59-4c4c-be45-5f367a38af95___GHLB2 Leaf 8724_final_masked.jpg,10
data/shared_subset/sbert/pv/grape_leaf_black_rot/0cb269dc-10d1-45e6-b0d3-f96572fce674___FAM_B.Rot 5052_final_masked.jpg,14
data/shared_subset/sbert/pv/Tomato_leaf_late_blight/934cc025-d086-441c-8d0d-71050ab956aa___RS_Late.B 6740_final_masked.jpg,10
data/shared_subset/sbert/pv/Tomato_leaf_late_blight/d3d532b0-4927-4818-a12c-709ce0134435___GHLB2 Leaf 9051_final_masked.jpg,10
data/shared_subset/sbert/pv/Tomato_Early_blight_leaf/87725f1b-be8c-42b8-8eed-671b0c52276d___RS_Erly.B 7431_final_masked.jpg,7
data/shared_subset/sbert/pv/Tomato_leaf_yellow_virus/8339654e-c48d-492c-a825-a793f2eae69e___YLCV_NREC 2603_final_masked.jpg,12
data/shared_subset/sbert/pv/Potato_leaf_late_blight/aec94baf-a0e8-43af-80af-4bab46d84ad8___RS_LB 5100_final_masked.jpg,5
data/shared_subset/sbert/pv/Squash_Powdery_mildew_leaf/b22f3639-4733-4d46-a83f-830d03b87216___MD_Powd.M 0964_final_masked.jpg,6
data/shared_subset/sbert/pv/Tomato_leaf_yellow_virus/743f6b65-92df-4809-ad64-ea3cf64ccffb___UF.GRC_YLCV_Lab 03074_final_masked.jpg,12
data/shared_subset/sbert/pv/Tomato_leaf_yellow_virus/a0913bb7-f133-470c-8fa7-8e77b7797206___UF.GRC_YLCV_Lab 02073_final_masked.jpg,12
data/shared_subset/sbert/pv/Tomato_leaf_yellow_virus/e6704ebf-fa77-4b3c-a8ba-ff42e50a5b43___UF.GRC_YLCV_Lab 03084_final_masked.jpg,12
data/shared_subset/sbert/pv/Tomato_mold_leaf/81de0497-5011-4330-b2f1-b12c7b83576f___Crnl_L.Mold 7120_final_masked.jpg,13
data/shared_subset/sbert/pv/Bell_pepper_leaf/0d4f19fe-9e85-4689-9c99-0b01a58db9f4___JR_HL 8032_final_masked.jpg,2
data/shared_subset/sbert/pv/Tomato_Septoria_leaf_spot/4957b1d6-18b7-40eb-b3e7-1b509ee2e1f9___JR_Sept.L.S 8356_final_masked.jpg,8
data/shared_subset/sbert/pv/Tomato_Septoria_leaf_spot/85a77345-3aad-4129-991c-b15e555b34a0___Matt.S_CG 6530_final_masked.jpg,8
data/shared_subset/sbert/pv/Tomato_leaf_yellow_virus/c8354c3a-5436-4006-9551-b95d7b2b5566___YLCV_NREC 2292_final_masked.jpg,12
data/shared_subset/sbert/pv/grape_leaf_black_rot/305be5c1-b018-4597-ada2-aaba5ae44eef___FAM_B.Rot 3113_final_masked.jpg,14
data/shared_subset/sbert/pv/Apple_Scab_Leaf/f33a08e5-03bb-4b97-991c-a1332866043d___FREC_Scab 2923_final_masked.jpg,0
data/shared_subset/sbert/pv/Tomato_Septoria_leaf_spot/752557e9-4f69-4faa-888e-2fcf32747c5a___Matt.S_CG 6542_final_masked.jpg,8
data/shared_subset/sbert/pv/Bell_pepper_leaf_spot/34a38a87-b06b-4a69-b0d0-9dade7f3c2ea___NREC_B.Spot 1978_final_masked.jpg,3
data/shared_subset/sbert/pv/Tomato_Septoria_leaf_spot/58b5b20e-13c8-4ce5-9139-11062b9d3269___Matt.S_CG 1598_final_masked.jpg,8
data/shared_subset/sbert/pv/Tomato_leaf_late_blight/5c63799e-98ee-4f57-9f01-8695b60243de___RS_Late.B 5144_final_masked.jpg,10
data/shared_subset/sbert/pv/Squash_Powdery_mildew_leaf/fbb3d787-da7f-41a4-b0c4-8863c97929a7___MD_Powd.M 0116_final_masked.jpg,6
data/shared_subset/sbert/pv/Tomato_leaf_bacterial_spot/945f1d4c-7a9f-48e0-98a5-da3e2976077a___GCREC_Bact.Sp 3368_final_masked.jpg,9
data/shared_subset/sbert/pv/Tomato_leaf_bacterial_spot/cc2e453a-3331-4385-baab-e0935661bba4___GCREC_Bact.Sp 3590_final_masked.jpg,9
data/shared_subset/sbert/pv/Tomato_Septoria_leaf_spot/8172747e-ca4e-4a38-8417-47e196c1fe4c___Matt.S_CG 6804_final_masked.jpg,8
data/shared_subset/sbert/pv/Bell_pepper_leaf_spot/4e380ba7-b5dc-46e3-850e-b52a775378d0___NREC_B.Spot 9107_final_masked.jpg,3
data/shared_subset/sbert/pv/Apple_rust_leaf/1a69060b-e45e-4d95-881c-f6d1960dffcd___FREC_C.Rust 0065_final_masked.jpg,1
data/shared_subset/sbert/pv/Tomato_leaf_late_blight/0da53824-7b3b-43a9-9b34-146a7f71ef7e___RS_Late.B 6958_final_masked.jpg,10
data/shared_subset/sbert/pv/Bell_pepper_leaf/0984b7ed-2a64-40fe-b0fa-ff440b0fc8e4___JR_HL 8600_final_masked.jpg,2
data/shared_subset/sbert/pv/Potato_leaf_late_blight/80e39105-97cd-4368-9e3a-b5498ae1c0a2___RS_LB 4474_final_masked.jpg,5
data/shared_subset/sbert/pv/Tomato_Septoria_leaf_spot/881cef87-36ea-49e5-bc1a-fa2b7a959221___Matt.S_CG 6543_final_masked.jpg,8
data/shared_subset/sbert/pv/Tomato_Early_blight_leaf/e2ce6add-93e2-4c1f-9ee3-2354d1542e8b___RS_Erly.B 7698_final_masked.jpg,7
data/shared_subset/sbert/pv/Potato_leaf_early_blight/c777a0ce-5d2b-4e87-8cc4-d5f8847a4553___RS_Early.B 8239_final_masked.jpg,4
data/shared_subset/sbert/pv/Potato_leaf_early_blight/887347a3-ee1c-4141-a423-ffe050dd246e___RS_Early.B 7851_final_masked.jpg,4
data/shared_subset/sbert/pv/grape_leaf_black_rot/d7c18d55-5f15-4102-b0a2-064340a7c434___FAM_B.Rot 0658_final_masked.jpg,14
data/shared_subset/sbert/pv/Tomato_leaf_yellow_virus/262b585e-729f-46f2-b43c-79a415be6aa6___UF.GRC_YLCV_Lab 01292_final_masked.jpg,12
data/shared_subset/sbert/pv/Tomato_leaf_yellow_virus/cad14233-257e-4942-876b-25e4911fc1cf___YLCV_NREC 2036_final_masked.jpg,12
data/shared_subset/sbert/pv/Tomato_leaf_late_blight/9751ae34-d376-465d-9fce-ddb75caf98d2___GHLB2 Leaf 8781_final_masked.jpg,10
data/shared_subset/sbert/pv/Tomato_leaf_yellow_virus/c88e7cdc-2e0c-47b6-9001-8ba65e4803f1___YLCV_NREC 2075_final_masked.jpg,12
data/shared_subset/sbert/pv/Potato_leaf_early_blight/29386668-721c-4359-99a6-734f1a4b096b___RS_Early.B 8362_final_masked.jpg,4
data/shared_subset/sbert/pv/Bell_pepper_leaf/5cad2f55-2c15-4b55-b148-abac485b6757___JR_HL 8052_final_masked.jpg,2
data/shared_subset/sbert/pv/Tomato_leaf_yellow_virus/6b4787d4-f431-43f7-91d6-016e4ee5169f___YLCV_GCREC 2025_final_masked.jpg,12
data/shared_subset/sbert/pv/grape_leaf_black_rot/b58797d0-57a2-4e49-a3fc-7924366faaf8___FAM_B.Rot 3004_final_masked.jpg,14
data/shared_subset/sbert/pv/Tomato_leaf_yellow_virus/6bce316f-b15d-4d23-98b8-ab0e683df66d___UF.GRC_YLCV_Lab 02494_final_masked.jpg,12
data/shared_subset/sbert/pv/Tomato_leaf_late_blight/014d4972-1301-46d3-afc4-56470b774137___GHLB2 Leaf 8831_final_masked.jpg,10
data/shared_subset/sbert/pv/Tomato_leaf_yellow_virus/0068fe04-aa0c-4d92-8af0-f05c9d8db6eb___UF.GRC_YLCV_Lab 01755_final_masked.jpg,12
data/shared_subset/sbert/pv/Tomato_leaf_yellow_virus/4498c692-7474-4021-b713-5360050469c7___UF.GRC_YLCV_Lab 08450_final_masked.jpg,12
data/shared_subset/sbert/pv/Tomato_leaf_yellow_virus/dc3efe09-9679-4aea-9836-0cb3f4d463b1___UF.GRC_YLCV_Lab 09546_final_masked.jpg,12
data/shared_subset/sbert/pv/Tomato_Early_blight_leaf/6efab540-3bb1-47fd-b55f-ed447305f500___RS_Erly.B 7397_final_masked.jpg,7
data/shared_subset/sbert/pv/Apple_Scab_Leaf/518ab601-3736-4d3b-9770-a0efba601c0e___FREC_Scab 3231_final_masked.jpg,0
data/shared_subset/sbert/pv/Potato_leaf_late_blight/516099d5-5399-4d6e-916d-014a84a02a18___RS_LB 4118_final_masked.jpg,5
data/shared_subset/sbert/pv/Potato_leaf_late_blight/bc5b403e-ecc2-4fde-bafa-9b8698e4545c___RS_LB 4448_final_masked.jpg,5
data/shared_subset/sbert/pv/Tomato_leaf_yellow_virus/d7e616a6-0d00-4768-8cf5-27f4a81b839f___YLCV_GCREC 2751_final_masked.jpg,12
data/shared_subset/sbert/pv/Tomato_Early_blight_leaf/2832ca53-be67-44c0-ac55-eb815bd85fd3___RS_Erly.B 8242_final_masked.jpg,7
data/shared_subset/sbert/pv/Tomato_leaf_late_blight/48c55974-9fe9-4f4b-94f7-c8cd127d1e05___GHLB_PS Leaf 23.7 Day 13_final_masked.jpg,10
data/shared_subset/sbert/pv/Tomato_leaf_yellow_virus/88323382-24d3-4441-8ce8-30a00e7c3b80___YLCV_GCREC 2938_final_masked.jpg,12
data/shared_subset/sbert/pv/Bell_pepper_leaf_spot/2ca511f9-951d-4f34-89af-25fd1a609584___NREC_B.Spot 9138_final_masked.jpg,3
data/shared_subset/sbert/pv/Bell_pepper_leaf/fa21e46a-f995-469d-9dc9-c6908c9a32c8___JR_HL 8375_final_masked.jpg,2
data/shared_subset/sbert/pv/Potato_leaf_late_blight/227f2f04-4d59-48d9-958d-5cccc70d3f2b___RS_LB 2772_final_masked.jpg,5
data/shared_subset/sbert/pv/Tomato_leaf_yellow_virus/62eb4afa-df30-48f1-a779-38b6f3a3c315___YLCV_GCREC 2013_final_masked.jpg,12
data/shared_subset/sbert/pv/Potato_leaf_early_blight/72013507-bfce-4b7a-b56e-f66a94cb4558___RS_Early.B 7930_final_masked.jpg,4
data/shared_subset/sbert/pv/Tomato_leaf_yellow_virus/f2e06305-f930-434c-b287-78f14154652d___UF.GRC_YLCV_Lab 01354_final_masked.jpg,12
data/shared_subset/sbert/pv/Tomato_leaf_bacterial_spot/e4e11751-2c64-491f-9aa3-26677932f65c___UF.GRC_BS_Lab Leaf 0636_final_masked.jpg,9
data/shared_subset/sbert/pv/Tomato_mold_leaf/c667572c-c9a5-4238-9892-cf3a79c839bb___Crnl_L.Mold 8976_final_masked.jpg,13
data/shared_subset/sbert/pv/Tomato_mold_leaf/206234e4-72f0-4543-8945-a697ceffe3c9___Crnl_L.Mold 6795_final_masked.jpg,13
data/shared_subset/sbert/pv/Potato_leaf_late_blight/447c4811-7ed2-4576-81b4-2f67c8993db7___RS_LB 4137_final_masked.jpg,5
data/shared_subset/sbert/pv/Tomato_leaf_bacterial_spot/52b03992-9fe9-4829-bb4d-54f1b4b6a03e___GCREC_Bact.Sp 6194_final_masked.jpg,9
data/shared_subset/sbert/pv/Squash_Powdery_mildew_leaf/4c564f9f-c0ce-48e6-93ae-5a9e7efe3d98___MD_Powd.M 9891_final_masked.jpg,6
data/shared_subset/sbert/pv/Squash_Powdery_mildew_leaf/da8c787a-4f65-4ec1-b82e-c4b4c541835d___UMD_Powd.M 0096_final_masked.jpg,6
data/shared_subset/sbert/pv/Tomato_leaf_yellow_virus/1c0478dc-09a0-4828-ab05-60c7063c7491___UF.GRC_YLCV_Lab 03153_final_masked.jpg,12
data/shared_subset/sbert/pv/Tomato_leaf_yellow_virus/168f2ebf-3c70-4857-b779-7448dab4e120___UF.GRC_YLCV_Lab 03038_final_masked.jpg,12
data/shared_subset/sbert/pv/Potato_leaf_late_blight/3d4b41e8-18f8-400a-a961-82731c6ac4d5___RS_LB 5157_final_masked.jpg,5
data/shared_subset/sbert/pv/Tomato_leaf_bacterial_spot/057e3333-e63f-4259-888e-12869cc457c7___GCREC_Bact.Sp 3317_final_masked.jpg,9
data/shared_subset/sbert/pv/Tomato_leaf_bacterial_spot/35eba8e4-d6ea-437a-8945-91cbca22cd8b___UF.GRC_BS_Lab Leaf 0398_final_masked.jpg,9
data/shared_subset/sbert/pv/Bell_pepper_leaf/25586e4c-0cba-4db9-8bab-4a6353f097e9___JR_HL 8335_final_masked.jpg,2
data/shared_subset/sbert/pv/Tomato_Early_blight_leaf/03b4571c-b1eb-4e2a-b372-307046913f50___RS_Erly.B 7548_final_masked.jpg,7
data/shared_subset/sbert/pv/Tomato_leaf_yellow_virus/e401d0e1-88c0-4dba-add4-7d76d135b153___UF.GRC_YLCV_Lab 03402_final_masked.jpg,12
data/shared_subset/sbert/pv/Tomato_leaf_yellow_virus/4e63f123-5cd8-494e-9caf-22e90641eeeb___YLCV_GCREC 5418_final_masked.jpg,12
data/shared_subset/sbert/pv/Potato_leaf_early_blight/3ef2279b-2fda-463a-b007-e2a93ff977f0___RS_Early.B 7235_final_masked.jpg,4
data/shared_subset/sbert/pv/Tomato_leaf_yellow_virus/97280284-3cd9-41f9-84de-73cdcdaa2f58___UF.GRC_YLCV_Lab 01508_final_masked.jpg,12
data/shared_subset/sbert/pv/Tomato_leaf_late_blight/41060f54-6ae7-4225-8c38-54490be4705d___RS_Late.B 7097_final_masked.jpg,10
data/shared_subset/sbert/pv/Tomato_mold_leaf/7db523bc-8cec-4744-976e-da8ca1a1bfc5___Crnl_L.Mold 6730_final_masked.jpg,13
data/shared_subset/sbert/pv/Tomato_leaf_late_blight/3c2f237b-3e91-455f-8064-428b308bc575___RS_Late.B 5291_final_masked.jpg,10
data/shared_subset/sbert/pv/Potato_leaf_early_blight/d03ee4f8-b77d-4f0f-8d13-d0a019a37a66___RS_Early.B 6970_final_masked.jpg,4
data/shared_subset/sbert/pv/Squash_Powdery_mildew_leaf/4a32798d-cdb6-4147-8cb2-dd3784c4cf50___MD_Powd.M 0072_final_masked.jpg,6
data/shared_subset/sbert/pv/Tomato_mold_leaf/0d54c850-da9a-498d-a636-ddeac067fd7e___Crnl_L.Mold 6746_final_masked.jpg,13
data/shared_subset/sbert/pv/Tomato_leaf_bacterial_spot/1d2bcd85-fdb7-4294-ba11-eb58373b4474___GCREC_Bact.Sp 3092_final_masked.jpg,9
data/shared_subset/sbert/pv/Tomato_leaf_bacterial_spot/71eeeb09-ce59-4b58-80a4-a01c4348a218___GCREC_Bact.Sp 3305_final_masked.jpg,9
data/shared_subset/sbert/pv/Tomato_leaf_yellow_virus/9ceb850c-df3c-42aa-86d1-9614d372becf___UF.GRC_YLCV_Lab 08487_final_masked.jpg,12
data/shared_subset/sbert/pv/Tomato_leaf_yellow_virus/64031d02-1e3e-4f59-a5d6-108050ebe306___UF.GRC_YLCV_Lab 01568_final_masked.jpg,12
data/shared_subset/sbert/pv/Tomato_Septoria_leaf_spot/0d8187e2-00e2-40e7-b1a5-c94db561057c___JR_Sept.L.S 8439_final_masked.jpg,8
data/shared_subset/sbert/pv/Bell_pepper_leaf/c7136dd2-a014-45e0-bdfc-1167769adadc___JR_HL 7731_final_masked.jpg,2
data/shared_subset/sbert/pv/Tomato_leaf_yellow_virus/31b53e43-13c8-4c4f-b0cd-9c2a9880910e___UF.GRC_YLCV_Lab 02281_final_masked.jpg,12
data/shared_subset/sbert/pv/Squash_Powdery_mildew_leaf/0b907a4e-2d99-4775-ae65-4c8c5c53ba9a___UMD_Powd.M 0074_final_masked.jpg,6
data/shared_subset/sbert/pv/Tomato_leaf_yellow_virus/8344ea78-762a-4321-8a04-39dfa509dc80___UF.GRC_YLCV_Lab 02043_final_masked.jpg,12
data/shared_subset/sbert/pv/Bell_pepper_leaf/47f970d9-b71c-47e0-b4f0-8283a0fa8ae7___JR_HL 7654_final_masked.jpg,2
data/shared_subset/sbert/pv/Potato_leaf_late_blight/cbb653f7-72fd-4499-9d90-efdcd8c30077___RS_LB 2764_final_masked.jpg,5
data/shared_subset/sbert/pv/Squash_Powdery_mildew_leaf/99a92f27-57c3-4cfc-a708-81da92f9eee9___MD_Powd.M 0453_final_masked.jpg,6
data/shared_subset/sbert/pv/Tomato_Early_blight_leaf/de57a88b-7170-4eca-93f6-330df50fa8b5___RS_Erly.B 9541_final_masked.jpg,7
data/shared_subset/sbert/pv/Tomato_leaf_yellow_virus/cf3b9a73-2170-414d-ad24-30a62da1043e___YLCV_GCREC 2899_final_masked.jpg,12
data/shared_subset/sbert/pv/Tomato_leaf_bacterial_spot/49c34c1b-08a8-4bdd-a933-0eb4daff5f97___GCREC_Bact.Sp 3501_final_masked.jpg,9
data/shared_subset/sbert/pv/Squash_Powdery_mildew_leaf/81ad1d43-cf36-41a3-a824-c58301ecfb49___MD_Powd.M 1030_final_masked.jpg,6
data/shared_subset/sbert/pv/Tomato_leaf_bacterial_spot/f3590208-3be1-4b32-accd-464e58950119___GCREC_Bact.Sp 3481_final_masked.jpg,9
data/shared_subset/sbert/pv/Potato_leaf_late_blight/1531198a-c611-47ee-af7d-7b124b863870___RS_LB 4793_final_masked.jpg,5
data/shared_subset/sbert/pv/Apple_Scab_Leaf/c4e2b47d-d3c9-418e-9e60-78cead67c5d7___FREC_Scab 2928_final_masked.jpg,0
data/shared_subset/sbert/pv/Squash_Powdery_mildew_leaf/50f51e66-317d-41dd-a516-82e079897174___MD_Powd.M 0351_final_masked.jpg,6
data/shared_subset/sbert/pv/Tomato_leaf_yellow_virus/480ea35e-ed0a-4906-977c-2cdfd62007bd___UF.GRC_YLCV_Lab 02359_final_masked.jpg,12
data/shared_subset/sbert/pv/Squash_Powdery_mildew_leaf/3162db9e-8b36-4685-85d2-ec6672398b54___UMD_Powd.M 0208_final_masked.jpg,6
data/shared_subset/sbert/pv/Tomato_Septoria_leaf_spot/654d6822-7309-4154-8662-2b3a2d38d49c___Matt.S_CG 7700_final_masked.jpg,8
data/shared_subset/sbert/pv/Bell_pepper_leaf_spot/357afd4d-f9d0-433b-8082-d9318a7f674a___NREC_B.Spot 9134_final_masked.jpg,3
data/shared_subset/sbert/pv/Tomato_leaf_yellow_virus/808c8f24-5b5f-4b9f-bdbb-158adb9b573a___YLCV_NREC 2021_final_masked.jpg,12
data/shared_subset/sbert/pv/Potato_leaf_early_blight/8ff3274d-02b2-4859-9415-982aa4ec7d8c___RS_Early.B 7465_final_masked.jpg,4
data/shared_subset/sbert/pv/Tomato_leaf_yellow_virus/35202b83-2f96-4be4-b344-ccd79e966605___YLCV_NREC 2334_final_masked.jpg,12
data/shared_subset/sbert/pv/Squash_Powdery_mildew_leaf/0c651f2e-6c35-49d9-9e4d-3c853b271610___UMD_Powd.M 0509_final_masked.jpg,6
data/shared_subset/sbert/pv/Tomato_leaf_bacterial_spot/41ad4c6f-cc69-438e-ac9a-431fc692824b___GCREC_Bact.Sp 3372_final_masked.jpg,9
data/shared_subset/sbert/pv/Tomato_leaf_late_blight/73ef196e-eeb9-4fe6-93fe-d7c5d879c455___GHLB2 Leaf 9027_final_masked.jpg,10
data/shared_subset/sbert/pv/Potato_leaf_early_blight/bb07a1b7-b9ad-4016-a013-9ff0e4636d4a___RS_Early.B 7156_final_masked.jpg,4
data/shared_subset/sbert/pv/Tomato_leaf_bacterial_spot/0b233197-cd35-4031-80c2-610e7e3a046b___GCREC_Bact.Sp 6095_final_masked.jpg,9
data/shared_subset/sbert/pv/Tomato_leaf_yellow_virus/d02b38e5-8bcf-4e60-b614-96ea408b3528___UF.GRC_YLCV_Lab 02429_final_masked.jpg,12
data/shared_subset/sbert/pv/Tomato_Septoria_leaf_spot/0ea612c0-8416-4771-a8bb-d5d255800f94___JR_Sept.L.S 8533_final_masked.jpg,8
data/shared_subset/sbert/pv/Tomato_leaf_yellow_virus/e770452b-a74a-4164-9fff-8b8d3f1a677a___YLCV_GCREC 5228_final_masked.jpg,12
data/shared_subset/sbert/pv/Potato_leaf_late_blight/2657bf2b-c03e-4ec6-bf6a-4afe8645acec___RS_LB 3110_final_masked.jpg,5
data/shared_subset/sbert/pv/Tomato_Septoria_leaf_spot/9b52dfbf-f3d7-4777-a620-7eaa6d3086aa___Matt.S_CG 6156_final_masked.jpg,8
data/shared_subset/sbert/pv/Bell_pepper_leaf/c02c082f-9827-4362-be48-e34c12c9d084___JR_HL 8334_final_masked.jpg,2
data/shared_subset/sbert/pv/Tomato_leaf_yellow_virus/60b08403-46e2-498d-8aff-548324455f61___YLCV_NREC 2464_final_masked.jpg,12
data/shared_subset/sbert/pv/Tomato_leaf_yellow_virus/a060ee22-57e7-4999-9ae8-e8a5ec56620c___YLCV_NREC 2727_final_masked.jpg,12
data/shared_subset/sbert/pv/Tomato_leaf_yellow_virus/8006a6ee-bc87-499c-8535-e46578797327___UF.GRC_YLCV_Lab 01475_final_masked.jpg,12
data/shared_subset/sbert/pv/Apple_Scab_Leaf/52d5723a-b498-4759-89a1-a7d815689716___FREC_Scab 3034_final_masked.jpg,0
data/shared_subset/sbert/pv/Tomato_leaf_bacterial_spot/974bfda6-f0ea-48a4-965e-9346c8f2f17b___GCREC_Bact.Sp 6237_final_masked.jpg,9
data/shared_subset/sbert/pv/Tomato_leaf_bacterial_spot/526fe053-f112-41dc-8a66-f912b73d0b66___UF.GRC_BS_Lab Leaf 8941_final_masked.jpg,9
data/shared_subset/sbert/pv/Tomato_mold_leaf/f3c54833-7b3e-43bf-8d1d-a67a8c6cfd83___Crnl_L.Mold 8858_final_masked.jpg,13
data/shared_subset/sbert/pv/Squash_Powdery_mildew_leaf/df386587-b62f-40c8-b006-90d86552906b___UMD_Powd.M 0213_final_masked.jpg,6
data/shared_subset/sbert/pv/Tomato_leaf_bacterial_spot/37f07271-2a51-4ebd-8346-d9703f725998___GCREC_Bact.Sp 3238_final_masked.jpg,9
data/shared_subset/sbert/pv/Tomato_leaf_yellow_virus/61956cbd-f717-4785-aa37-05f3a369c968___UF.GRC_YLCV_Lab 02394_final_masked.jpg,12
data/shared_subset/sbert/pv/Bell_pepper_leaf/2c8d77dd-0173-41d0-9e95-9e11092af9a8___JR_HL 8737_final_masked.jpg,2
data/shared_subset/sbert/pv/Tomato_Septoria_leaf_spot/91857ff3-93b6-4c07-b6cd-a23bd89717ee___JR_Sept.L.S 8493_final_masked.jpg,8
data/shared_subset/sbert/pv/Bell_pepper_leaf/f3cb1c60-4aae-4f2d-ae59-6654296a969b___JR_HL 8399_final_masked.jpg,2
data/shared_subset/sbert/pv/Potato_leaf_early_blight/c4b16bb7-f358-4010-a04c-10206bad02e9___RS_Early.B 8391_final_masked.jpg,4
data/shared_subset/sbert/pv/Tomato_leaf_yellow_virus/d201cca8-3d9f-4d44-913a-c940f26df2f7___YLCV_NREC 2108_final_masked.jpg,12
data/shared_subset/sbert/pv/Tomato_Early_blight_leaf/0c865fa4-b0bf-4e69-b39a-d97b068cef84___RS_Erly.B 7477_final_masked.jpg,7
data/shared_subset/sbert/pv/Bell_pepper_leaf_spot/bd4af3cd-1124-4b3e-b5b9-c58ab11266b6___JR_B.Spot 9013_final_masked.jpg,3
data/shared_subset/sbert/pv/Tomato_leaf_late_blight/62ba6c10-2e36-48ed-9f8b-f26cd5884666___GHLB2 Leaf 8828_final_masked.jpg,10
data/shared_subset/sbert/pv/Tomato_leaf_late_blight/08a723e4-6b51-4395-8013-b1f3f03709b8___GHLB2 Leaf 8967_final_masked.jpg,10
data/shared_subset/sbert/pv/Tomato_leaf_bacterial_spot/27637c36-4f67-429c-97a0-39d035f3fd38___UF.GRC_BS_Lab Leaf 8864_final_masked.jpg,9
data/shared_subset/sbert/pv/Bell_pepper_leaf_spot/e5a83007-3ed6-4621-ac3f-75337614f490___NREC_B.Spot 9209_final_masked.jpg,3
data/shared_subset/sbert/pv/Tomato_leaf_yellow_virus/c00dec3e-aa4e-4b9c-97a6-c945f032dabc___YLCV_NREC 0162_final_masked.jpg,12
data/shared_subset/sbert/pv/Potato_leaf_late_blight/04fe5855-ec9c-40b3-9893-ca8addc236bd___RS_LB 4913_final_masked.jpg,5
data/shared_subset/sbert/pv/Tomato_leaf_late_blight/27a3a882-d241-4b46-9606-04e7fcaced25___GHLB2 Leaf 8599_final_masked.jpg,10
data/shared_subset/sbert/pv/Tomato_Septoria_leaf_spot/3795408d-1142-499f-aeb2-821214b1bb8c___Matt.S_CG 6517_final_masked.jpg,8
data/shared_subset/sbert/pv/Tomato_leaf_bacterial_spot/ad9ce3a4-3686-42dd-b64c-c6ebc6c0b242___GCREC_Bact.Sp 6195_final_masked.jpg,9
data/shared_subset/sbert/pv/Apple_Scab_Leaf/b0b2a38c-396d-4d25-b346-5947e2c787d9___FREC_Scab 3077_final_masked.jpg,0
data/shared_subset/sbert/pv/Tomato_leaf_yellow_virus/18ff421b-77c2-47fe-b9f9-fb732d86460d___UF.GRC_YLCV_Lab 01836_final_masked.jpg,12
data/shared_subset/sbert/pv/Tomato_leaf_yellow_virus/aea34fa2-af1f-4f31-ae42-0707014cdc29___UF.GRC_YLCV_Lab 08445_final_masked.jpg,12
data/shared_subset/sbert/pv/Tomato_leaf_yellow_virus/797266f3-1a6d-4201-a4d8-01cff698bfdb___UF.GRC_YLCV_Lab 01619_final_masked.jpg,12
data/shared_subset/sbert/pv/Tomato_leaf_yellow_virus/69077745-ef0b-4a8a-9f8a-5fc046a2b9d0___YLCV_NREC 2433_final_masked.jpg,12
data/shared_subset/sbert/pv/Apple_Scab_Leaf/c84037f0-a9ba-46fc-9e44-ca67914ae7d0___FREC_Scab 3171_final_masked.jpg,0
data/shared_subset/sbert/pv/Tomato_leaf_yellow_virus/76762a24-0c95-40b2-b861-fc743293fb7d___UF.GRC_YLCV_Lab 02094_final_masked.jpg,12
data/shared_subset/sbert/pv/Tomato_leaf_yellow_virus/5813e21e-042f-4579-ad6d-7fe37f30db98___YLCV_NREC 0247_final_masked.jpg,12
data/shared_subset/sbert/pv/Tomato_Septoria_leaf_spot/dc2dc933-0e6f-46ea-a490-55919ec329e6___Matt.S_CG 1304_final_masked.jpg,8
data/shared_subset/sbert/pv/Tomato_leaf_bacterial_spot/55339b80-574d-4379-bc85-35558fcc0bea___UF.GRC_BS_Lab Leaf 0554_final_masked.jpg,9
data/shared_subset/sbert/pv/Potato_leaf_late_blight/b598f9a7-b582-4fef-9c3d-cc985f2f9c03___RS_LB 3294_final_masked.jpg,5
data/shared_subset/sbert/pv/Tomato_leaf_bacterial_spot/6b463262-379a-4694-affa-1030a9f4c087___GCREC_Bact.Sp 3366_final_masked.jpg,9
data/shared_subset/sbert/pv/Tomato_mold_leaf/9d23d930-a755-4554-bb5d-093d0055b65d___Crnl_L.Mold 9090_final_masked.jpg,13
data/shared_subset/sbert/pv/Tomato_leaf_yellow_virus/91009015-aa61-4d9c-8a52-37131428e04f___YLCV_GCREC 2471_final_masked.jpg,12
data/shared_subset/sbert/pv/Tomato_leaf_yellow_virus/e11c4227-4953-4923-ad62-22270cdca221___UF.GRC_YLCV_Lab 02785_final_masked.jpg,12
data/shared_subset/sbert/pv/Tomato_leaf_yellow_virus/4deac08b-8a7b-4929-ade6-17084091a7ba___YLCV_GCREC 2591_final_masked.jpg,12
data/shared_subset/sbert/pv/Tomato_leaf_bacterial_spot/0a1655ed-797c-4d1d-ba35-dc255d68a2ee___GCREC_Bact.Sp 3560_final_masked.jpg,9
data/shared_subset/sbert/pv/Squash_Powdery_mildew_leaf/3e577c6f-cf2d-4b3e-acd3-2e8cc34ea8bc___UMD_Powd.M 0490_final_masked.jpg,6
data/shared_subset/sbert/pv/grape_leaf_black_rot/e279a08d-52a9-440d-9f23-1dd186e637ad___FAM_B.Rot 3476_final_masked.jpg,14
data/shared_subset/sbert/pv/Tomato_leaf_yellow_virus/442b3e79-5dab-46ae-a31c-e75f3d68b013___UF.GRC_YLCV_Lab 01821_final_masked.jpg,12
data/shared_subset/sbert/pv/Bell_pepper_leaf_spot/c169d60e-df5f-4b67-b58b-b07b7d20e5bc___JR_B.Spot 8885_final_masked.jpg,3
data/shared_subset/sbert/pv/Tomato_leaf_yellow_virus/a7e7f799-1284-4883-b0dd-2f662b428307___UF.GRC_YLCV_Lab 01947_final_masked.jpg,12
data/shared_subset/sbert/pv/Tomato_leaf_yellow_virus/4f7c7918-df06-4a88-a48d-f06609e7b138___YLCV_NREC 2626_final_masked.jpg,12
data/shared_subset/sbert/pv/Bell_pepper_leaf/4e9af7bf-96f5-4973-8470-0db94ef8e375___JR_HL 7896_final_masked.jpg,2
data/shared_subset/sbert/pv/Bell_pepper_leaf_spot/1b589f92-a658-4e58-96de-db41acc411ce___JR_B.Spot 3239_final_masked.jpg,3
data/shared_subset/sbert/pv/Tomato_leaf_bacterial_spot/9826cf0e-f124-4262-a994-b43027c2484a___GCREC_Bact.Sp 5781_final_masked.jpg,9
data/shared_subset/sbert/pv/Tomato_leaf_bacterial_spot/3489afd3-f198-4866-8ca6-09a221d1236c___GCREC_Bact.Sp 5656_final_masked.jpg,9
data/shared_subset/sbert/pv/Bell_pepper_leaf/0119205b-cfac-4322-be37-dcc401fcfa11___JR_HL 8527_final_masked.jpg,2
data/shared_subset/sbert/pv/Tomato_leaf_yellow_virus/5e70dee5-a7fc-4a12-bf64-8996f5acc2d8___YLCV_GCREC 5201_final_masked.jpg,12
data/shared_subset/sbert/pv/Potato_leaf_late_blight/fe93615b-4160-4956-a65c-cdbc79af2052___RS_LB 5131_final_masked.jpg,5
data/shared_subset/sbert/pv/Tomato_leaf_yellow_virus/df194dd9-1732-44b7-ad24-8d0dba24e8b5___YLCV_GCREC 1929_final_masked.jpg,12
data/shared_subset/sbert/pv/Bell_pepper_leaf_spot/01ebc916-4793-40a3-b5e4-a32687e4fa3d___NREC_B.Spot 9125_final_masked.jpg,3
data/shared_subset/sbert/pv/Tomato_leaf_bacterial_spot/970bbfa4-226c-445c-9212-e3ad3c36138e___GCREC_Bact.Sp 3251_final_masked.jpg,9
data/shared_subset/sbert/pv/Apple_Scab_Leaf/073b509f-c1ea-4e61-881b-2e874c5f4199___FREC_Scab 3286_final_masked.jpg,0
data/shared_subset/sbert/pv/Tomato_Early_blight_leaf/e31c2f10-8b8d-4aec-9bc7-764d2995ebec___RS_Erly.B 7398_final_masked.jpg,7
data/shared_subset/sbert/pv/Tomato_leaf_yellow_virus/99abcc2c-0b45-4868-bf37-23c347dbb4b8___YLCV_GCREC 2257_final_masked.jpg,12
data/shared_subset/sbert/pv/Potato_leaf_early_blight/da412bf6-6bee-4dfb-8bc7-b6e9f80971ff___RS_Early.B 6808_final_masked.jpg,4
data/shared_subset/sbert/pv/Tomato_leaf_yellow_virus/f112226f-4a2e-4b09-a355-7d7e1ff9308f___YLCV_NREC 0308_final_masked.jpg,12
data/shared_subset/sbert/pv/Tomato_leaf_yellow_virus/8b8edbc8-52cf-456f-881c-6c4b98f138c4___YLCV_GCREC 2022_final_masked.jpg,12
data/shared_subset/sbert/pv/Tomato_leaf_bacterial_spot/d3969371-05ad-4097-8390-5d4124d19a9e___GCREC_Bact.Sp 3224_final_masked.jpg,9
data/shared_subset/sbert/pv/Tomato_leaf_yellow_virus/f3918648-a3a6-461e-941a-9920db2f1ca6___UF.GRC_YLCV_Lab 02619_final_masked.jpg,12
data/shared_subset/sbert/pv/Potato_leaf_late_blight/0f1fb568-1b12-45ef-ad99-c59fa9075693___RS_LB 3242_final_masked.jpg,5
data/shared_subset/sbert/pv/Tomato_Early_blight_leaf/6f8ac19d-d97f-47ee-8ad4-bb53ab7984a0___RS_Erly.B 7786_final_masked.jpg,7
data/shared_subset/sbert/pv/Tomato_leaf_yellow_virus/2d63c366-aea3-4ceb-991d-5c58202ce496___YLCV_GCREC 2387_final_masked.jpg,12
data/shared_subset/sbert/pv/Tomato_leaf_mosaic_virus/c03d1596-7911-42f1-bbf3-3f3c052b3e76___PSU_CG 2223_final_masked.jpg,11
data/shared_subset/sbert/pv/Tomato_leaf_yellow_virus/0273f811-11bf-4fc3-b8b1-fe33ac4b3692___UF.GRC_YLCV_Lab 03226_final_masked.jpg,12
data/shared_subset/sbert/pv/Apple_rust_leaf/d4547913-b1ce-4620-b078-dbf24ea71764___FREC_C.Rust 4197_final_masked.jpg,1
data/shared_subset/sbert/pv/Tomato_Septoria_leaf_spot/696f8ae9-a39b-42a4-925a-05a1c69a62a8___Matt.S_CG 7493_final_masked.jpg,8
data/shared_subset/sbert/pv/Bell_pepper_leaf/d8a79539-88dc-45a9-9b42-90511c8e79e0___JR_HL 8270_final_masked.jpg,2
data/shared_subset/sbert/pv/Squash_Powdery_mildew_leaf/d63cd74c-ad6b-4106-a64d-e57aa22e2afa___UMD_Powd.M 0169_final_masked.jpg,6
data/shared_subset/sbert/pv/Tomato_Early_blight_leaf/c163bdbd-0c60-44da-be29-a1d0cad71b72___RS_Erly.B 8343_final_masked.jpg,7
data/shared_subset/sbert/pv/Tomato_Septoria_leaf_spot/b018d1a5-ff83-4585-9461-ad60bf24b985___Keller.St_CG 1875_final_masked.jpg,8
data/shared_subset/sbert/pv/grape_leaf_black_rot/2c25ac9a-3bb3-426a-b4f9-7856b70ea436___FAM_B.Rot 0560_final_masked.jpg,14
data/shared_subset/sbert/pv/Tomato_leaf_yellow_virus/f7ddffe4-6009-4c68-ba10-a2134e1416dc___YLCV_GCREC 5444_final_masked.jpg,12
data/shared_subset/sbert/pv/Tomato_leaf_bacterial_spot/0ad88d7a-c14a-4ac9-8520-c11a0ade3a8f___UF.GRC_BS_Lab Leaf 0996_final_masked.jpg,9
data/shared_subset/sbert/pv/grape_leaf_black_rot/00905d40-bddf-460e-b348-1dbb6a34653b___FAM_B.Rot 0664_final_masked.jpg,14
data/shared_subset/sbert/pv/Apple_rust_leaf/a39baf45-f09c-4b1f-a382-25c8f61f49c0___FREC_C.Rust 4123_final_masked.jpg,1
data/shared_subset/sbert/pv/Tomato_leaf_yellow_virus/1b568289-2f14-4019-b028-3f02ffe3752b___YLCV_NREC 2254_final_masked.jpg,12
data/shared_subset/sbert/pv/Tomato_leaf_yellow_virus/df7b7d9f-e0b4-4f78-b200-2b24258e72d5___YLCV_GCREC 2498_final_masked.jpg,12
data/shared_subset/sbert/pv/Tomato_leaf_late_blight/726a5ae7-e33b-4854-a872-71318ec3a493___RS_Late.B 5538_final_masked.jpg,10
data/shared_subset/sbert/pv/grape_leaf_black_rot/3b646501-0c1f-4f1b-889e-26a4a31d03f7___FAM_B.Rot 5084_final_masked.jpg,14
data/shared_subset/sbert/pv/Tomato_Early_blight_leaf/630ad26e-4c4e-4cfa-aa4c-75b54b5e6395___RS_Erly.B 7658_final_masked.jpg,7
data/shared_subset/sbert/pv/Tomato_leaf_late_blight/7fe41e8b-a062-4403-97b1-0415e2cf8fc5___RS_Late.B 7055_final_masked.jpg,10
data/shared_subset/sbert/pv/Tomato_Septoria_leaf_spot/93d905ab-5def-4105-80b8-d85f54258a4a___Keller.St_CG 2028_final_masked.jpg,8
data/shared_subset/sbert/pv/Tomato_Septoria_leaf_spot/9f838c75-cb02-4a79-bd8a-30a3fcac5526___JR_Sept.L.S 2462_final_masked.jpg,8
data/shared_subset/sbert/pv/Tomato_leaf_bacterial_spot/6dc6ed46-c38b-4ebd-8985-80f83ebd709e___GCREC_Bact.Sp 2954_final_masked.jpg,9
data/shared_subset/sbert/pv/Bell_pepper_leaf_spot/b65e91d6-4f22-4d3b-b82f-9590160b7746___JR_B.Spot 8919_final_masked.jpg,3
data/shared_subset/sbert/pv/Bell_pepper_leaf/cec3cfff-3d00-46cf-8a8e-b7438ec7901e___JR_HL 7810_final_masked.jpg,2
data/shared_subset/sbert/pv/Tomato_leaf_late_blight/dd5e7367-9830-4f2e-8022-cb5dc60afd24___GHLB2 Leaf 8549_final_masked.jpg,10
data/shared_subset/sbert/pv/Bell_pepper_leaf_spot/0a9cfb27-280e-475a-bbb4-8eeaeff38b8c___NREC_B.Spot 9177_final_masked.jpg,3
data/shared_subset/sbert/pv/Tomato_leaf_late_blight/0d7a68e9-3df0-4ef8-88f7-c0a202725c5d___RS_Late.B 6787_final_masked.jpg,10
data/shared_subset/sbert/pv/Bell_pepper_leaf/4dae1983-04d3-44f9-a226-e94f256677e0___JR_HL 8355_final_masked.jpg,2
data/shared_subset/sbert/pv/Potato_leaf_early_blight/f56f07b9-9f3a-4c80-a4f8-daf49f479db2___RS_Early.B 8741_final_masked.jpg,4
data/shared_subset/sbert/pv/Squash_Powdery_mildew_leaf/80ee93d5-1da9-4d2e-a68a-b2b69c18bc8c___MD_Powd.M 0750_final_masked.jpg,6
data/shared_subset/sbert/pv/Bell_pepper_leaf/8dfad1c7-cec1-4d8d-99c6-e7504965b1f8___JR_HL 8642_final_masked.jpg,2
data/shared_subset/sbert/pv/Tomato_leaf_yellow_virus/9a699ebc-8da5-4d66-adf6-e7d7c6a498e5___UF.GRC_YLCV_Lab 02629_final_masked.jpg,12
data/shared_subset/sbert/pv/Tomato_leaf_late_blight/a6b94272-9bb5-495e-bce4-2622d2ea34f5___GHLB Leaf 25.2 Day 12_final_masked.jpg,10
data/shared_subset/sbert/pv/Squash_Powdery_mildew_leaf/617800cd-11ef-4698-9ae2-b4e37c400a09___UMD_Powd.M 9637_final_masked.jpg,6
data/shared_subset/sbert/pv/Potato_leaf_late_blight/051089cf-e083-4fdb-9256-aac12b8a55d2___RS_LB 4078_final_masked.jpg,5
data/shared_subset/sbert/pv/Squash_Powdery_mildew_leaf/69dc8458-94d1-42e4-a366-fc634adea5ad___MD_Powd.M 0566_final_masked.jpg,6
data/shared_subset/sbert/pv/Tomato_leaf_bacterial_spot/f92bb674-d3ff-480e-aa28-53d227491d95___GCREC_Bact.Sp 5949_final_masked.jpg,9
data/shared_subset/sbert/pv/Bell_pepper_leaf_spot/3d87a319-d032-4bac-9b6c-0160a23531b9___NREC_B.Spot 1853_final_masked.jpg,3
data/shared_subset/sbert/pv/grape_leaf_black_rot/bca5a83a-5899-4b06-9737-190f2021e93b___FAM_B.Rot 3431_final_masked.jpg,14
data/shared_subset/sbert/pv/Potato_leaf_early_blight/d84ba2ee-6ef5-45b7-a15a-b677b99cd3f6___RS_Early.B 6772_final_masked.jpg,4
data/shared_subset/sbert/pv/Squash_Powdery_mildew_leaf/adb8bbb6-964c-4c81-b7db-713d89a4a600___UMD_Powd.M 0416_final_masked.jpg,6
data/shared_subset/sbert/pv/Tomato_Early_blight_leaf/65579d4a-eb54-47cb-a8f7-d886971c8c63___RS_Erly.B 7475_final_masked.jpg,7
data/shared_subset/sbert/pv/Tomato_leaf_bacterial_spot/804d4f72-ba6c-4de8-acac-3cfa3683ee81___GCREC_Bact.Sp 5575_final_masked.jpg,9
data/shared_subset/sbert/pv/Squash_Powdery_mildew_leaf/dc7e6773-ccf4-41cb-8190-30ea2b2cbcc9___MD_Powd.M 1031_final_masked.jpg,6
data/shared_subset/sbert/pv/Bell_pepper_leaf_spot/7d2eeb0b-77d8-4de5-8739-adca95edd4a2___JR_B.Spot 8946_final_masked.jpg,3
data/shared_subset/sbert/pv/Tomato_leaf_yellow_virus/528f7ad4-282f-4efe-a3c8-6390e0bef59c___YLCV_NREC 0187_final_masked.jpg,12
data/shared_subset/sbert/pv/Potato_leaf_late_blight/84e85005-c647-4381-8762-c487074c9571___RS_LB 5186_final_masked.jpg,5
data/shared_subset/sbert/pv/Tomato_mold_leaf/abc565cd-fe1c-4839-ad1f-5721d4506a2c___Crnl_L.Mold 9082_final_masked.jpg,13
data/shared_subset/sbert/pv/Bell_pepper_leaf/3f3b903c-cfeb-4574-8be7-1580296d7c2f___JR_HL 5865_final_masked.jpg,2
data/shared_subset/sbert/pv/Tomato_Septoria_leaf_spot/1a2ce36b-89e9-43ea-9e54-b2da024c08fc___JR_Sept.L.S 8532_final_masked.jpg,8
data/shared_subset/sbert/pv/Bell_pepper_leaf_spot/e1a8a7b1-5e9a-4da0-a894-9d83821b0d01___NREC_B.Spot 9170_final_masked.jpg,3
data/shared_subset/sbert/pv/Potato_leaf_late_blight/b9aecfc3-98d5-467a-8773-ee2905918c71___RS_LB 5161_final_masked.jpg,5
data/shared_subset/sbert/pv/Potato_leaf_early_blight/3613b972-6af8-4a9a-be7f-bf68e4eb4cd0___RS_Early.B 6813_final_masked.jpg,4
data/shared_subset/sbert/pv/Tomato_leaf_late_blight/5b71f955-289e-4279-896c-b79d69c8dd5e___RS_Late.B 6495_final_masked.jpg,10
data/shared_subset/sbert/pv/Tomato_leaf_late_blight/9781d9ef-a5b7-46e9-a763-a2b03b4d703f___RS_Late.B 6885_final_masked.jpg,10
data/shared_subset/sbert/pv/Tomato_Septoria_leaf_spot/dba28341-c2bb-4c7f-a15b-8fac8f38e00b___JR_Sept.L.S 8371_final_masked.jpg,8
data/shared_subset/sbert/pv/Tomato_mold_leaf/4163864b-4d3b-4b6e-8174-e26b4dfc0a86___Crnl_L.Mold 8943_final_masked.jpg,13
data/shared_subset/sbert/pv/Squash_Powdery_mildew_leaf/726f1207-81ae-4d39-9fc1-41ea6215a1ad___MD_Powd.M 0926_final_masked.jpg,6
data/shared_subset/sbert/pv/Tomato_leaf_yellow_virus/2e4361a4-6ccb-40dd-91ff-e8008153a207___YLCV_GCREC 5317_final_masked.jpg,12
data/shared_subset/sbert/pv/Bell_pepper_leaf_spot/092b3e29-d29a-482f-9207-3cd5fbed6710___JR_B.Spot 3238_final_masked.jpg,3
data/shared_subset/sbert/pv/Tomato_leaf_late_blight/9d849fe1-407c-44dc-9f48-92fd23d0887d___GHLB2 Leaf 8624_final_masked.jpg,10
data/shared_subset/sbert/pv/Squash_Powdery_mildew_leaf/7d92e9d2-2fdb-4366-a0dd-454b53d285ad___UMD_Powd.M 9966_final_masked.jpg,6
data/shared_subset/sbert/pv/Squash_Powdery_mildew_leaf/5680ba41-f933-4442-b76c-80f4a2d3d893___MD_Powd.M 0548_final_masked.jpg,6
data/shared_subset/sbert/pv/Bell_pepper_leaf_spot/0efa6329-22f4-4bf0-a67a-17b0d5e4d2f2___NREC_B.Spot 9145_final_masked.jpg,3
data/shared_subset/sbert/pv/Tomato_leaf_yellow_virus/d595528b-22f0-41e1-b639-c8f91830c759___UF.GRC_YLCV_Lab 01572_final_masked.jpg,12
data/shared_subset/sbert/pv/Tomato_leaf_late_blight/3dcee9ed-43bb-45a9-8cff-641b3dd62179___RS_Late.B 5324_final_masked.jpg,10
data/shared_subset/sbert/pv/grape_leaf_black_rot/ab7db31d-5474-4115-a861-8183b304d103___FAM_B.Rot 0677_final_masked.jpg,14
data/shared_subset/sbert/pv/Squash_Powdery_mildew_leaf/b7abbfec-fa1e-48df-bb63-a9a7157f1f83___MD_Powd.M 0073_final_masked.jpg,6
data/shared_subset/sbert/pv/Bell_pepper_leaf_spot/da6bf599-43d6-4b8e-80bd-97721561273f___JR_B.Spot 8973_final_masked.jpg,3
data/shared_subset/sbert/pv/Bell_pepper_leaf_spot/8ea79527-9b03-44c1-a686-db2ab4b87623___JR_B.Spot 3335_final_masked.jpg,3
data/shared_subset/sbert/pv/Tomato_Septoria_leaf_spot/ba5de483-365d-4a7c-8340-bf3ca0923a5e___Keller.St_CG 1861_final_masked.jpg,8
data/shared_subset/sbert/pv/Tomato_Septoria_leaf_spot/13bc2fc9-24ab-44c5-bf5d-ea0d1a68798f___Matt.S_CG 0980_final_masked.jpg,8
data/shared_subset/sbert/pv/Tomato_leaf_bacterial_spot/5bf73067-7550-4857-aa0f-c35e7bbcb668___UF.GRC_BS_Lab Leaf 1166_final_masked.jpg,9
data/shared_subset/sbert/pv/Tomato_leaf_late_blight/74fd0cc8-43c7-4659-94ef-b4c55919f677___RS_Late.B 6052_final_masked.jpg,10
data/shared_subset/sbert/pv/Tomato_leaf_bacterial_spot/68b7d7af-1071-42db-80b7-2d46261b9dff___GCREC_Bact.Sp 6132_final_masked.jpg,9
data/shared_subset/sbert/pv/Tomato_leaf_late_blight/7b8c983a-c159-4f79-86aa-13c8223155fd___RS_Late.B 5156_final_masked.jpg,10
data/shared_subset/sbert/pv/Squash_Powdery_mildew_leaf/24aa391a-08c1-4354-ba4a-56b38f2d8c8a___UMD_Powd.M 0091_final_masked.jpg,6
data/shared_subset/sbert/pv/Tomato_leaf_yellow_virus/d2403993-1d5e-41d7-9b49-c0c788ba158b___UF.GRC_YLCV_Lab 01521_final_masked.jpg,12
data/shared_subset/sbert/pv/Potato_leaf_early_blight/839a8aeb-9bcc-4fd9-b196-639d6f681426___RS_Early.B 7068_final_masked.jpg,4
data/shared_subset/sbert/pv/Apple_Scab_Leaf/4b7c40cd-b145-4945-b649-3576a1d898dc___FREC_Scab 3343_final_masked.jpg,0
data/shared_subset/sbert/pv/Tomato_leaf_yellow_virus/7257f560-6655-4aa2-95cb-42d6c98c1229___YLCV_NREC 0236_final_masked.jpg,12
data/shared_subset/sbert/pv/Tomato_Septoria_leaf_spot/28ac876e-4b48-4486-b40a-d4fad31f6880___Keller.St_CG 1805_final_masked.jpg,8
data/shared_subset/sbert/pv/Tomato_Early_blight_leaf/a7aac68f-92a8-42dd-ad5b-662c172fa594___RS_Erly.B 7579_final_masked.jpg,7
data/shared_subset/sbert/pv/Tomato_leaf_bacterial_spot/bfe43257-51c4-40c9-8989-a193b19ee2ed___GCREC_Bact.Sp 6111_final_masked.jpg,9
data/shared_subset/sbert/pv/Tomato_leaf_bacterial_spot/b7db70a8-ca63-409e-9e60-47dce0ac5164___UF.GRC_BS_Lab Leaf 0646_final_masked.jpg,9
data/shared_subset/sbert/pv/Tomato_leaf_bacterial_spot/7b0955af-e428-4c82-9834-7158f6cf86db___UF.GRC_BS_Lab Leaf 0509_final_masked.jpg,9
data/shared_subset/sbert/pv/Tomato_leaf_yellow_virus/e27a1638-6271-470c-b640-790427629c9c___UF.GRC_YLCV_Lab 02263_final_masked.jpg,12
data/shared_subset/sbert/pv/Potato_leaf_late_blight/aaf6fed2-0c7d-47b5-99df-bb6950092fe5___RS_LB 2723_final_masked.jpg,5
data/shared_subset/sbert/pv/Apple_rust_leaf/8a2c7dda-c639-47f2-8f10-3bd33d24a08e___FREC_C.Rust 3929_final_masked.jpg,1
data/shared_subset/sbert/pv/Tomato_mold_leaf/e7391b48-0b36-41fd-81f0-35c6b5a24d0a___Crnl_L.Mold 6761_final_masked.jpg,13
data/shared_subset/sbert/pv/Tomato_leaf_mosaic_virus/3890da39-cc56-47ae-bc49-547565b69dc0___PSU_CG 2248_final_masked.jpg,11
data/shared_subset/sbert/pv/Tomato_leaf_bacterial_spot/16912266-6a1b-426c-9e58-2f0ff1a4e35a___UF.GRC_BS_Lab Leaf 8673_final_masked.jpg,9
data/shared_subset/sbert/pv/Tomato_leaf_late_blight/f2dd9615-908e-4504-b38d-542765ae4f48___GHLB Leaf 8.3 Day 13_final_masked.jpg,10
data/shared_subset/sbert/pv/Tomato_Septoria_leaf_spot/fb6e1087-a258-49c0-bebf-7785bb51e93e___Keller.St_CG 1836_final_masked.jpg,8
data/shared_subset/sbert/pv/Potato_leaf_early_blight/84546db4-ea7c-4357-bf3d-6afcae9a05bf___RS_Early.B 7637_final_masked.jpg,4
data/shared_subset/sbert/pv/Tomato_mold_leaf/cf7d8916-0dc4-4636-85cf-7552c87e13bb___Crnl_L.Mold 9069_final_masked.jpg,13
data/shared_subset/sbert/pv/Tomato_Septoria_leaf_spot/2e69e7bc-a60d-43b4-84f9-637c90eb71bb___JR_Sept.L.S 8538_final_masked.jpg,8
data/shared_subset/sbert/pv/Tomato_leaf_yellow_virus/ea057115-6a1f-4958-80fc-2605fbf2002b___UF.GRC_YLCV_Lab 02747_final_masked.jpg,12
data/shared_subset/sbert/pv/Tomato_leaf_yellow_virus/630d9390-f02d-4e8b-b311-bdf948c28d3d___YLCV_NREC 2189_final_masked.jpg,12
data/shared_subset/sbert/pv/Tomato_Early_blight_leaf/9eec6625-b337-403b-b93c-e809f4e0b8c4___RS_Erly.B 7681_final_masked.jpg,7
data/shared_subset/sbert/pv/grape_leaf_black_rot/af11a589-7f6f-4460-80ab-d911e09e3854___FAM_B.Rot 0701_final_masked.jpg,14
data/shared_subset/sbert/pv/Tomato_Septoria_leaf_spot/b4d1fd1c-27f2-476a-8d86-4636028ea4ab___Matt.S_CG 1271_final_masked.jpg,8
data/shared_subset/sbert/pv/Tomato_leaf_yellow_virus/0903aa95-6e8a-4abd-a003-126fcd9a5493___YLCV_GCREC 2806_final_masked.jpg,12
data/shared_subset/sbert/pv/Tomato_leaf_yellow_virus/9ffde41e-1539-4957-a4cf-b26e1e20981e___YLCV_NREC 2053_final_masked.jpg,12
data/shared_subset/sbert/pv/Squash_Powdery_mildew_leaf/82198458-d3bc-49f4-8ea7-9b98c8d3e029___UMD_Powd.M 0622_final_masked.jpg,6
data/shared_subset/sbert/pv/Bell_pepper_leaf/06ae69f3-53f7-4ad8-b6b0-185dd26b2fc0___JR_HL 7971_final_masked.jpg,2
data/shared_subset/sbert/pv/Tomato_leaf_yellow_virus/b83f0d90-0dce-427a-9cdd-ab8d1f20724f___UF.GRC_YLCV_Lab 01690_final_masked.jpg,12
data/shared_subset/sbert/pv/Bell_pepper_leaf/3ba519c0-340f-4cef-bbea-fcb67645868e___JR_HL 7828_final_masked.jpg,2
data/shared_subset/sbert/pv/Tomato_leaf_mosaic_virus/eeeb214a-2f7d-4e91-991f-003a3a9508be___PSU_CG 2078_final_masked.jpg,11
data/shared_subset/sbert/pv/Tomato_leaf_bacterial_spot/e4097ba1-9edf-4f41-9c11-6dee42bd56b4___GCREC_Bact.Sp 2999_final_masked.jpg,9
data/shared_subset/sbert/pv/Tomato_leaf_yellow_virus/8c5d2176-74cd-443e-a1a3-3077b397463b___UF.GRC_YLCV_Lab 01929_final_masked.jpg,12
data/shared_subset/sbert/pv/Tomato_Septoria_leaf_spot/ba03e414-81d2-44ec-ab16-bf279266d531___Matt.S_CG 2697_final_masked.jpg,8
data/shared_subset/sbert/pv/Tomato_Early_blight_leaf/932fabe0-247e-4e51-92d3-cd824fc6bc5d___RS_Erly.B 9540_final_masked.jpg,7
data/shared_subset/sbert/pv/Tomato_leaf_late_blight/804a100c-1ef1-4178-9c2f-7468bcb484f3___GHLB2 Leaf 88_final_masked.jpg,10
data/shared_subset/sbert/pv/Squash_Powdery_mildew_leaf/ee7b9a26-6bc2-4181-bce5-52d219f5fec8___MD_Powd.M 1001_final_masked.jpg,6
data/shared_subset/sbert/pv/Tomato_leaf_bacterial_spot/e0c90a47-7d39-4bad-b6b2-b5ce16c9c95f___GCREC_Bact.Sp 5717_final_masked.jpg,9
data/shared_subset/sbert/pv/Tomato_Early_blight_leaf/30480c06-fc07-47f2-8059-51d08240aad8___RS_Erly.B 9528_final_masked.jpg,7
data/shared_subset/sbert/pv/Tomato_leaf_late_blight/bcdc5e5b-406b-4325-a0bd-d6b917ab7c41___RS_Late.B 6875_final_masked.jpg,10
data/shared_subset/sbert/pv/Bell_pepper_leaf_spot/20a9aed4-ba56-413d-b88d-f4491cf184b3___JR_B.Spot 3265_final_masked.jpg,3
data/shared_subset/sbert/pv/Tomato_leaf_late_blight/29f85d31-a9c2-404a-b7bc-9a5b9cd7aa88___RS_Late.B 5541_final_masked.jpg,10
data/shared_subset/sbert/pv/Tomato_leaf_yellow_virus/4729d4e2-59d3-4f41-b28b-788f9fb20e50___YLCV_GCREC 2754_final_masked.jpg,12
data/shared_subset/sbert/pv/Potato_leaf_early_blight/1367d3e9-74fe-4d61-ab24-dd389dcb5d54___RS_Early.B 8011_final_masked.jpg,4
data/shared_subset/sbert/pv/Squash_Powdery_mildew_leaf/3f48870b-d160-4fb5-86a8-d464930838cf___UMD_Powd.M 0301_final_masked.jpg,6
data/shared_subset/sbert/pv/Tomato_leaf_bacterial_spot/ebbef323-bca1-40de-987a-58d845856735___GCREC_Bact.Sp 5582_final_masked.jpg,9
data/shared_subset/sbert/pv/Tomato_leaf_yellow_virus/c5f8a9a0-69c2-4f9a-8665-b5bc8cf004fc___YLCV_NREC 2285_final_masked.jpg,12
data/shared_subset/sbert/pv/Tomato_Septoria_leaf_spot/5bf5bfc0-8efe-4f29-814d-c6e594af2ba2___Matt.S_CG 7844_final_masked.jpg,8
data/shared_subset/sbert/pv/Bell_pepper_leaf_spot/f896c5eb-0ec3-4480-bddc-10977b344277___NREC_B.Spot 1932_final_masked.jpg,3
data/shared_subset/sbert/pv/Squash_Powdery_mildew_leaf/b77e7cae-2590-4fb1-9b1c-535d16f96b90___UMD_Powd.M 9930_final_masked.jpg,6
data/shared_subset/sbert/pv/Tomato_leaf_late_blight/7fc8f2f2-874c-49d1-935b-06f2d044db8f___RS_Late.B 6451_final_masked.jpg,10
data/shared_subset/sbert/pv/Tomato_leaf_yellow_virus/0dbdab59-5915-41ac-8ba1-bae9b0ae726b___YLCV_NREC 2552_final_masked.jpg,12
data/shared_subset/sbert/pv/Tomato_leaf_late_blight/d67013bf-2462-4626-a4fa-e352e7d3008b___GHLB2ES Leaf 139.1_final_masked.jpg,10
data/shared_subset/sbert/pv/Bell_pepper_leaf/3959822d-97f0-4fff-8272-43e8471aaf60___JR_HL 7832_final_masked.jpg,2
data/shared_subset/sbert/pv/grape_leaf_black_rot/b055115b-4eb8-4126-9db9-94d48b97fa30___FAM_B.Rot 3620_final_masked.jpg,14
data/shared_subset/sbert/pv/Squash_Powdery_mildew_leaf/b9bdb26b-b3e8-4292-bda3-fe822436d8a2___MD_Powd.M 0100_final_masked.jpg,6
data/shared_subset/sbert/pv/Tomato_leaf_yellow_virus/1dfbb58c-b33a-4b2e-a5fa-5df40246e7e8___UF.GRC_YLCV_Lab 01421_final_masked.jpg,12
data/shared_subset/sbert/pv/Tomato_mold_leaf/a05d577d-ebe7-44e3-9ac0-e6e742e34f1a___Crnl_L.Mold 9164_final_masked.jpg,13
data/shared_subset/sbert/pv/grape_leaf_black_rot/f00f7ab3-5f23-4088-90e4-c6dcbb08333b___FAM_B.Rot 0588_final_masked.jpg,14
data/shared_subset/sbert/pv/Tomato_leaf_yellow_virus/803627e6-13fe-4e3e-8890-cd3c4bc9029c___UF.GRC_YLCV_Lab 02013_final_masked.jpg,12
data/shared_subset/sbert/pv/Squash_Powdery_mildew_leaf/68589e20-f1e6-450a-bd31-891bd2b45192___MD_Powd.M 0924_final_masked.jpg,6
data/shared_subset/sbert/pv/Potato_leaf_late_blight/145216a1-aab7-4f40-851d-a56c436ad0e3___RS_LB 2715_final_masked.jpg,5
data/shared_subset/sbert/pv/Tomato_leaf_yellow_virus/d08a1c48-3360-40e3-9c3d-e47c2812bed2___UF.GRC_YLCV_Lab 01920_final_masked.jpg,12
data/shared_subset/sbert/pv/Tomato_Septoria_leaf_spot/26696658-5564-47e2-9b51-c43cd872343a___Matt.S_CG 7765_final_masked.jpg,8
data/shared_subset/sbert/pv/Potato_leaf_late_blight/1b8f80ae-38a2-4d08-ae92-f80ff4459a73___RS_LB 2554_final_masked.jpg,5
data/shared_subset/sbert/pv/Tomato_leaf_yellow_virus/5c02af99-ff3f-44b5-b3af-6d698498b352___YLCV_GCREC 2363_final_masked.jpg,12
data/shared_subset/sbert/pv/Tomato_Early_blight_leaf/7b377a4c-886c-46c5-8a57-a636cc47c9a8___RS_Erly.B 6475_final_masked.jpg,7
data/shared_subset/sbert/pv/Tomato_leaf_late_blight/0c73c79f-a384-4729-83c7-72c9b04da20c___GHLB2 Leaf 8927_final_masked.jpg,10
data/shared_subset/sbert/pv/Tomato_leaf_yellow_virus/2e1e49f3-cca2-46dc-8f0d-96110684b7f6___YLCV_GCREC 2573_final_masked.jpg,12
data/shared_subset/sbert/pv/Tomato_leaf_yellow_virus/75c01936-f1e8-4e56-a08d-69e730835320___UF.GRC_YLCV_Lab 02072_final_masked.jpg,12
data/shared_subset/sbert/pv/Tomato_Septoria_leaf_spot/b5a7ad4c-1b76-4dda-862a-c6d6b9d28d90___Matt.S_CG 2443_final_masked.jpg,8
data/shared_subset/sbert/pv/Tomato_leaf_yellow_virus/7449e813-fc4b-419b-bd3b-c22ca0c4de3e___YLCV_GCREC 2877_final_masked.jpg,12
data/shared_subset/sbert/pv/Tomato_leaf_bacterial_spot/a2458c0c-9032-4843-ac16-e12559e382ea___GCREC_Bact.Sp 5765_final_masked.jpg,9
data/shared_subset/sbert/pv/Tomato_leaf_yellow_virus/4b2cf9f5-73eb-447d-ac4e-cfab8a228eb9___YLCV_GCREC 2158_final_masked.jpg,12
data/shared_subset/sbert/pv/Tomato_leaf_yellow_virus/a9fb17c5-1fc0-45ec-a215-83cbb5dffa39___YLCV_NREC 2946_final_masked.jpg,12
data/shared_subset/sbert/pv/Tomato_leaf_yellow_virus/b8fd5126-923a-4ed7-b978-e7d94bb065b4___YLCV_GCREC 2194_final_masked.jpg,12
data/shared_subset/sbert/pv/Tomato_leaf_yellow_virus/590342fa-552b-4630-b350-632a3a0566ec___YLCV_NREC 0199_final_masked.jpg,12
data/shared_subset/sbert/pv/Tomato_leaf_late_blight/5a701380-2b9d-4dc4-9376-56ff0361a1dd___GHLB2 Leaf 8871_final_masked.jpg,10
data/shared_subset/sbert/pv/Bell_pepper_leaf/b6220cf3-e18d-4303-a7ed-cf60570bed93___JR_HL 5814_final_masked.jpg,2
data/shared_subset/sbert/pv/Tomato_leaf_yellow_virus/ec439892-e011-4aab-9e83-dc7464af8974___YLCV_NREC 2621_final_masked.jpg,12
data/shared_subset/sbert/pv/Tomato_leaf_yellow_virus/00139ae8-d881-4edb-925f-46584b0bd68c___YLCV_NREC 2944_final_masked.jpg,12
data/shared_subset/sbert/pv/Tomato_leaf_yellow_virus/40e7fe81-36f4-4810-ac4b-5d0da240880f___UF.GRC_YLCV_Lab 02864_final_masked.jpg,12
data/shared_subset/sbert/pv/Tomato_Septoria_leaf_spot/2eb010be-cfb9-40cf-9b69-0521e5ecf2a1___Matt.S_CG 1263_final_masked.jpg,8
data/shared_subset/sbert/pv/Tomato_leaf_yellow_virus/dfb954cb-5f24-40da-b6e6-f1afb138a115___YLCV_NREC 2326_final_masked.jpg,12
data/shared_subset/sbert/pv/Squash_Powdery_mildew_leaf/4832475f-73ff-47a5-bb2d-79dcf8abd03a___MD_Powd.M 0418_final_masked.jpg,6
data/shared_subset/sbert/pv/Tomato_leaf_bacterial_spot/e818ebcc-f37e-41c7-beae-0cb76e113a36___UF.GRC_BS_Lab Leaf 8705_final_masked.jpg,9
data/shared_subset/sbert/pv/Tomato_mold_leaf/d662ce55-855f-4af0-84ef-6e0d9e5e468a___Crnl_L.Mold 6586_final_masked.jpg,13
data/shared_subset/sbert/pv/Tomato_leaf_yellow_virus/10239cd2-1e83-45d0-b40d-816316d705d4___YLCV_GCREC 2393_final_masked.jpg,12
data/shared_subset/sbert/pv/Squash_Powdery_mildew_leaf/05bf7f41-f81b-4fa3-a9bb-86bd3f43819a___UMD_Powd.M 0431_final_masked.jpg,6
data/shared_subset/sbert/pv/Potato_leaf_late_blight/44112cb9-7423-4983-bb9a-cb32e3ea9ac3___RS_LB 2793_final_masked.jpg,5
data/shared_subset/sbert/pv/Tomato_leaf_late_blight/4bf424a2-b275-4ac0-968c-fe229136f10d___GHLB_PS Leaf 2.5 Day 16_final_masked.jpg,10
data/shared_subset/sbert/pv/Tomato_Early_blight_leaf/eccf8abf-a178-464f-ba55-1d203f5f8a47___RS_Erly.B 6395_final_masked.jpg,7
data/shared_subset/sbert/pv/Tomato_leaf_late_blight/914e1c39-d7e1-4b6e-83be-254ab705746b___GHLB2 Leaf 101.3_final_masked.jpg,10
data/shared_subset/sbert/pv/Potato_leaf_early_blight/5caecfc6-8e1d-401b-8014-763dec01cb98___RS_Early.B 8063_final_masked.jpg,4
data/shared_subset/sbert/pv/Tomato_leaf_yellow_virus/8e2f397f-3ebe-4b51-964b-e5d5372e0a8b___UF.GRC_YLCV_Lab 02095_final_masked.jpg,12
data/shared_subset/sbert/pv/Bell_pepper_leaf/6ede0514-f306-48fd-ba90-efb0ac8f28dd___JR_HL 8195_final_masked.jpg,2
data/shared_subset/sbert/pv/Tomato_Early_blight_leaf/ba789eab-7c04-4012-b8fa-98106b20b50c___RS_Erly.B 7771_final_masked.jpg,7
data/shared_subset/sbert/pv/Tomato_Septoria_leaf_spot/15c00319-bd7f-45ef-9142-9295a62d701b___Matt.S_CG 0769_final_masked.jpg,8
data/shared_subset/sbert/pv/Apple_rust_leaf/f6af5eb5-6338-48a2-8b23-c7143b7f4a62___FREC_C.Rust 0016_final_masked.jpg,1
data/shared_subset/sbert/pv/Potato_leaf_late_blight/96879d98-11ca-40c7-9708-9ca8f235f407___RS_LB 2739_final_masked.jpg,5
data/shared_subset/sbert/pv/Tomato_leaf_yellow_virus/06485576-7a6f-468b-b35d-f4473897fc84___UF.GRC_YLCV_Lab 01485_final_masked.jpg,12
data/shared_subset/sbert/pv/Tomato_leaf_bacterial_spot/f53766e3-96bc-469d-b566-929bfd1ca4de___GCREC_Bact.Sp 3442_final_masked.jpg,9
data/shared_subset/sbert/pv/Tomato_leaf_bacterial_spot/2c11cd9f-5a64-49eb-91ba-63a7188c8eb7___GCREC_Bact.Sp 5926_final_masked.jpg,9
data/shared_subset/sbert/pv/Tomato_leaf_yellow_virus/31d70d89-c1d5-45ab-8b06-76a3f4b8e403___YLCV_NREC 2181_final_masked.jpg,12
data/shared_subset/sbert/pv/Tomato_Septoria_leaf_spot/5b1c13ef-e560-4479-869c-8d52ac4cf559___JR_Sept.L.S 2517_final_masked.jpg,8
data/shared_subset/sbert/pv/Tomato_leaf_mosaic_virus/43f4bccf-0e70-479a-9880-5523f8ffbe9b___PSU_CG 2367_final_masked.jpg,11
data/shared_subset/sbert/pv/Tomato_leaf_yellow_virus/0ca720d9-bea9-4ae0-ae2c-11d58f58cd1c___YLCV_NREC 2931_final_masked.jpg,12
data/shared_subset/sbert/pv/Tomato_leaf_late_blight/22a34aab-076c-4e49-a584-9377c07b45aa___RS_Late.B 4866_final_masked.jpg,10
data/shared_subset/sbert/pv/Tomato_leaf_yellow_virus/8b3eaa8d-837b-4b67-b950-33c93aebd824___UF.GRC_YLCV_Lab 09368_final_masked.jpg,12
data/shared_subset/sbert/pv/Squash_Powdery_mildew_leaf/dbbf68c7-faea-4c7b-8d4e-bcc7cf036fa8___MD_Powd.M 9973_final_masked.jpg,6
data/shared_subset/sbert/pv/Tomato_leaf_bacterial_spot/e39108c9-61e6-405a-bad1-84f0d1fbb25b___GCREC_Bact.Sp 5915_final_masked.jpg,9
data/shared_subset/sbert/pv/Potato_leaf_late_blight/4215b9d5-c554-4249-80e1-aeaf2106e966___RS_LB 2977_final_masked.jpg,5
data/shared_subset/sbert/pv/Tomato_Septoria_leaf_spot/b2fde426-21a4-4478-aa90-2924a65948d9___Matt.S_CG 7698_final_masked.jpg,8
data/shared_subset/sbert/pv/Bell_pepper_leaf_spot/8485adde-4e43-4c10-a9b1-be320de27869___NREC_B.Spot 9164_final_masked.jpg,3
data/shared_subset/sbert/pv/Tomato_mold_leaf/4541dd58-9728-4492-8729-f4f174d774ac___Crnl_L.Mold 8992_final_masked.jpg,13
data/shared_subset/sbert/pv/Squash_Powdery_mildew_leaf/0b6c2fae-c193-4993-9a4b-6369447ba3b3___MD_Powd.M 0159_final_masked.jpg,6
data/shared_subset/sbert/pv/Squash_Powdery_mildew_leaf/a2d18690-fc2f-4544-81a4-20b315fe992d___UMD_Powd.M 0405_final_masked.jpg,6
data/shared_subset/sbert/pv/Apple_Scab_Leaf/f9e4b1bc-36b0-40df-bb48-4e6ed48ec8b5___FREC_Scab 3514_final_masked.jpg,0
data/shared_subset/sbert/pv/Tomato_Septoria_leaf_spot/b176a644-d8ac-4bdd-9d6b-e4038ce910ac___Matt.S_CG 6914_final_masked.jpg,8
data/shared_subset/sbert/pv/Tomato_leaf_yellow_virus/6518141d-67a2-4c39-bdeb-cd7121bdb9e0___YLCV_GCREC 2891_final_masked.jpg,12
data/shared_subset/sbert/pv/Tomato_leaf_yellow_virus/338f5a1b-0b1d-40f4-8ab2-1430ef29b5e9___YLCV_GCREC 2678_final_masked.jpg,12
data/shared_subset/sbert/pv/Tomato_leaf_bacterial_spot/bd7ff95f-02e5-491a-8bf9-5f2ac2277e7c___UF.GRC_BS_Lab Leaf 0932_final_masked.jpg,9
data/shared_subset/sbert/pv/Squash_Powdery_mildew_leaf/484661a9-375f-4d23-8b10-74db69e30d3f___MD_Powd.M 0701_final_masked.jpg,6
data/shared_subset/sbert/pv/Squash_Powdery_mildew_leaf/f7f18a4b-282f-4c0f-a39c-c3ed336a21fe___MD_Powd.M 1047_final_masked.jpg,6
data/shared_subset/sbert/pv/Tomato_Septoria_leaf_spot/2b400c69-36a9-4b78-90a0-3702cd38c896___Matt.S_CG 6876_final_masked.jpg,8
data/shared_subset/sbert/pv/Tomato_Septoria_leaf_spot/d47bf62b-98b7-434a-881f-0ad1db20315c___Matt.S_CG 6753_final_masked.jpg,8
data/shared_subset/sbert/pv/Tomato_mold_leaf/241287d9-30c8-4463-999c-821fd32ba894___Crnl_L.Mold 6583_final_masked.jpg,13
data/shared_subset/sbert/pv/Tomato_leaf_bacterial_spot/1695eefb-cffc-4dac-b7ae-40f34ad9c5db___GCREC_Bact.Sp 3065_final_masked.jpg,9
data/shared_subset/sbert/pv/Tomato_leaf_yellow_virus/f9217eb8-cb8c-4464-9880-54319429d714___UF.GRC_YLCV_Lab 02710_final_masked.jpg,12
data/shared_subset/sbert/pv/Tomato_mold_leaf/0a555f63-bf03-4958-8993-e1932b8dce9f___Crnl_L.Mold 9064_final_masked.jpg,13
data/shared_subset/sbert/pv/Tomato_leaf_yellow_virus/c7553db4-6241-4e27-b7a0-c423b2b62821___YLCV_GCREC 5329_final_masked.jpg,12
data/shared_subset/sbert/pv/Tomato_leaf_yellow_virus/9b43fb49-5c1a-4ee0-85d7-4752990dbd96___YLCV_GCREC 2892_final_masked.jpg,12
data/shared_subset/sbert/pv/Tomato_leaf_bacterial_spot/662555e4-c996-4945-8294-6e9dab37a80a___GCREC_Bact.Sp 5772_final_masked.jpg,9
data/shared_subset/sbert/pv/Tomato_leaf_yellow_virus/a52cd19b-99e6-495e-bd59-c8695a0b3d17___YLCV_GCREC 5256_final_masked.jpg,12
data/shared_subset/sbert/pv/Tomato_leaf_yellow_virus/81a7b0d8-0e23-474e-8e3a-1d133a52de97___YLCV_GCREC 2575_final_masked.jpg,12
data/shared_subset/sbert/pv/Tomato_leaf_yellow_virus/89342400-1fb6-4438-a128-7eecb1ec7c21___UF.GRC_YLCV_Lab 09565_final_masked.jpg,12
data/shared_subset/sbert/pv/Tomato_Early_blight_leaf/b7b39e7d-16ca-4b55-9b3a-9bd68b746055___RS_Erly.B 7386_final_masked.jpg,7
data/shared_subset/sbert/pv/Bell_pepper_leaf/28e50a98-883a-418d-bbcb-01b8e44a11b5___JR_HL 8160_final_masked.jpg,2
data/shared_subset/sbert/pv/Tomato_Septoria_leaf_spot/e9fa8424-f050-4541-ab57-7d5853f3716c___JR_Sept.L.S 2545_final_masked.jpg,8
data/shared_subset/sbert/pv/Tomato_leaf_bacterial_spot/8731c86e-26c5-4c48-8b07-28abbda69a1b___GCREC_Bact.Sp 3183_final_masked.jpg,9
data/shared_subset/sbert/pv/Tomato_leaf_bacterial_spot/e6a975f7-b2f0-4dec-b360-c944abd984da___GCREC_Bact.Sp 3249_final_masked.jpg,9
data/shared_subset/sbert/pv/Bell_pepper_leaf/08203033-de6c-41fc-b5d2-ea5d3ac9da4f___JR_HL 5854_final_masked.jpg,2
data/shared_subset/sbert/pv/Potato_leaf_late_blight/df0f75cf-febd-4fde-84a0-7c4da9f97fd2___RS_LB 2534_final_masked.jpg,5
data/shared_subset/sbert/pv/grape_leaf_black_rot/1e3a2734-e21c-438e-a344-935d8d2129f7___FAM_B.Rot 5063_final_masked.jpg,14
data/shared_subset/sbert/pv/Tomato_Early_blight_leaf/c9ff37ca-a310-49ad-8978-0913b3c55f58___RS_Erly.B 7714_final_masked.jpg,7
data/shared_subset/sbert/pv/Tomato_Early_blight_leaf/d204ed67-ae0c-40fa-84a4-0e7ef9bca62d___RS_Erly.B 8432_final_masked.jpg,7
data/shared_subset/sbert/pv/Tomato_Early_blight_leaf/9302786b-4392-4e54-a7a1-c6c39043caaf___RS_Erly.B 8329_final_masked.jpg,7
data/shared_subset/sbert/pv/Tomato_leaf_bacterial_spot/eef753ba-cf26-427c-90f7-1ec9daf6afe8___GCREC_Bact.Sp 3383_final_masked.jpg,9
data/shared_subset/sbert/pv/Squash_Powdery_mildew_leaf/5b9ab94b-4f68-432b-8712-27415f8a4969___MD_Powd.M 1068_final_masked.jpg,6
data/shared_subset/sbert/pv/Tomato_leaf_yellow_virus/51da3ac0-c6e6-4895-ad69-57cddb2d9af8___YLCV_NREC 2900_final_masked.jpg,12
data/shared_subset/sbert/pv/Tomato_leaf_yellow_virus/e321a12f-3127-47f5-9f14-7388670a0599___YLCV_NREC 2677_final_masked.jpg,12
data/shared_subset/sbert/pv/Tomato_leaf_yellow_virus/28d69631-a796-49b8-8213-2e17e48a09c4___YLCV_GCREC 5221_final_masked.jpg,12
data/shared_subset/sbert/pv/Tomato_mold_leaf/0ee63bfa-d01f-4adb-b954-924f271a4d4f___Crnl_L.Mold 9022_final_masked.jpg,13
data/shared_subset/sbert/pv/Tomato_leaf_yellow_virus/b7deeb06-a695-4ecb-9774-d219ecb94434___YLCV_GCREC 5243_final_masked.jpg,12
data/shared_subset/sbert/pv/Tomato_Early_blight_leaf/8647963f-aacb-44f3-82bc-fa749bc65694___RS_Erly.B 6391_final_masked.jpg,7
data/shared_subset/sbert/pv/Potato_leaf_early_blight/99d75573-472e-4f57-ab82-b49b78853d03___RS_Early.B 7847_final_masked.jpg,4
data/shared_subset/sbert/pv/Tomato_leaf_yellow_virus/33a21d8f-cd67-4923-96a3-8b605a88a550___YLCV_NREC 2528_final_masked.jpg,12
data/shared_subset/sbert/pv/Bell_pepper_leaf/1fdbead6-97f6-4712-8c5e-2a1285e1e777___JR_HL 8681_final_masked.jpg,2
data/shared_subset/sbert/pv/grape_leaf_black_rot/fc4a5f21-0d08-479d-b506-2d5eae6d0ac1___FAM_B.Rot 3358_final_masked.jpg,14
data/shared_subset/sbert/pv/Tomato_leaf_yellow_virus/7c2eeadd-b0fe-4064-a6ee-7c33159396aa___YLCV_GCREC 5355_final_masked.jpg,12
data/shared_subset/sbert/pv/Potato_leaf_late_blight/b11189c8-ab6f-4d69-9ffa-e52749d2a3a5___RS_LB 4537_final_masked.jpg,5
data/shared_subset/sbert/pv/Tomato_leaf_yellow_virus/cbbbe636-6062-41fd-b130-94f1e4aa51a7___UF.GRC_YLCV_Lab 01896_final_masked.jpg,12
data/shared_subset/sbert/pv/Tomato_leaf_late_blight/d63c86b6-4cd6-4982-b12c-c770ce2a2ef3___RS_Late.B 6574_final_masked.jpg,10
data/shared_subset/sbert/pv/Apple_rust_leaf/d64bd246-5ab0-4b1e-b522-3f69668214d1___FREC_C.Rust 4290_final_masked.jpg,1
data/shared_subset/sbert/pv/Potato_leaf_early_blight/82cdc0bb-ac22-429d-ad70-2ec0d771dd39___RS_Early.B 7405_final_masked.jpg,4
data/shared_subset/sbert/pv/Tomato_leaf_yellow_virus/d1839a8f-9a10-4d82-a2d3-8a1847550610___YLCV_NREC 2909_final_masked.jpg,12
data/shared_subset/sbert/pv/Tomato_mold_leaf/d31448f3-312d-4f30-bb39-c1045b1df616___Crnl_L.Mold 6807_final_masked.jpg,13
data/shared_subset/sbert/pv/Bell_pepper_leaf/f5c4ed36-b760-41c8-9ce3-60f0e1b0f068___JR_HL 5871_final_masked.jpg,2
data/shared_subset/sbert/pv/Tomato_leaf_late_blight/31ba9bec-b1f2-49ee-b531-df197dc83ac5___GHLB2 Leaf 116_final_masked.jpg,10
data/shared_subset/sbert/pv/grape_leaf_black_rot/671c5fce-9cae-430f-b798-d7ff4a859773___FAM_B.Rot 3125_final_masked.jpg,14
data/shared_subset/sbert/pv/Potato_leaf_late_blight/4a911e79-f9c0-4ba1-aa80-567d653df61c___RS_LB 4038_final_masked.jpg,5
data/shared_subset/sbert/pv/Tomato_leaf_yellow_virus/eff5b4c8-5688-482f-86a1-50ed4d18a850___YLCV_GCREC 2049_final_masked.jpg,12
data/shared_subset/sbert/pv/Tomato_leaf_yellow_virus/cca8d93a-df81-443f-af4c-30671add2435___UF.GRC_YLCV_Lab 08447_final_masked.jpg,12
data/shared_subset/sbert/pv/Tomato_leaf_yellow_virus/895054c9-59f6-4f3d-bb72-ac216be117eb___YLCV_GCREC 5204_final_masked.jpg,12
data/shared_subset/sbert/pv/Tomato_leaf_late_blight/b6a42b14-eb81-4e7b-9ca7-be9bed86c3b8___GHLB Leaf 1.5 Day 12_final_masked.jpg,10
data/shared_subset/sbert/pv/Bell_pepper_leaf_spot/a3736622-1bd1-4e57-8aa0-2b8ed898c2a4___NREC_B.Spot 9095_final_masked.jpg,3
data/shared_subset/sbert/pv/Tomato_leaf_yellow_virus/f9690dd2-52b0-4020-82e0-ecd3580e3b87___YLCV_GCREC 2072_final_masked.jpg,12
data/shared_subset/sbert/pv/grape_leaf_black_rot/89363770-e815-4dea-836e-969abbd0cb4c___FAM_B.Rot 0625_final_masked.jpg,14
data/shared_subset/sbert/pv/Tomato_leaf_mosaic_virus/0a91f50b-1263-4b2c-a8c1-f2a6025b82f3___PSU_CG 2136_final_masked.jpg,11
data/shared_subset/sbert/pv/Tomato_leaf_yellow_virus/5fb1825f-7648-4cea-a1b4-13c702735f3b___YLCV_GCREC 1937_final_masked.jpg,12
data/shared_subset/sbert/pv/Tomato_leaf_yellow_virus/163157d0-4fa7-451f-a86b-af06e3e456bd___YLCV_NREC 2901_final_masked.jpg,12
data/shared_subset/sbert/pv/Tomato_leaf_bacterial_spot/602448f7-1b22-4675-a26a-3024bf147348___GCREC_Bact.Sp 6155_final_masked.jpg,9
data/shared_subset/sbert/pv/Squash_Powdery_mildew_leaf/93269ad1-7198-44c0-9218-5fed8922f7df___UMD_Powd.M 0576_final_masked.jpg,6
data/shared_subset/sbert/pv/Potato_leaf_early_blight/5fa695b2-89f6-4c5e-b62f-2be61e2ad23a___RS_Early.B 7232_final_masked.jpg,4
data/shared_subset/sbert/pv/Tomato_leaf_late_blight/4e634785-ec5c-43b9-a352-9c9deb88b117___RS_Late.B 7095_final_masked.jpg,10
data/shared_subset/sbert/pv/Tomato_Septoria_leaf_spot/e5f6243e-0355-4cf2-b5aa-038ec1602a9f___JR_Sept.L.S 2505_final_masked.jpg,8
